benchmark,solver,seconds,passed,returncode,order_index,first_line
/Users/e35480/git/kn-yices2-2/tests/regress/bv/crazy.smt2,esat-2007,0.010035,1,0,0,unsat
/Users/e35480/git/kn-yices2-2/tests/regress/bv/crazy.smt2,vanilla-yices2,0.008576,1,0,1,unsat
/Users/e35480/git/kn-yices2-2/tests/regress/bv/issue124.smt2,vanilla-yices2,0.005668,1,0,0,sat
/Users/e35480/git/kn-yices2-2/tests/regress/bv/issue124.smt2,esat-2007,0.004564,1,0,1,sat
/Users/e35480/git/kn-yices2-2/tests/regress/bv/issue126.smt2,esat-2007,0.006364,1,0,0,sat
/Users/e35480/git/kn-yices2-2/tests/regress/bv/issue126.smt2,vanilla-yices2,0.007052,1,0,1,sat
/Users/e35480/git/kn-yices2-2/tests/regress/bv/issue139.smt2,vanilla-yices2,0.004718,1,0,0,sat
/Users/e35480/git/kn-yices2-2/tests/regress/bv/issue139.smt2,esat-2007,0.004533,1,0,1,sat
/Users/e35480/git/kn-yices2-2/tests/regress/bv/issue146.smt2,esat-2007,0.005100,1,0,0,unsat
/Users/e35480/git/kn-yices2-2/tests/regress/bv/issue146.smt2,vanilla-yices2,0.004466,1,0,1,unsat
/Users/e35480/git/kn-yices2-2/tests/regress/bv/issue146a.smt2,vanilla-yices2,0.004641,1,0,0,unsat
/Users/e35480/git/kn-yices2-2/tests/regress/bv/issue146a.smt2,esat-2007,0.005079,1,0,1,unsat
/Users/e35480/git/kn-yices2-2/tests/regress/bv/issue159b.smt2,esat-2007,0.005357,1,0,0,sat
/Users/e35480/git/kn-yices2-2/tests/regress/bv/issue159b.smt2,vanilla-yices2,0.004768,1,0,1,sat
/Users/e35480/git/kn-yices2-2/tests/regress/bv/issue159c.smt2,vanilla-yices2,0.005460,1,0,0,sat
/Users/e35480/git/kn-yices2-2/tests/regress/bv/issue159c.smt2,esat-2007,0.005920,1,0,1,sat
/Users/e35480/git/kn-yices2-2/tests/regress/bv/issue178.smt2,esat-2007,0.005204,1,0,0,unsat
/Users/e35480/git/kn-yices2-2/tests/regress/bv/issue178.smt2,vanilla-yices2,0.005368,1,0,1,unsat
/Users/e35480/git/kn-yices2-2/tests/regress/bv/issue178b.smt2,vanilla-yices2,0.005711,1,0,0,sat
/Users/e35480/git/kn-yices2-2/tests/regress/bv/issue178b.smt2,esat-2007,0.004785,1,0,1,sat
/Users/e35480/git/kn-yices2-2/tests/regress/bv/issue190.smt2,esat-2007,0.004805,1,0,0,sat
/Users/e35480/git/kn-yices2-2/tests/regress/bv/issue190.smt2,vanilla-yices2,0.004859,1,0,1,sat
/Users/e35480/git/kn-yices2-2/tests/regress/bv/issue190b.smt2,vanilla-yices2,0.004615,1,0,0,unsat
/Users/e35480/git/kn-yices2-2/tests/regress/bv/issue190b.smt2,esat-2007,0.004589,1,0,1,unsat
/Users/e35480/git/kn-yices2-2/tests/regress/bv/stanek.smt2,esat-2007,0.005152,1,0,0,sat
/Users/e35480/git/kn-yices2-2/tests/regress/bv/stanek.smt2,vanilla-yices2,0.004822,1,0,1,sat
/Users/e35480/git/kn-yices2-2/tests/regress/coverage/random/QF_AUFBV/03267bc0.smt2,vanilla-yices2,0.004755,1,0,0,unsat
/Users/e35480/git/kn-yices2-2/tests/regress/coverage/random/QF_AUFBV/03267bc0.smt2,esat-2007,0.005475,1,0,1,unsat
/Users/e35480/git/kn-yices2-2/tests/regress/coverage/random/QF_AUFBV/0c1da194.smt2,esat-2007,0.005810,1,0,0,sat
/Users/e35480/git/kn-yices2-2/tests/regress/coverage/random/QF_AUFBV/0c1da194.smt2,vanilla-yices2,0.005537,1,0,1,sat
/Users/e35480/git/kn-yices2-2/tests/regress/coverage/random/QF_AUFBV/0d3e9e08.smt2,vanilla-yices2,0.006419,1,0,0,unsat
/Users/e35480/git/kn-yices2-2/tests/regress/coverage/random/QF_AUFBV/0d3e9e08.smt2,esat-2007,0.005743,1,0,1,unsat
/Users/e35480/git/kn-yices2-2/tests/regress/coverage/random/QF_AUFBV/0deb358e.smt2,esat-2007,0.004731,1,0,0,sat
/Users/e35480/git/kn-yices2-2/tests/regress/coverage/random/QF_AUFBV/0deb358e.smt2,vanilla-yices2,0.005221,1,0,1,sat
/Users/e35480/git/kn-yices2-2/tests/regress/coverage/random/QF_AUFBV/0e4fd0ab.smt2,vanilla-yices2,0.004954,1,0,0,unsat
/Users/e35480/git/kn-yices2-2/tests/regress/coverage/random/QF_AUFBV/0e4fd0ab.smt2,esat-2007,0.005058,1,0,1,unsat
/Users/e35480/git/kn-yices2-2/tests/regress/coverage/random/QF_AUFBV/0f7adf1b.smt2,esat-2007,0.005375,1,0,0,unsat
/Users/e35480/git/kn-yices2-2/tests/regress/coverage/random/QF_AUFBV/0f7adf1b.smt2,vanilla-yices2,0.004708,1,0,1,unsat
/Users/e35480/git/kn-yices2-2/tests/regress/coverage/random/QF_AUFBV/172f87c4.smt2,vanilla-yices2,0.005190,1,0,0,sat
/Users/e35480/git/kn-yices2-2/tests/regress/coverage/random/QF_AUFBV/172f87c4.smt2,esat-2007,0.005829,1,0,1,sat
/Users/e35480/git/kn-yices2-2/tests/regress/coverage/random/QF_AUFBV/1749e158.smt2,esat-2007,0.007879,1,0,0,sat
/Users/e35480/git/kn-yices2-2/tests/regress/coverage/random/QF_AUFBV/1749e158.smt2,vanilla-yices2,0.007833,1,0,1,sat
/Users/e35480/git/kn-yices2-2/tests/regress/coverage/random/QF_AUFBV/1a53f5d8.smt2,vanilla-yices2,0.006933,1,0,0,sat
/Users/e35480/git/kn-yices2-2/tests/regress/coverage/random/QF_AUFBV/1a53f5d8.smt2,esat-2007,0.006156,1,0,1,sat
/Users/e35480/git/kn-yices2-2/tests/regress/coverage/random/QF_AUFBV/1bf8253b.smt2,esat-2007,0.005401,1,0,0,unsat
/Users/e35480/git/kn-yices2-2/tests/regress/coverage/random/QF_AUFBV/1bf8253b.smt2,vanilla-yices2,0.004507,1,0,1,unsat
/Users/e35480/git/kn-yices2-2/tests/regress/coverage/random/QF_AUFBV/1ff1f7d4.smt2,vanilla-yices2,0.004879,1,0,0,sat
/Users/e35480/git/kn-yices2-2/tests/regress/coverage/random/QF_AUFBV/1ff1f7d4.smt2,esat-2007,0.005707,1,0,1,sat
/Users/e35480/git/kn-yices2-2/tests/regress/coverage/random/QF_AUFBV/22770ca2.smt2,esat-2007,0.010684,1,0,0,sat
/Users/e35480/git/kn-yices2-2/tests/regress/coverage/random/QF_AUFBV/22770ca2.smt2,vanilla-yices2,0.010891,1,0,1,sat
/Users/e35480/git/kn-yices2-2/tests/regress/coverage/random/QF_AUFBV/2668e3c6.smt2,vanilla-yices2,0.028344,1,0,0,sat
/Users/e35480/git/kn-yices2-2/tests/regress/coverage/random/QF_AUFBV/2668e3c6.smt2,esat-2007,0.028871,1,0,1,sat
/Users/e35480/git/kn-yices2-2/tests/regress/coverage/random/QF_AUFBV/270b8368.smt2,esat-2007,0.007719,1,0,0,unsat
/Users/e35480/git/kn-yices2-2/tests/regress/coverage/random/QF_AUFBV/270b8368.smt2,vanilla-yices2,0.005350,1,0,1,unsat
/Users/e35480/git/kn-yices2-2/tests/regress/coverage/random/QF_AUFBV/2ab0e766.smt2,vanilla-yices2,0.004958,1,0,0,unsat
/Users/e35480/git/kn-yices2-2/tests/regress/coverage/random/QF_AUFBV/2ab0e766.smt2,esat-2007,0.004551,1,0,1,unsat
/Users/e35480/git/kn-yices2-2/tests/regress/coverage/random/QF_AUFBV/2c76de8a.smt2,esat-2007,0.006702,1,0,0,sat
/Users/e35480/git/kn-yices2-2/tests/regress/coverage/random/QF_AUFBV/2c76de8a.smt2,vanilla-yices2,0.007285,1,0,1,sat
/Users/e35480/git/kn-yices2-2/tests/regress/coverage/random/QF_AUFBV/2e866d45.smt2,vanilla-yices2,0.004791,1,0,0,unsat
/Users/e35480/git/kn-yices2-2/tests/regress/coverage/random/QF_AUFBV/2e866d45.smt2,esat-2007,0.004787,1,0,1,unsat
/Users/e35480/git/kn-yices2-2/tests/regress/coverage/random/QF_AUFBV/32954475.smt2,esat-2007,0.006992,1,0,0,sat
/Users/e35480/git/kn-yices2-2/tests/regress/coverage/random/QF_AUFBV/32954475.smt2,vanilla-yices2,0.006213,1,0,1,sat
/Users/e35480/git/kn-yices2-2/tests/regress/coverage/random/QF_AUFBV/37357a34.smt2,vanilla-yices2,0.005575,1,0,0,sat
/Users/e35480/git/kn-yices2-2/tests/regress/coverage/random/QF_AUFBV/37357a34.smt2,esat-2007,0.005592,1,0,1,sat
/Users/e35480/git/kn-yices2-2/tests/regress/coverage/random/QF_AUFBV/39328554.smt2,esat-2007,0.004740,1,0,0,unsat
/Users/e35480/git/kn-yices2-2/tests/regress/coverage/random/QF_AUFBV/39328554.smt2,vanilla-yices2,0.004816,1,0,1,unsat
/Users/e35480/git/kn-yices2-2/tests/regress/coverage/random/QF_AUFBV/3eae32b4.smt2,vanilla-yices2,0.006024,1,0,0,sat
/Users/e35480/git/kn-yices2-2/tests/regress/coverage/random/QF_AUFBV/3eae32b4.smt2,esat-2007,0.005222,1,0,1,sat
/Users/e35480/git/kn-yices2-2/tests/regress/coverage/random/QF_AUFBV/41594ca5.smt2,esat-2007,0.008495,1,0,0,sat
/Users/e35480/git/kn-yices2-2/tests/regress/coverage/random/QF_AUFBV/41594ca5.smt2,vanilla-yices2,0.008974,1,0,1,sat
/Users/e35480/git/kn-yices2-2/tests/regress/coverage/random/QF_AUFBV/43176631.smt2,vanilla-yices2,0.005893,1,0,0,unsat
/Users/e35480/git/kn-yices2-2/tests/regress/coverage/random/QF_AUFBV/43176631.smt2,esat-2007,0.005262,1,0,1,unsat
/Users/e35480/git/kn-yices2-2/tests/regress/coverage/random/QF_AUFBV/49f9b014.smt2,esat-2007,0.005511,1,0,0,sat
/Users/e35480/git/kn-yices2-2/tests/regress/coverage/random/QF_AUFBV/49f9b014.smt2,vanilla-yices2,0.006177,1,0,1,sat
/Users/e35480/git/kn-yices2-2/tests/regress/coverage/random/QF_AUFBV/4b81b738.smt2,vanilla-yices2,0.005487,1,0,0,sat
/Users/e35480/git/kn-yices2-2/tests/regress/coverage/random/QF_AUFBV/4b81b738.smt2,esat-2007,0.005141,1,0,1,sat
/Users/e35480/git/kn-yices2-2/tests/regress/coverage/random/QF_AUFBV/5170b14e.smt2,esat-2007,0.005285,1,0,0,sat
/Users/e35480/git/kn-yices2-2/tests/regress/coverage/random/QF_AUFBV/5170b14e.smt2,vanilla-yices2,0.004567,1,0,1,sat
/Users/e35480/git/kn-yices2-2/tests/regress/coverage/random/QF_AUFBV/52a258ec.smt2,vanilla-yices2,0.004541,1,0,0,unsat
/Users/e35480/git/kn-yices2-2/tests/regress/coverage/random/QF_AUFBV/52a258ec.smt2,esat-2007,0.004862,1,0,1,unsat
/Users/e35480/git/kn-yices2-2/tests/regress/coverage/random/QF_AUFBV/53dcff33.smt2,esat-2007,0.005473,1,0,0,unsat
/Users/e35480/git/kn-yices2-2/tests/regress/coverage/random/QF_AUFBV/53dcff33.smt2,vanilla-yices2,0.004682,1,0,1,unsat
/Users/e35480/git/kn-yices2-2/tests/regress/coverage/random/QF_AUFBV/57777460.smt2,vanilla-yices2,0.004937,1,0,0,unsat
/Users/e35480/git/kn-yices2-2/tests/regress/coverage/random/QF_AUFBV/57777460.smt2,esat-2007,0.005428,1,0,1,unsat
/Users/e35480/git/kn-yices2-2/tests/regress/coverage/random/QF_AUFBV/586bb135.smt2,esat-2007,0.004883,1,0,0,unsat
/Users/e35480/git/kn-yices2-2/tests/regress/coverage/random/QF_AUFBV/586bb135.smt2,vanilla-yices2,0.004843,1,0,1,unsat
/Users/e35480/git/kn-yices2-2/tests/regress/coverage/random/QF_AUFBV/5ae9e4e7.smt2,vanilla-yices2,0.008638,1,0,0,sat
/Users/e35480/git/kn-yices2-2/tests/regress/coverage/random/QF_AUFBV/5ae9e4e7.smt2,esat-2007,0.008444,1,0,1,sat
/Users/e35480/git/kn-yices2-2/tests/regress/coverage/random/QF_AUFBV/5d64bc1d.smt2,esat-2007,0.006254,1,0,0,sat
/Users/e35480/git/kn-yices2-2/tests/regress/coverage/random/QF_AUFBV/5d64bc1d.smt2,vanilla-yices2,0.005160,1,0,1,sat
/Users/e35480/git/kn-yices2-2/tests/regress/coverage/random/QF_AUFBV/5f09e565.smt2,vanilla-yices2,0.004848,1,0,0,sat
/Users/e35480/git/kn-yices2-2/tests/regress/coverage/random/QF_AUFBV/5f09e565.smt2,esat-2007,0.005349,1,0,1,sat
/Users/e35480/git/kn-yices2-2/tests/regress/coverage/random/QF_AUFBV/63888d14.smt2,esat-2007,0.006049,1,0,0,sat
/Users/e35480/git/kn-yices2-2/tests/regress/coverage/random/QF_AUFBV/63888d14.smt2,vanilla-yices2,0.006128,1,0,1,sat
/Users/e35480/git/kn-yices2-2/tests/regress/coverage/random/QF_AUFBV/63ec7fc8.smt2,vanilla-yices2,0.008361,1,0,0,sat
/Users/e35480/git/kn-yices2-2/tests/regress/coverage/random/QF_AUFBV/63ec7fc8.smt2,esat-2007,0.007547,1,0,1,sat
/Users/e35480/git/kn-yices2-2/tests/regress/coverage/random/QF_AUFBV/654c97b0.smt2,esat-2007,0.006123,1,0,0,sat
/Users/e35480/git/kn-yices2-2/tests/regress/coverage/random/QF_AUFBV/654c97b0.smt2,vanilla-yices2,0.005395,1,0,1,sat
/Users/e35480/git/kn-yices2-2/tests/regress/coverage/random/QF_AUFBV/6cd39892.smt2,vanilla-yices2,0.007674,1,0,0,sat
/Users/e35480/git/kn-yices2-2/tests/regress/coverage/random/QF_AUFBV/6cd39892.smt2,esat-2007,0.007350,1,0,1,sat
/Users/e35480/git/kn-yices2-2/tests/regress/coverage/random/QF_AUFBV/7abd0745.smt2,esat-2007,0.007104,1,0,0,sat
/Users/e35480/git/kn-yices2-2/tests/regress/coverage/random/QF_AUFBV/7abd0745.smt2,vanilla-yices2,0.007761,1,0,1,sat
/Users/e35480/git/kn-yices2-2/tests/regress/coverage/random/QF_AUFBV/80b4dce0.smt2,vanilla-yices2,0.192438,1,0,0,sat
/Users/e35480/git/kn-yices2-2/tests/regress/coverage/random/QF_AUFBV/80b4dce0.smt2,esat-2007,0.187017,1,0,1,sat
/Users/e35480/git/kn-yices2-2/tests/regress/coverage/random/QF_AUFBV/80ea6f10.smt2,esat-2007,0.007675,1,0,0,sat
/Users/e35480/git/kn-yices2-2/tests/regress/coverage/random/QF_AUFBV/80ea6f10.smt2,vanilla-yices2,0.006790,1,0,1,sat
/Users/e35480/git/kn-yices2-2/tests/regress/coverage/random/QF_AUFBV/858a9264.smt2,vanilla-yices2,0.005311,1,0,0,sat
/Users/e35480/git/kn-yices2-2/tests/regress/coverage/random/QF_AUFBV/858a9264.smt2,esat-2007,0.005442,1,0,1,sat
/Users/e35480/git/kn-yices2-2/tests/regress/coverage/random/QF_AUFBV/86314fa8.smt2,esat-2007,0.007288,1,0,0,sat
/Users/e35480/git/kn-yices2-2/tests/regress/coverage/random/QF_AUFBV/86314fa8.smt2,vanilla-yices2,0.006660,1,0,1,sat
/Users/e35480/git/kn-yices2-2/tests/regress/coverage/random/QF_AUFBV/8feebc9e.smt2,vanilla-yices2,0.006456,1,0,0,sat
/Users/e35480/git/kn-yices2-2/tests/regress/coverage/random/QF_AUFBV/8feebc9e.smt2,esat-2007,0.005726,1,0,1,sat
/Users/e35480/git/kn-yices2-2/tests/regress/coverage/random/QF_AUFBV/933b4450.smt2,esat-2007,0.008742,1,0,0,sat
/Users/e35480/git/kn-yices2-2/tests/regress/coverage/random/QF_AUFBV/933b4450.smt2,vanilla-yices2,0.009557,1,0,1,sat
/Users/e35480/git/kn-yices2-2/tests/regress/coverage/random/QF_AUFBV/97511fe8.smt2,vanilla-yices2,0.072629,1,0,0,sat
/Users/e35480/git/kn-yices2-2/tests/regress/coverage/random/QF_AUFBV/97511fe8.smt2,esat-2007,0.078845,1,0,1,sat
/Users/e35480/git/kn-yices2-2/tests/regress/coverage/random/QF_AUFBV/99aee03a.smt2,esat-2007,0.007601,1,0,0,sat
/Users/e35480/git/kn-yices2-2/tests/regress/coverage/random/QF_AUFBV/99aee03a.smt2,vanilla-yices2,0.005901,1,0,1,sat
/Users/e35480/git/kn-yices2-2/tests/regress/coverage/random/QF_AUFBV/9df64187.smt2,vanilla-yices2,0.005884,1,0,0,sat
/Users/e35480/git/kn-yices2-2/tests/regress/coverage/random/QF_AUFBV/9df64187.smt2,esat-2007,0.006267,1,0,1,sat
/Users/e35480/git/kn-yices2-2/tests/regress/coverage/random/QF_AUFBV/9e0c46a1.smt2,esat-2007,0.005871,1,0,0,unsat
/Users/e35480/git/kn-yices2-2/tests/regress/coverage/random/QF_AUFBV/9e0c46a1.smt2,vanilla-yices2,0.005783,1,0,1,unsat
/Users/e35480/git/kn-yices2-2/tests/regress/coverage/random/QF_AUFBV/a0a3239c.smt2,vanilla-yices2,0.014131,1,0,0,sat
/Users/e35480/git/kn-yices2-2/tests/regress/coverage/random/QF_AUFBV/a0a3239c.smt2,esat-2007,0.013840,1,0,1,sat
/Users/e35480/git/kn-yices2-2/tests/regress/coverage/random/QF_AUFBV/a2a02554.smt2,esat-2007,0.006524,1,0,0,sat
/Users/e35480/git/kn-yices2-2/tests/regress/coverage/random/QF_AUFBV/a2a02554.smt2,vanilla-yices2,0.006227,1,0,1,sat
/Users/e35480/git/kn-yices2-2/tests/regress/coverage/random/QF_AUFBV/a622f772.smt2,vanilla-yices2,0.007140,1,0,0,sat
/Users/e35480/git/kn-yices2-2/tests/regress/coverage/random/QF_AUFBV/a622f772.smt2,esat-2007,0.006135,1,0,1,sat
/Users/e35480/git/kn-yices2-2/tests/regress/coverage/random/QF_AUFBV/a72f1c1c.smt2,esat-2007,0.009533,1,0,0,sat
/Users/e35480/git/kn-yices2-2/tests/regress/coverage/random/QF_AUFBV/a72f1c1c.smt2,vanilla-yices2,0.008190,1,0,1,sat
/Users/e35480/git/kn-yices2-2/tests/regress/coverage/random/QF_AUFBV/aaa43879.smt2,vanilla-yices2,0.006036,1,0,0,sat
/Users/e35480/git/kn-yices2-2/tests/regress/coverage/random/QF_AUFBV/aaa43879.smt2,esat-2007,0.006610,1,0,1,sat
/Users/e35480/git/kn-yices2-2/tests/regress/coverage/random/QF_AUFBV/ac344b01.smt2,esat-2007,0.005316,1,0,0,sat
/Users/e35480/git/kn-yices2-2/tests/regress/coverage/random/QF_AUFBV/ac344b01.smt2,vanilla-yices2,0.004962,1,0,1,sat
/Users/e35480/git/kn-yices2-2/tests/regress/coverage/random/QF_AUFBV/b19c8789.smt2,vanilla-yices2,0.005277,1,0,0,unsat
/Users/e35480/git/kn-yices2-2/tests/regress/coverage/random/QF_AUFBV/b19c8789.smt2,esat-2007,0.006792,1,0,1,unsat
/Users/e35480/git/kn-yices2-2/tests/regress/coverage/random/QF_AUFBV/b52823cd.smt2,esat-2007,0.007257,1,0,0,sat
/Users/e35480/git/kn-yices2-2/tests/regress/coverage/random/QF_AUFBV/b52823cd.smt2,vanilla-yices2,0.008124,1,0,1,sat
/Users/e35480/git/kn-yices2-2/tests/regress/coverage/random/QF_AUFBV/b8607b9b.smt2,vanilla-yices2,0.006228,1,0,0,sat
/Users/e35480/git/kn-yices2-2/tests/regress/coverage/random/QF_AUFBV/b8607b9b.smt2,esat-2007,0.006117,1,0,1,sat
/Users/e35480/git/kn-yices2-2/tests/regress/coverage/random/QF_AUFBV/b863aad0.smt2,esat-2007,0.005503,1,0,0,sat
/Users/e35480/git/kn-yices2-2/tests/regress/coverage/random/QF_AUFBV/b863aad0.smt2,vanilla-yices2,0.007689,1,0,1,sat
/Users/e35480/git/kn-yices2-2/tests/regress/coverage/random/QF_AUFBV/bb0991e9.smt2,vanilla-yices2,0.011139,1,0,0,sat
/Users/e35480/git/kn-yices2-2/tests/regress/coverage/random/QF_AUFBV/bb0991e9.smt2,esat-2007,0.012009,1,0,1,sat
/Users/e35480/git/kn-yices2-2/tests/regress/coverage/random/QF_AUFBV/bd5e390f.smt2,esat-2007,0.043251,1,0,0,sat
/Users/e35480/git/kn-yices2-2/tests/regress/coverage/random/QF_AUFBV/bd5e390f.smt2,vanilla-yices2,0.042512,1,0,1,sat
/Users/e35480/git/kn-yices2-2/tests/regress/coverage/random/QF_AUFBV/bfa29135.smt2,vanilla-yices2,0.007986,1,0,0,sat
/Users/e35480/git/kn-yices2-2/tests/regress/coverage/random/QF_AUFBV/bfa29135.smt2,esat-2007,0.006880,1,0,1,sat
/Users/e35480/git/kn-yices2-2/tests/regress/coverage/random/QF_AUFBV/c1b83541.smt2,esat-2007,0.007873,1,0,0,sat
/Users/e35480/git/kn-yices2-2/tests/regress/coverage/random/QF_AUFBV/c1b83541.smt2,vanilla-yices2,0.008941,1,0,1,sat
/Users/e35480/git/kn-yices2-2/tests/regress/coverage/random/QF_AUFBV/c3bc73cc.smt2,vanilla-yices2,0.008054,1,0,0,sat
/Users/e35480/git/kn-yices2-2/tests/regress/coverage/random/QF_AUFBV/c3bc73cc.smt2,esat-2007,0.008378,1,0,1,sat
/Users/e35480/git/kn-yices2-2/tests/regress/coverage/random/QF_AUFBV/c41c02ed.smt2,esat-2007,0.007764,1,0,0,unsat
/Users/e35480/git/kn-yices2-2/tests/regress/coverage/random/QF_AUFBV/c41c02ed.smt2,vanilla-yices2,0.006664,1,0,1,unsat
/Users/e35480/git/kn-yices2-2/tests/regress/coverage/random/QF_AUFBV/c6211e84.smt2,vanilla-yices2,0.008398,1,0,0,sat
/Users/e35480/git/kn-yices2-2/tests/regress/coverage/random/QF_AUFBV/c6211e84.smt2,esat-2007,0.008328,1,0,1,sat
/Users/e35480/git/kn-yices2-2/tests/regress/coverage/random/QF_AUFBV/c7c49023.smt2,esat-2007,0.005181,1,0,0,unsat
/Users/e35480/git/kn-yices2-2/tests/regress/coverage/random/QF_AUFBV/c7c49023.smt2,vanilla-yices2,0.006273,1,0,1,unsat
/Users/e35480/git/kn-yices2-2/tests/regress/coverage/random/QF_AUFBV/c86e535a.smt2,vanilla-yices2,0.006251,1,0,0,sat
/Users/e35480/git/kn-yices2-2/tests/regress/coverage/random/QF_AUFBV/c86e535a.smt2,esat-2007,0.005054,1,0,1,sat
/Users/e35480/git/kn-yices2-2/tests/regress/coverage/random/QF_AUFBV/d1a8114f.smt2,esat-2007,0.008455,1,0,0,sat
/Users/e35480/git/kn-yices2-2/tests/regress/coverage/random/QF_AUFBV/d1a8114f.smt2,vanilla-yices2,0.009463,1,0,1,sat
/Users/e35480/git/kn-yices2-2/tests/regress/coverage/random/QF_AUFBV/d3afe5ec.smt2,vanilla-yices2,0.006585,1,0,0,sat
/Users/e35480/git/kn-yices2-2/tests/regress/coverage/random/QF_AUFBV/d3afe5ec.smt2,esat-2007,0.006652,1,0,1,sat
/Users/e35480/git/kn-yices2-2/tests/regress/coverage/random/QF_AUFBV/d461c286.smt2,esat-2007,0.007153,1,0,0,sat
/Users/e35480/git/kn-yices2-2/tests/regress/coverage/random/QF_AUFBV/d461c286.smt2,vanilla-yices2,0.007508,1,0,1,sat
/Users/e35480/git/kn-yices2-2/tests/regress/coverage/random/QF_AUFBV/d4bbb265.smt2,vanilla-yices2,0.076027,1,0,0,sat
/Users/e35480/git/kn-yices2-2/tests/regress/coverage/random/QF_AUFBV/d4bbb265.smt2,esat-2007,0.078387,1,0,1,sat
/Users/e35480/git/kn-yices2-2/tests/regress/coverage/random/QF_AUFBV/d5e688e7.smt2,esat-2007,0.010824,1,0,0,sat
/Users/e35480/git/kn-yices2-2/tests/regress/coverage/random/QF_AUFBV/d5e688e7.smt2,vanilla-yices2,0.009261,1,0,1,sat
/Users/e35480/git/kn-yices2-2/tests/regress/coverage/random/QF_AUFBV/d6c91c1f.smt2,vanilla-yices2,0.007885,1,0,0,sat
/Users/e35480/git/kn-yices2-2/tests/regress/coverage/random/QF_AUFBV/d6c91c1f.smt2,esat-2007,0.007966,1,0,1,sat
/Users/e35480/git/kn-yices2-2/tests/regress/coverage/random/QF_AUFBV/d7570b15.smt2,esat-2007,0.121116,1,0,0,sat
/Users/e35480/git/kn-yices2-2/tests/regress/coverage/random/QF_AUFBV/d7570b15.smt2,vanilla-yices2,0.119999,1,0,1,sat
/Users/e35480/git/kn-yices2-2/tests/regress/coverage/random/QF_AUFBV/d93370a7.smt2,vanilla-yices2,0.007921,1,0,0,sat
/Users/e35480/git/kn-yices2-2/tests/regress/coverage/random/QF_AUFBV/d93370a7.smt2,esat-2007,0.007935,1,0,1,sat
/Users/e35480/git/kn-yices2-2/tests/regress/coverage/random/QF_AUFBV/da2ad2d3.smt2,esat-2007,0.007070,1,0,0,sat
/Users/e35480/git/kn-yices2-2/tests/regress/coverage/random/QF_AUFBV/da2ad2d3.smt2,vanilla-yices2,0.006884,1,0,1,sat
/Users/e35480/git/kn-yices2-2/tests/regress/coverage/random/QF_AUFBV/e312f743.smt2,vanilla-yices2,0.006947,1,0,0,unsat
/Users/e35480/git/kn-yices2-2/tests/regress/coverage/random/QF_AUFBV/e312f743.smt2,esat-2007,0.006822,1,0,1,unsat
/Users/e35480/git/kn-yices2-2/tests/regress/coverage/random/QF_AUFBV/e85350b1.smt2,esat-2007,0.006205,1,0,0,sat
/Users/e35480/git/kn-yices2-2/tests/regress/coverage/random/QF_AUFBV/e85350b1.smt2,vanilla-yices2,0.007149,1,0,1,sat
/Users/e35480/git/kn-yices2-2/tests/regress/coverage/random/QF_AUFBV/e89af5dc.smt2,vanilla-yices2,0.008694,1,0,0,sat
/Users/e35480/git/kn-yices2-2/tests/regress/coverage/random/QF_AUFBV/e89af5dc.smt2,esat-2007,0.008954,1,0,1,sat
/Users/e35480/git/kn-yices2-2/tests/regress/coverage/random/QF_AUFBV/eada58c7.smt2,esat-2007,0.047927,1,0,0,sat
/Users/e35480/git/kn-yices2-2/tests/regress/coverage/random/QF_AUFBV/eada58c7.smt2,vanilla-yices2,0.047568,1,0,1,sat
/Users/e35480/git/kn-yices2-2/tests/regress/coverage/random/QF_AUFBV/ebcb7234.smt2,vanilla-yices2,0.009322,1,0,0,sat
/Users/e35480/git/kn-yices2-2/tests/regress/coverage/random/QF_AUFBV/ebcb7234.smt2,esat-2007,0.009303,1,0,1,sat
/Users/e35480/git/kn-yices2-2/tests/regress/coverage/random/QF_AUFBV/ec99dd8c.smt2,esat-2007,0.006553,1,0,0,sat
/Users/e35480/git/kn-yices2-2/tests/regress/coverage/random/QF_AUFBV/ec99dd8c.smt2,vanilla-yices2,0.006735,1,0,1,sat
/Users/e35480/git/kn-yices2-2/tests/regress/coverage/random/QF_AUFBV/f5dcb284.smt2,vanilla-yices2,0.007380,1,0,0,sat
/Users/e35480/git/kn-yices2-2/tests/regress/coverage/random/QF_AUFBV/f5dcb284.smt2,esat-2007,0.006507,1,0,1,sat
/Users/e35480/git/kn-yices2-2/tests/regress/coverage/random/QF_AUFBV/ffac3a97.smt2,esat-2007,0.006615,1,0,0,sat
/Users/e35480/git/kn-yices2-2/tests/regress/coverage/random/QF_AUFBV/ffac3a97.smt2,vanilla-yices2,0.005644,1,0,1,sat
/Users/e35480/git/kn-yices2-2/tests/regress/coverage/random/QF_AUFBV/ffe57986.smt2,vanilla-yices2,0.010403,1,0,0,sat
/Users/e35480/git/kn-yices2-2/tests/regress/coverage/random/QF_AUFBV/ffe57986.smt2,esat-2007,0.010143,1,0,1,sat
/Users/e35480/git/kn-yices2-2/tests/regress/coverage/random/QF_AUFLIA/046e3bb4.smt2,esat-2007,0.228833,1,0,0,sat
/Users/e35480/git/kn-yices2-2/tests/regress/coverage/random/QF_AUFLIA/046e3bb4.smt2,vanilla-yices2,0.234670,1,0,1,sat
/Users/e35480/git/kn-yices2-2/tests/regress/coverage/random/QF_AUFLIA/0a6522a7.smt2,vanilla-yices2,0.014297,1,0,0,sat
/Users/e35480/git/kn-yices2-2/tests/regress/coverage/random/QF_AUFLIA/0a6522a7.smt2,esat-2007,0.013190,1,0,1,sat
/Users/e35480/git/kn-yices2-2/tests/regress/coverage/random/QF_AUFLIA/17b567f5.smt2,esat-2007,0.021715,1,0,0,sat
/Users/e35480/git/kn-yices2-2/tests/regress/coverage/random/QF_AUFLIA/17b567f5.smt2,vanilla-yices2,0.021327,1,0,1,sat
/Users/e35480/git/kn-yices2-2/tests/regress/coverage/random/QF_AUFLIA/21ad7827.smt2,vanilla-yices2,0.012324,1,0,0,sat
/Users/e35480/git/kn-yices2-2/tests/regress/coverage/random/QF_AUFLIA/21ad7827.smt2,esat-2007,0.011037,1,0,1,sat
/Users/e35480/git/kn-yices2-2/tests/regress/coverage/random/QF_AUFLIA/2328a12f.smt2,esat-2007,0.009611,1,0,0,sat
/Users/e35480/git/kn-yices2-2/tests/regress/coverage/random/QF_AUFLIA/2328a12f.smt2,vanilla-yices2,0.008367,1,0,1,sat
/Users/e35480/git/kn-yices2-2/tests/regress/coverage/random/QF_AUFLIA/303b3ac9.smt2,vanilla-yices2,0.016613,1,0,0,sat
/Users/e35480/git/kn-yices2-2/tests/regress/coverage/random/QF_AUFLIA/303b3ac9.smt2,esat-2007,0.016121,1,0,1,sat
/Users/e35480/git/kn-yices2-2/tests/regress/coverage/random/QF_AUFLIA/3354a931.smt2,esat-2007,0.006624,1,0,0,sat
/Users/e35480/git/kn-yices2-2/tests/regress/coverage/random/QF_AUFLIA/3354a931.smt2,vanilla-yices2,0.005264,1,0,1,sat
/Users/e35480/git/kn-yices2-2/tests/regress/coverage/random/QF_AUFLIA/3ddb3130.smt2,vanilla-yices2,0.010001,1,0,0,sat
/Users/e35480/git/kn-yices2-2/tests/regress/coverage/random/QF_AUFLIA/3ddb3130.smt2,esat-2007,0.011286,1,0,1,sat
/Users/e35480/git/kn-yices2-2/tests/regress/coverage/random/QF_AUFLIA/521b0803.smt2,esat-2007,0.019721,1,0,0,sat
/Users/e35480/git/kn-yices2-2/tests/regress/coverage/random/QF_AUFLIA/521b0803.smt2,vanilla-yices2,0.019523,1,0,1,sat
/Users/e35480/git/kn-yices2-2/tests/regress/coverage/random/QF_AUFLIA/58720a10.smt2,vanilla-yices2,0.006829,1,0,0,sat
/Users/e35480/git/kn-yices2-2/tests/regress/coverage/random/QF_AUFLIA/58720a10.smt2,esat-2007,0.006087,1,0,1,sat
/Users/e35480/git/kn-yices2-2/tests/regress/coverage/random/QF_AUFLIA/67802798.smt2,esat-2007,0.007821,1,0,0,sat
/Users/e35480/git/kn-yices2-2/tests/regress/coverage/random/QF_AUFLIA/67802798.smt2,vanilla-yices2,0.007332,1,0,1,sat
/Users/e35480/git/kn-yices2-2/tests/regress/coverage/random/QF_AUFLIA/6affd61f.smt2,vanilla-yices2,0.013715,1,0,0,sat
/Users/e35480/git/kn-yices2-2/tests/regress/coverage/random/QF_AUFLIA/6affd61f.smt2,esat-2007,0.013765,1,0,1,sat
/Users/e35480/git/kn-yices2-2/tests/regress/coverage/random/QF_AUFLIA/75834956.smt2,esat-2007,0.006350,1,0,0,sat
/Users/e35480/git/kn-yices2-2/tests/regress/coverage/random/QF_AUFLIA/75834956.smt2,vanilla-yices2,0.005682,1,0,1,sat
/Users/e35480/git/kn-yices2-2/tests/regress/coverage/random/QF_AUFLIA/89ba99c1.smt2,vanilla-yices2,0.005924,1,0,0,sat
/Users/e35480/git/kn-yices2-2/tests/regress/coverage/random/QF_AUFLIA/89ba99c1.smt2,esat-2007,0.006414,1,0,1,sat
/Users/e35480/git/kn-yices2-2/tests/regress/coverage/random/QF_AUFLIA/8b993975.smt2,esat-2007,0.006839,1,0,0,sat
/Users/e35480/git/kn-yices2-2/tests/regress/coverage/random/QF_AUFLIA/8b993975.smt2,vanilla-yices2,0.006226,1,0,1,sat
/Users/e35480/git/kn-yices2-2/tests/regress/coverage/random/QF_AUFLIA/8d791671.smt2,vanilla-yices2,0.006717,1,0,0,sat
/Users/e35480/git/kn-yices2-2/tests/regress/coverage/random/QF_AUFLIA/8d791671.smt2,esat-2007,0.005208,1,0,1,sat
/Users/e35480/git/kn-yices2-2/tests/regress/coverage/random/QF_AUFLIA/960668fb.smt2,esat-2007,0.008861,1,0,0,sat
/Users/e35480/git/kn-yices2-2/tests/regress/coverage/random/QF_AUFLIA/960668fb.smt2,vanilla-yices2,0.008679,1,0,1,sat
/Users/e35480/git/kn-yices2-2/tests/regress/coverage/random/QF_AUFLIA/a502aa90.smt2,vanilla-yices2,0.006125,1,0,0,sat
/Users/e35480/git/kn-yices2-2/tests/regress/coverage/random/QF_AUFLIA/a502aa90.smt2,esat-2007,0.006085,1,0,1,sat
/Users/e35480/git/kn-yices2-2/tests/regress/coverage/random/QF_AUFLIA/ac906f47.smt2,esat-2007,0.059514,1,0,0,sat
/Users/e35480/git/kn-yices2-2/tests/regress/coverage/random/QF_AUFLIA/ac906f47.smt2,vanilla-yices2,0.059901,1,0,1,sat
/Users/e35480/git/kn-yices2-2/tests/regress/coverage/random/QF_AUFLIA/ad0f28d2.smt2,vanilla-yices2,0.011346,1,0,0,sat
/Users/e35480/git/kn-yices2-2/tests/regress/coverage/random/QF_AUFLIA/ad0f28d2.smt2,esat-2007,0.010619,1,0,1,sat
/Users/e35480/git/kn-yices2-2/tests/regress/coverage/random/QF_AUFLIA/ba5143e3.smt2,esat-2007,0.279287,1,0,0,sat
/Users/e35480/git/kn-yices2-2/tests/regress/coverage/random/QF_AUFLIA/ba5143e3.smt2,vanilla-yices2,0.284083,1,0,1,sat
/Users/e35480/git/kn-yices2-2/tests/regress/coverage/random/QF_AUFLIA/c74aefb7.smt2,vanilla-yices2,0.009596,1,0,0,sat
/Users/e35480/git/kn-yices2-2/tests/regress/coverage/random/QF_AUFLIA/c74aefb7.smt2,esat-2007,0.008123,1,0,1,sat
/Users/e35480/git/kn-yices2-2/tests/regress/coverage/random/QF_AUFLIA/dca3b154.smt2,esat-2007,0.012228,1,0,0,sat
/Users/e35480/git/kn-yices2-2/tests/regress/coverage/random/QF_AUFLIA/dca3b154.smt2,vanilla-yices2,0.010844,1,0,1,sat
/Users/e35480/git/kn-yices2-2/tests/regress/coverage/random/QF_AUFLIA/ed9186b0.smt2,vanilla-yices2,0.019180,1,0,0,sat
/Users/e35480/git/kn-yices2-2/tests/regress/coverage/random/QF_AUFLIA/ed9186b0.smt2,esat-2007,0.020174,1,0,1,sat
/Users/e35480/git/kn-yices2-2/tests/regress/coverage/random/QF_AUFLIA/edeb11da.smt2,esat-2007,0.010288,1,0,0,sat
/Users/e35480/git/kn-yices2-2/tests/regress/coverage/random/QF_AUFLIA/edeb11da.smt2,vanilla-yices2,0.009286,1,0,1,sat
/Users/e35480/git/kn-yices2-2/tests/regress/coverage/random/QF_AUFLIA/f31e4fe7.smt2,vanilla-yices2,0.014606,1,0,0,sat
/Users/e35480/git/kn-yices2-2/tests/regress/coverage/random/QF_AUFLIA/f31e4fe7.smt2,esat-2007,0.015048,1,0,1,sat
/Users/e35480/git/kn-yices2-2/tests/regress/coverage/random/QF_BV/003b74b7.smt2,esat-2007,0.313262,1,0,0,unsat
/Users/e35480/git/kn-yices2-2/tests/regress/coverage/random/QF_BV/003b74b7.smt2,vanilla-yices2,0.323721,1,0,1,unsat
/Users/e35480/git/kn-yices2-2/tests/regress/coverage/random/QF_BV/0045be1d.smt2,vanilla-yices2,0.007727,1,0,0,unsat
/Users/e35480/git/kn-yices2-2/tests/regress/coverage/random/QF_BV/0045be1d.smt2,esat-2007,0.007240,1,0,1,unsat
/Users/e35480/git/kn-yices2-2/tests/regress/coverage/random/QF_BV/023ce693.smt2,esat-2007,0.006856,1,0,0,sat
/Users/e35480/git/kn-yices2-2/tests/regress/coverage/random/QF_BV/023ce693.smt2,vanilla-yices2,0.007359,1,0,1,sat
/Users/e35480/git/kn-yices2-2/tests/regress/coverage/random/QF_BV/038ef701.smt2,vanilla-yices2,0.012276,1,0,0,unsat
/Users/e35480/git/kn-yices2-2/tests/regress/coverage/random/QF_BV/038ef701.smt2,esat-2007,0.010811,1,0,1,unsat
/Users/e35480/git/kn-yices2-2/tests/regress/coverage/random/QF_BV/0561eff2.smt2,esat-2007,0.006396,1,0,0,sat
/Users/e35480/git/kn-yices2-2/tests/regress/coverage/random/QF_BV/0561eff2.smt2,vanilla-yices2,0.006546,1,0,1,sat
/Users/e35480/git/kn-yices2-2/tests/regress/coverage/random/QF_BV/05cd27ff.smt2,vanilla-yices2,0.007823,1,0,0,sat
/Users/e35480/git/kn-yices2-2/tests/regress/coverage/random/QF_BV/05cd27ff.smt2,esat-2007,0.008421,1,0,1,sat
/Users/e35480/git/kn-yices2-2/tests/regress/coverage/random/QF_BV/131df763.smt2,esat-2007,0.005927,1,0,0,unsat
/Users/e35480/git/kn-yices2-2/tests/regress/coverage/random/QF_BV/131df763.smt2,vanilla-yices2,0.005651,1,0,1,unsat
/Users/e35480/git/kn-yices2-2/tests/regress/coverage/random/QF_BV/138cd124.smt2,vanilla-yices2,0.007988,1,0,0,sat
/Users/e35480/git/kn-yices2-2/tests/regress/coverage/random/QF_BV/138cd124.smt2,esat-2007,0.006820,1,0,1,sat
/Users/e35480/git/kn-yices2-2/tests/regress/coverage/random/QF_BV/151b32d2.smt2,esat-2007,0.007260,1,0,0,unsat
/Users/e35480/git/kn-yices2-2/tests/regress/coverage/random/QF_BV/151b32d2.smt2,vanilla-yices2,0.006059,1,0,1,unsat
/Users/e35480/git/kn-yices2-2/tests/regress/coverage/random/QF_BV/1e5e4c23.smt2,vanilla-yices2,0.010038,1,0,0,sat
/Users/e35480/git/kn-yices2-2/tests/regress/coverage/random/QF_BV/1e5e4c23.smt2,esat-2007,0.009351,1,0,1,sat
/Users/e35480/git/kn-yices2-2/tests/regress/coverage/random/QF_BV/2684cd0d.smt2,esat-2007,0.007173,1,0,0,sat
/Users/e35480/git/kn-yices2-2/tests/regress/coverage/random/QF_BV/2684cd0d.smt2,vanilla-yices2,0.005470,1,0,1,sat
/Users/e35480/git/kn-yices2-2/tests/regress/coverage/random/QF_BV/2e56bb9d.smt2,vanilla-yices2,0.005647,1,0,0,unsat
/Users/e35480/git/kn-yices2-2/tests/regress/coverage/random/QF_BV/2e56bb9d.smt2,esat-2007,0.006297,1,0,1,unsat
/Users/e35480/git/kn-yices2-2/tests/regress/coverage/random/QF_BV/31187ae5.smt2,esat-2007,0.005327,1,0,0,sat
/Users/e35480/git/kn-yices2-2/tests/regress/coverage/random/QF_BV/31187ae5.smt2,vanilla-yices2,0.006486,1,0,1,sat
/Users/e35480/git/kn-yices2-2/tests/regress/coverage/random/QF_BV/3b10377d.smt2,vanilla-yices2,0.011553,1,0,0,sat
/Users/e35480/git/kn-yices2-2/tests/regress/coverage/random/QF_BV/3b10377d.smt2,esat-2007,0.012099,1,0,1,sat
/Users/e35480/git/kn-yices2-2/tests/regress/coverage/random/QF_BV/3cac4b03.smt2,esat-2007,0.006781,1,0,0,unsat
/Users/e35480/git/kn-yices2-2/tests/regress/coverage/random/QF_BV/3cac4b03.smt2,vanilla-yices2,0.006534,1,0,1,unsat
/Users/e35480/git/kn-yices2-2/tests/regress/coverage/random/QF_BV/4268985f.smt2,vanilla-yices2,0.005175,1,0,0,sat
/Users/e35480/git/kn-yices2-2/tests/regress/coverage/random/QF_BV/4268985f.smt2,esat-2007,0.006278,1,0,1,sat
/Users/e35480/git/kn-yices2-2/tests/regress/coverage/random/QF_BV/498202d5.smt2,esat-2007,0.035800,1,0,0,unsat
/Users/e35480/git/kn-yices2-2/tests/regress/coverage/random/QF_BV/498202d5.smt2,vanilla-yices2,0.036149,1,0,1,unsat
/Users/e35480/git/kn-yices2-2/tests/regress/coverage/random/QF_BV/4f7dc4de.smt2,vanilla-yices2,0.071198,1,0,0,unsat
/Users/e35480/git/kn-yices2-2/tests/regress/coverage/random/QF_BV/4f7dc4de.smt2,esat-2007,0.071325,1,0,1,unsat
/Users/e35480/git/kn-yices2-2/tests/regress/coverage/random/QF_BV/54d3ba76.smt2,esat-2007,0.006631,1,0,0,sat
/Users/e35480/git/kn-yices2-2/tests/regress/coverage/random/QF_BV/54d3ba76.smt2,vanilla-yices2,0.006061,1,0,1,sat
/Users/e35480/git/kn-yices2-2/tests/regress/coverage/random/QF_BV/550bbc63.smt2,vanilla-yices2,0.007560,1,0,0,sat
/Users/e35480/git/kn-yices2-2/tests/regress/coverage/random/QF_BV/550bbc63.smt2,esat-2007,0.005915,1,0,1,sat
/Users/e35480/git/kn-yices2-2/tests/regress/coverage/random/QF_BV/57445929.smt2,esat-2007,0.006135,1,0,0,sat
/Users/e35480/git/kn-yices2-2/tests/regress/coverage/random/QF_BV/57445929.smt2,vanilla-yices2,0.005980,1,0,1,sat
/Users/e35480/git/kn-yices2-2/tests/regress/coverage/random/QF_BV/6a16b42b.smt2,vanilla-yices2,0.033971,1,0,0,sat
/Users/e35480/git/kn-yices2-2/tests/regress/coverage/random/QF_BV/6a16b42b.smt2,esat-2007,0.035633,1,0,1,sat
/Users/e35480/git/kn-yices2-2/tests/regress/coverage/random/QF_BV/6cafe1e1.smt2,esat-2007,0.006586,1,0,0,sat
/Users/e35480/git/kn-yices2-2/tests/regress/coverage/random/QF_BV/6cafe1e1.smt2,vanilla-yices2,0.005865,1,0,1,sat
/Users/e35480/git/kn-yices2-2/tests/regress/coverage/random/QF_BV/6df00913.smt2,vanilla-yices2,0.005456,1,0,0,unsat
/Users/e35480/git/kn-yices2-2/tests/regress/coverage/random/QF_BV/6df00913.smt2,esat-2007,0.005825,1,0,1,unsat
/Users/e35480/git/kn-yices2-2/tests/regress/coverage/random/QF_BV/729f8e74.smt2,esat-2007,0.005561,1,0,0,sat
/Users/e35480/git/kn-yices2-2/tests/regress/coverage/random/QF_BV/729f8e74.smt2,vanilla-yices2,0.005062,1,0,1,sat
/Users/e35480/git/kn-yices2-2/tests/regress/coverage/random/QF_BV/73afa00a.smt2,vanilla-yices2,0.005509,1,0,0,sat
/Users/e35480/git/kn-yices2-2/tests/regress/coverage/random/QF_BV/73afa00a.smt2,esat-2007,0.005125,1,0,1,sat
/Users/e35480/git/kn-yices2-2/tests/regress/coverage/random/QF_BV/773dda52.smt2,esat-2007,0.010993,1,0,0,sat
/Users/e35480/git/kn-yices2-2/tests/regress/coverage/random/QF_BV/773dda52.smt2,vanilla-yices2,0.011648,1,0,1,sat
/Users/e35480/git/kn-yices2-2/tests/regress/coverage/random/QF_BV/7b6e4602.smt2,vanilla-yices2,0.006577,1,0,0,unsat
/Users/e35480/git/kn-yices2-2/tests/regress/coverage/random/QF_BV/7b6e4602.smt2,esat-2007,0.006357,1,0,1,unsat
/Users/e35480/git/kn-yices2-2/tests/regress/coverage/random/QF_BV/7ddcd554.smt2,esat-2007,0.007282,1,0,0,sat
/Users/e35480/git/kn-yices2-2/tests/regress/coverage/random/QF_BV/7ddcd554.smt2,vanilla-yices2,0.007935,1,0,1,sat
/Users/e35480/git/kn-yices2-2/tests/regress/coverage/random/QF_BV/7f09a670.smt2,vanilla-yices2,0.005976,1,0,0,sat
/Users/e35480/git/kn-yices2-2/tests/regress/coverage/random/QF_BV/7f09a670.smt2,esat-2007,0.006033,1,0,1,sat
/Users/e35480/git/kn-yices2-2/tests/regress/coverage/random/QF_BV/873a1dbe.smt2,esat-2007,0.005336,1,0,0,unsat
/Users/e35480/git/kn-yices2-2/tests/regress/coverage/random/QF_BV/873a1dbe.smt2,vanilla-yices2,0.005177,1,0,1,unsat
/Users/e35480/git/kn-yices2-2/tests/regress/coverage/random/QF_BV/8ad5b59b.smt2,vanilla-yices2,0.006812,1,0,0,sat
/Users/e35480/git/kn-yices2-2/tests/regress/coverage/random/QF_BV/8ad5b59b.smt2,esat-2007,0.005855,1,0,1,sat
/Users/e35480/git/kn-yices2-2/tests/regress/coverage/random/QF_BV/9753e26e.smt2,esat-2007,0.005564,1,0,0,sat
/Users/e35480/git/kn-yices2-2/tests/regress/coverage/random/QF_BV/9753e26e.smt2,vanilla-yices2,0.005509,1,0,1,sat
/Users/e35480/git/kn-yices2-2/tests/regress/coverage/random/QF_BV/97bcf334.smt2,vanilla-yices2,0.004768,1,0,0,unsat
/Users/e35480/git/kn-yices2-2/tests/regress/coverage/random/QF_BV/97bcf334.smt2,esat-2007,0.004897,1,0,1,unsat
/Users/e35480/git/kn-yices2-2/tests/regress/coverage/random/QF_BV/9ef3296a.smt2,esat-2007,0.031665,1,0,0,sat
/Users/e35480/git/kn-yices2-2/tests/regress/coverage/random/QF_BV/9ef3296a.smt2,vanilla-yices2,0.032152,1,0,1,sat
/Users/e35480/git/kn-yices2-2/tests/regress/coverage/random/QF_BV/a007b83a.smt2,vanilla-yices2,0.006830,1,0,0,sat
/Users/e35480/git/kn-yices2-2/tests/regress/coverage/random/QF_BV/a007b83a.smt2,esat-2007,0.005820,1,0,1,sat
/Users/e35480/git/kn-yices2-2/tests/regress/coverage/random/QF_BV/a166e8af.smt2,esat-2007,0.009045,1,0,0,sat
/Users/e35480/git/kn-yices2-2/tests/regress/coverage/random/QF_BV/a166e8af.smt2,vanilla-yices2,0.009675,1,0,1,sat
/Users/e35480/git/kn-yices2-2/tests/regress/coverage/random/QF_BV/abd8ba61.smt2,vanilla-yices2,0.006022,1,0,0,sat
/Users/e35480/git/kn-yices2-2/tests/regress/coverage/random/QF_BV/abd8ba61.smt2,esat-2007,0.005257,1,0,1,sat
/Users/e35480/git/kn-yices2-2/tests/regress/coverage/random/QF_BV/b0fd092c.smt2,esat-2007,0.043159,1,0,0,sat
/Users/e35480/git/kn-yices2-2/tests/regress/coverage/random/QF_BV/b0fd092c.smt2,vanilla-yices2,0.043286,1,0,1,sat
/Users/e35480/git/kn-yices2-2/tests/regress/coverage/random/QF_BV/b45e9b79.smt2,vanilla-yices2,0.006923,1,0,0,sat
/Users/e35480/git/kn-yices2-2/tests/regress/coverage/random/QF_BV/b45e9b79.smt2,esat-2007,0.005871,1,0,1,sat
/Users/e35480/git/kn-yices2-2/tests/regress/coverage/random/QF_BV/b6f7b06b.smt2,esat-2007,0.006207,1,0,0,sat
/Users/e35480/git/kn-yices2-2/tests/regress/coverage/random/QF_BV/b6f7b06b.smt2,vanilla-yices2,0.006584,1,0,1,sat
/Users/e35480/git/kn-yices2-2/tests/regress/coverage/random/QF_BV/ba0c4bc3.smt2,vanilla-yices2,0.005681,1,0,0,sat
/Users/e35480/git/kn-yices2-2/tests/regress/coverage/random/QF_BV/ba0c4bc3.smt2,esat-2007,0.005961,1,0,1,sat
/Users/e35480/git/kn-yices2-2/tests/regress/coverage/random/QF_BV/bae10308.smt2,esat-2007,0.006559,1,0,0,sat
/Users/e35480/git/kn-yices2-2/tests/regress/coverage/random/QF_BV/bae10308.smt2,vanilla-yices2,0.005692,1,0,1,sat
/Users/e35480/git/kn-yices2-2/tests/regress/coverage/random/QF_BV/bc292413.smt2,vanilla-yices2,0.006256,1,0,0,unsat
/Users/e35480/git/kn-yices2-2/tests/regress/coverage/random/QF_BV/bc292413.smt2,esat-2007,0.005513,1,0,1,unsat
/Users/e35480/git/kn-yices2-2/tests/regress/coverage/random/QF_BV/bde61279.smt2,esat-2007,0.009112,1,0,0,sat
/Users/e35480/git/kn-yices2-2/tests/regress/coverage/random/QF_BV/bde61279.smt2,vanilla-yices2,0.009726,1,0,1,sat
/Users/e35480/git/kn-yices2-2/tests/regress/coverage/random/QF_BV/cd9fc49e.smt2,vanilla-yices2,0.012475,1,0,0,unsat
/Users/e35480/git/kn-yices2-2/tests/regress/coverage/random/QF_BV/cd9fc49e.smt2,esat-2007,0.013012,1,0,1,unsat
/Users/e35480/git/kn-yices2-2/tests/regress/coverage/random/QF_BV/cdb8ba2a.smt2,esat-2007,0.012723,1,0,0,sat
/Users/e35480/git/kn-yices2-2/tests/regress/coverage/random/QF_BV/cdb8ba2a.smt2,vanilla-yices2,0.012764,1,0,1,sat
/Users/e35480/git/kn-yices2-2/tests/regress/coverage/random/QF_BV/d2d9f16c.smt2,vanilla-yices2,0.007663,1,0,0,unsat
/Users/e35480/git/kn-yices2-2/tests/regress/coverage/random/QF_BV/d2d9f16c.smt2,esat-2007,0.006580,1,0,1,unsat
/Users/e35480/git/kn-yices2-2/tests/regress/coverage/random/QF_BV/d491559f.smt2,esat-2007,0.006873,1,0,0,sat
/Users/e35480/git/kn-yices2-2/tests/regress/coverage/random/QF_BV/d491559f.smt2,vanilla-yices2,0.007146,1,0,1,sat
/Users/e35480/git/kn-yices2-2/tests/regress/coverage/random/QF_BV/d4af409b.smt2,vanilla-yices2,0.310612,1,0,0,sat
/Users/e35480/git/kn-yices2-2/tests/regress/coverage/random/QF_BV/d4af409b.smt2,esat-2007,0.292279,1,0,1,sat
/Users/e35480/git/kn-yices2-2/tests/regress/coverage/random/QF_BV/d55172aa.smt2,esat-2007,0.006762,1,0,0,sat
/Users/e35480/git/kn-yices2-2/tests/regress/coverage/random/QF_BV/d55172aa.smt2,vanilla-yices2,0.007331,1,0,1,sat
/Users/e35480/git/kn-yices2-2/tests/regress/coverage/random/QF_BV/dcf95ae7.smt2,vanilla-yices2,0.008130,1,0,0,sat
/Users/e35480/git/kn-yices2-2/tests/regress/coverage/random/QF_BV/dcf95ae7.smt2,esat-2007,0.008444,1,0,1,sat
/Users/e35480/git/kn-yices2-2/tests/regress/coverage/random/QF_BV/e0acb949.smt2,esat-2007,0.007024,1,0,0,unsat
/Users/e35480/git/kn-yices2-2/tests/regress/coverage/random/QF_BV/e0acb949.smt2,vanilla-yices2,0.006349,1,0,1,unsat
/Users/e35480/git/kn-yices2-2/tests/regress/coverage/random/QF_BV/e1ff5428.smt2,vanilla-yices2,0.009158,1,0,0,sat
/Users/e35480/git/kn-yices2-2/tests/regress/coverage/random/QF_BV/e1ff5428.smt2,esat-2007,0.005762,1,0,1,sat
/Users/e35480/git/kn-yices2-2/tests/regress/coverage/random/QF_BV/e3140edc.smt2,esat-2007,0.009056,1,0,0,unsat
/Users/e35480/git/kn-yices2-2/tests/regress/coverage/random/QF_BV/e3140edc.smt2,vanilla-yices2,0.007682,1,0,1,unsat
/Users/e35480/git/kn-yices2-2/tests/regress/coverage/random/QF_BV/e73ce82d.smt2,vanilla-yices2,0.006219,1,0,0,unsat
/Users/e35480/git/kn-yices2-2/tests/regress/coverage/random/QF_BV/e73ce82d.smt2,esat-2007,0.006188,1,0,1,unsat
/Users/e35480/git/kn-yices2-2/tests/regress/coverage/random/QF_BV/f48f163b.smt2,esat-2007,0.133760,1,0,0,sat
/Users/e35480/git/kn-yices2-2/tests/regress/coverage/random/QF_BV/f48f163b.smt2,vanilla-yices2,0.133618,1,0,1,sat
/Users/e35480/git/kn-yices2-2/tests/regress/coverage/random/QF_BV/f8e2a7ed.smt2,vanilla-yices2,0.007902,1,0,0,sat
/Users/e35480/git/kn-yices2-2/tests/regress/coverage/random/QF_BV/f8e2a7ed.smt2,esat-2007,0.009191,1,0,1,sat
/Users/e35480/git/kn-yices2-2/tests/regress/coverage/random/QF_IDL/1b694516.smt2,esat-2007,0.006187,1,0,0,unsat
/Users/e35480/git/kn-yices2-2/tests/regress/coverage/random/QF_IDL/1b694516.smt2,vanilla-yices2,0.007413,1,0,1,unsat
/Users/e35480/git/kn-yices2-2/tests/regress/coverage/random/QF_IDL/268ed0cf.smt2,vanilla-yices2,0.007769,1,0,0,sat
/Users/e35480/git/kn-yices2-2/tests/regress/coverage/random/QF_IDL/268ed0cf.smt2,esat-2007,0.006105,1,0,1,sat
/Users/e35480/git/kn-yices2-2/tests/regress/coverage/random/QF_IDL/35d358eb.smt2,esat-2007,0.006465,1,0,0,unsat
/Users/e35480/git/kn-yices2-2/tests/regress/coverage/random/QF_IDL/35d358eb.smt2,vanilla-yices2,0.006675,1,0,1,unsat
/Users/e35480/git/kn-yices2-2/tests/regress/coverage/random/QF_IDL/3e5e2e59.smt2,vanilla-yices2,0.005819,1,0,0,sat
/Users/e35480/git/kn-yices2-2/tests/regress/coverage/random/QF_IDL/3e5e2e59.smt2,esat-2007,0.006768,1,0,1,sat
/Users/e35480/git/kn-yices2-2/tests/regress/coverage/random/QF_IDL/46b8879c.smt2,esat-2007,0.006892,1,0,0,sat
/Users/e35480/git/kn-yices2-2/tests/regress/coverage/random/QF_IDL/46b8879c.smt2,vanilla-yices2,0.006684,1,0,1,sat
/Users/e35480/git/kn-yices2-2/tests/regress/coverage/random/QF_IDL/6b1e2414.smt2,vanilla-yices2,0.009306,1,0,0,sat
/Users/e35480/git/kn-yices2-2/tests/regress/coverage/random/QF_IDL/6b1e2414.smt2,esat-2007,0.006746,1,0,1,sat
/Users/e35480/git/kn-yices2-2/tests/regress/coverage/random/QF_IDL/6c610c66.smt2,esat-2007,0.007139,1,0,0,sat
/Users/e35480/git/kn-yices2-2/tests/regress/coverage/random/QF_IDL/6c610c66.smt2,vanilla-yices2,0.008281,1,0,1,sat
/Users/e35480/git/kn-yices2-2/tests/regress/coverage/random/QF_IDL/6f0279df.smt2,vanilla-yices2,0.005820,1,0,0,unsat
/Users/e35480/git/kn-yices2-2/tests/regress/coverage/random/QF_IDL/6f0279df.smt2,esat-2007,0.005577,1,0,1,unsat
/Users/e35480/git/kn-yices2-2/tests/regress/coverage/random/QF_IDL/74c47979.smt2,esat-2007,0.007366,1,0,0,unsat
/Users/e35480/git/kn-yices2-2/tests/regress/coverage/random/QF_IDL/74c47979.smt2,vanilla-yices2,0.006132,1,0,1,unsat
/Users/e35480/git/kn-yices2-2/tests/regress/coverage/random/QF_IDL/8e7bdc40.smt2,vanilla-yices2,0.006171,1,0,0,sat
/Users/e35480/git/kn-yices2-2/tests/regress/coverage/random/QF_IDL/8e7bdc40.smt2,esat-2007,0.007108,1,0,1,sat
/Users/e35480/git/kn-yices2-2/tests/regress/coverage/random/QF_IDL/9f5469b5.smt2,esat-2007,0.006596,1,0,0,sat
/Users/e35480/git/kn-yices2-2/tests/regress/coverage/random/QF_IDL/9f5469b5.smt2,vanilla-yices2,0.008118,1,0,1,sat
/Users/e35480/git/kn-yices2-2/tests/regress/coverage/random/QF_IDL/af1527fd.smt2,vanilla-yices2,0.008159,1,0,0,unsat
/Users/e35480/git/kn-yices2-2/tests/regress/coverage/random/QF_IDL/af1527fd.smt2,esat-2007,0.006885,1,0,1,unsat
/Users/e35480/git/kn-yices2-2/tests/regress/coverage/random/QF_IDL/b1b3b307.smt2,esat-2007,0.007673,1,0,0,unsat
/Users/e35480/git/kn-yices2-2/tests/regress/coverage/random/QF_IDL/b1b3b307.smt2,vanilla-yices2,0.007036,1,0,1,unsat
/Users/e35480/git/kn-yices2-2/tests/regress/coverage/random/QF_IDL/b7d34cf9.smt2,vanilla-yices2,0.005758,1,0,0,unsat
/Users/e35480/git/kn-yices2-2/tests/regress/coverage/random/QF_IDL/b7d34cf9.smt2,esat-2007,0.006270,1,0,1,unsat
/Users/e35480/git/kn-yices2-2/tests/regress/coverage/random/QF_IDL/bee51410.smt2,esat-2007,0.006939,1,0,0,unsat
/Users/e35480/git/kn-yices2-2/tests/regress/coverage/random/QF_IDL/bee51410.smt2,vanilla-yices2,0.005880,1,0,1,unsat
/Users/e35480/git/kn-yices2-2/tests/regress/coverage/random/QF_IDL/dfab9e5b.smt2,vanilla-yices2,0.006406,1,0,0,unsat
/Users/e35480/git/kn-yices2-2/tests/regress/coverage/random/QF_IDL/dfab9e5b.smt2,esat-2007,0.006271,1,0,1,unsat
/Users/e35480/git/kn-yices2-2/tests/regress/coverage/random/QF_IDL/e540ecd5.smt2,esat-2007,0.005767,1,0,0,sat
/Users/e35480/git/kn-yices2-2/tests/regress/coverage/random/QF_IDL/e540ecd5.smt2,vanilla-yices2,0.005906,1,0,1,sat
/Users/e35480/git/kn-yices2-2/tests/regress/coverage/random/QF_IDL/e570fcc3.smt2,vanilla-yices2,0.010608,1,0,0,unsat
/Users/e35480/git/kn-yices2-2/tests/regress/coverage/random/QF_IDL/e570fcc3.smt2,esat-2007,0.006274,1,0,1,unsat
/Users/e35480/git/kn-yices2-2/tests/regress/coverage/random/QF_IDL/eb040e6e.smt2,esat-2007,0.005234,1,0,0,sat
/Users/e35480/git/kn-yices2-2/tests/regress/coverage/random/QF_IDL/eb040e6e.smt2,vanilla-yices2,0.006629,1,0,1,sat
/Users/e35480/git/kn-yices2-2/tests/regress/coverage/random/QF_LIA/1ca974b6.smt2,vanilla-yices2,0.038749,1,0,0,unsat
/Users/e35480/git/kn-yices2-2/tests/regress/coverage/random/QF_LIA/1ca974b6.smt2,esat-2007,0.013354,1,0,1,unsat
/Users/e35480/git/kn-yices2-2/tests/regress/coverage/random/QF_LIA/2de4999d.smt2,esat-2007,0.007634,1,0,0,sat
/Users/e35480/git/kn-yices2-2/tests/regress/coverage/random/QF_LIA/2de4999d.smt2,vanilla-yices2,0.007200,1,0,1,sat
/Users/e35480/git/kn-yices2-2/tests/regress/coverage/random/QF_LIA/3135426d.smt2,vanilla-yices2,0.007592,1,0,0,sat
/Users/e35480/git/kn-yices2-2/tests/regress/coverage/random/QF_LIA/3135426d.smt2,esat-2007,0.007449,1,0,1,sat
/Users/e35480/git/kn-yices2-2/tests/regress/coverage/random/QF_LIA/366b3fee.smt2,esat-2007,0.022261,1,0,0,sat
/Users/e35480/git/kn-yices2-2/tests/regress/coverage/random/QF_LIA/366b3fee.smt2,vanilla-yices2,0.019080,1,0,1,sat
/Users/e35480/git/kn-yices2-2/tests/regress/coverage/random/QF_LIA/485ed27c.smt2,vanilla-yices2,0.006556,1,0,0,unsat
/Users/e35480/git/kn-yices2-2/tests/regress/coverage/random/QF_LIA/485ed27c.smt2,esat-2007,0.005465,1,0,1,unsat
/Users/e35480/git/kn-yices2-2/tests/regress/coverage/random/QF_LIA/66958542.smt2,esat-2007,0.006443,1,0,0,sat
/Users/e35480/git/kn-yices2-2/tests/regress/coverage/random/QF_LIA/66958542.smt2,vanilla-yices2,0.005471,1,0,1,sat
/Users/e35480/git/kn-yices2-2/tests/regress/coverage/random/QF_LIA/892ff7d6.smt2,vanilla-yices2,0.004813,1,0,0,unsat
/Users/e35480/git/kn-yices2-2/tests/regress/coverage/random/QF_LIA/892ff7d6.smt2,esat-2007,0.005346,1,0,1,unsat
/Users/e35480/git/kn-yices2-2/tests/regress/coverage/random/QF_LIA/897d0cab.smt2,esat-2007,0.004797,1,0,0,unsat
/Users/e35480/git/kn-yices2-2/tests/regress/coverage/random/QF_LIA/897d0cab.smt2,vanilla-yices2,0.004822,1,0,1,unsat
/Users/e35480/git/kn-yices2-2/tests/regress/coverage/random/QF_LIA/8a6f7991.smt2,vanilla-yices2,0.010749,1,0,0,sat
/Users/e35480/git/kn-yices2-2/tests/regress/coverage/random/QF_LIA/8a6f7991.smt2,esat-2007,0.010299,1,0,1,sat
/Users/e35480/git/kn-yices2-2/tests/regress/coverage/random/QF_LIA/946e339d.smt2,esat-2007,0.067918,1,0,0,sat
/Users/e35480/git/kn-yices2-2/tests/regress/coverage/random/QF_LIA/946e339d.smt2,vanilla-yices2,0.033608,1,0,1,sat
/Users/e35480/git/kn-yices2-2/tests/regress/coverage/random/QF_LIA/9b5b8eb2.smt2,vanilla-yices2,0.006408,1,0,0,sat
/Users/e35480/git/kn-yices2-2/tests/regress/coverage/random/QF_LIA/9b5b8eb2.smt2,esat-2007,0.005411,1,0,1,sat
/Users/e35480/git/kn-yices2-2/tests/regress/coverage/random/QF_LIA/db53c9b3.smt2,esat-2007,0.005375,1,0,0,unsat
/Users/e35480/git/kn-yices2-2/tests/regress/coverage/random/QF_LIA/db53c9b3.smt2,vanilla-yices2,0.004838,1,0,1,unsat
/Users/e35480/git/kn-yices2-2/tests/regress/coverage/random/QF_LIA/e662d85f.smt2,vanilla-yices2,0.005788,1,0,0,sat
/Users/e35480/git/kn-yices2-2/tests/regress/coverage/random/QF_LIA/e662d85f.smt2,esat-2007,0.005883,1,0,1,sat
/Users/e35480/git/kn-yices2-2/tests/regress/coverage/random/QF_LRA/1175c125.smt2,esat-2007,0.004719,1,0,0,unsat
/Users/e35480/git/kn-yices2-2/tests/regress/coverage/random/QF_LRA/1175c125.smt2,vanilla-yices2,0.005232,1,0,1,unsat
/Users/e35480/git/kn-yices2-2/tests/regress/coverage/random/QF_LRA/128806be.smt2,vanilla-yices2,0.005502,1,0,0,sat
/Users/e35480/git/kn-yices2-2/tests/regress/coverage/random/QF_LRA/128806be.smt2,esat-2007,0.005030,1,0,1,sat
/Users/e35480/git/kn-yices2-2/tests/regress/coverage/random/QF_LRA/1714a8d0.smt2,esat-2007,0.004676,1,0,0,unsat
/Users/e35480/git/kn-yices2-2/tests/regress/coverage/random/QF_LRA/1714a8d0.smt2,vanilla-yices2,0.004735,1,0,1,unsat
/Users/e35480/git/kn-yices2-2/tests/regress/coverage/random/QF_LRA/17813021.smt2,vanilla-yices2,0.004783,1,0,0,sat
/Users/e35480/git/kn-yices2-2/tests/regress/coverage/random/QF_LRA/17813021.smt2,esat-2007,0.004652,1,0,1,sat
/Users/e35480/git/kn-yices2-2/tests/regress/coverage/random/QF_LRA/2879cfd7.smt2,esat-2007,0.005217,1,0,0,sat
/Users/e35480/git/kn-yices2-2/tests/regress/coverage/random/QF_LRA/2879cfd7.smt2,vanilla-yices2,0.005073,1,0,1,sat
/Users/e35480/git/kn-yices2-2/tests/regress/coverage/random/QF_LRA/28b44ac6.smt2,vanilla-yices2,0.006878,1,0,0,sat
/Users/e35480/git/kn-yices2-2/tests/regress/coverage/random/QF_LRA/28b44ac6.smt2,esat-2007,0.006709,1,0,1,sat
/Users/e35480/git/kn-yices2-2/tests/regress/coverage/random/QF_LRA/2e4d28cb.smt2,esat-2007,0.005080,1,0,0,unsat
/Users/e35480/git/kn-yices2-2/tests/regress/coverage/random/QF_LRA/2e4d28cb.smt2,vanilla-yices2,0.004916,1,0,1,unsat
/Users/e35480/git/kn-yices2-2/tests/regress/coverage/random/QF_LRA/2e641cac.smt2,vanilla-yices2,0.004826,1,0,0,unsat
/Users/e35480/git/kn-yices2-2/tests/regress/coverage/random/QF_LRA/2e641cac.smt2,esat-2007,0.004617,1,0,1,unsat
/Users/e35480/git/kn-yices2-2/tests/regress/coverage/random/QF_LRA/30542e2e.smt2,esat-2007,0.004847,1,0,0,sat
/Users/e35480/git/kn-yices2-2/tests/regress/coverage/random/QF_LRA/30542e2e.smt2,vanilla-yices2,0.005188,1,0,1,sat
/Users/e35480/git/kn-yices2-2/tests/regress/coverage/random/QF_LRA/4838edde.smt2,vanilla-yices2,0.007041,1,0,0,sat
/Users/e35480/git/kn-yices2-2/tests/regress/coverage/random/QF_LRA/4838edde.smt2,esat-2007,0.006825,1,0,1,sat
/Users/e35480/git/kn-yices2-2/tests/regress/coverage/random/QF_LRA/4c8a211f.smt2,esat-2007,0.019014,1,0,0,sat
/Users/e35480/git/kn-yices2-2/tests/regress/coverage/random/QF_LRA/4c8a211f.smt2,vanilla-yices2,0.019018,1,0,1,sat
/Users/e35480/git/kn-yices2-2/tests/regress/coverage/random/QF_LRA/54038167.smt2,vanilla-yices2,0.005471,1,0,0,unsat
/Users/e35480/git/kn-yices2-2/tests/regress/coverage/random/QF_LRA/54038167.smt2,esat-2007,0.004916,1,0,1,unsat
/Users/e35480/git/kn-yices2-2/tests/regress/coverage/random/QF_LRA/5817ae85.smt2,esat-2007,0.005497,1,0,0,unsat
/Users/e35480/git/kn-yices2-2/tests/regress/coverage/random/QF_LRA/5817ae85.smt2,vanilla-yices2,0.006220,1,0,1,unsat
/Users/e35480/git/kn-yices2-2/tests/regress/coverage/random/QF_LRA/5f614f99.smt2,vanilla-yices2,0.460518,1,0,0,sat
/Users/e35480/git/kn-yices2-2/tests/regress/coverage/random/QF_LRA/5f614f99.smt2,esat-2007,0.148236,1,0,1,sat
/Users/e35480/git/kn-yices2-2/tests/regress/coverage/random/QF_LRA/70bfa813.smt2,esat-2007,0.008007,1,0,0,sat
/Users/e35480/git/kn-yices2-2/tests/regress/coverage/random/QF_LRA/70bfa813.smt2,vanilla-yices2,0.006574,1,0,1,sat
/Users/e35480/git/kn-yices2-2/tests/regress/coverage/random/QF_LRA/817b6fcd.smt2,vanilla-yices2,0.006340,1,0,0,unsat
/Users/e35480/git/kn-yices2-2/tests/regress/coverage/random/QF_LRA/817b6fcd.smt2,esat-2007,0.005446,1,0,1,unsat
/Users/e35480/git/kn-yices2-2/tests/regress/coverage/random/QF_LRA/9c6a4843.smt2,esat-2007,0.005752,1,0,0,sat
/Users/e35480/git/kn-yices2-2/tests/regress/coverage/random/QF_LRA/9c6a4843.smt2,vanilla-yices2,0.005650,1,0,1,sat
/Users/e35480/git/kn-yices2-2/tests/regress/coverage/random/QF_LRA/a22ce037.smt2,vanilla-yices2,0.011727,1,0,0,sat
/Users/e35480/git/kn-yices2-2/tests/regress/coverage/random/QF_LRA/a22ce037.smt2,esat-2007,0.011022,1,0,1,sat
/Users/e35480/git/kn-yices2-2/tests/regress/coverage/random/QF_LRA/a6c22f1d.smt2,esat-2007,0.006369,1,0,0,sat
/Users/e35480/git/kn-yices2-2/tests/regress/coverage/random/QF_LRA/a6c22f1d.smt2,vanilla-yices2,0.005761,1,0,1,sat
/Users/e35480/git/kn-yices2-2/tests/regress/coverage/random/QF_LRA/ae775b3c.smt2,vanilla-yices2,0.006323,1,0,0,unsat
/Users/e35480/git/kn-yices2-2/tests/regress/coverage/random/QF_LRA/ae775b3c.smt2,esat-2007,0.005485,1,0,1,unsat
/Users/e35480/git/kn-yices2-2/tests/regress/coverage/random/QF_LRA/afad9ff7.smt2,esat-2007,0.006082,1,0,0,sat
/Users/e35480/git/kn-yices2-2/tests/regress/coverage/random/QF_LRA/afad9ff7.smt2,vanilla-yices2,0.005715,1,0,1,sat
/Users/e35480/git/kn-yices2-2/tests/regress/coverage/random/QF_LRA/b0164583.smt2,vanilla-yices2,0.005312,1,0,0,sat
/Users/e35480/git/kn-yices2-2/tests/regress/coverage/random/QF_LRA/b0164583.smt2,esat-2007,0.004927,1,0,1,sat
/Users/e35480/git/kn-yices2-2/tests/regress/coverage/random/QF_LRA/bd228f0d.smt2,esat-2007,0.006720,1,0,0,sat
/Users/e35480/git/kn-yices2-2/tests/regress/coverage/random/QF_LRA/bd228f0d.smt2,vanilla-yices2,0.007652,1,0,1,sat
/Users/e35480/git/kn-yices2-2/tests/regress/coverage/random/QF_LRA/bdbddd13.smt2,vanilla-yices2,0.011104,1,0,0,sat
/Users/e35480/git/kn-yices2-2/tests/regress/coverage/random/QF_LRA/bdbddd13.smt2,esat-2007,0.011407,1,0,1,sat
/Users/e35480/git/kn-yices2-2/tests/regress/coverage/random/QF_LRA/c0d4a681.smt2,esat-2007,0.005999,1,0,0,sat
/Users/e35480/git/kn-yices2-2/tests/regress/coverage/random/QF_LRA/c0d4a681.smt2,vanilla-yices2,0.005250,1,0,1,sat
/Users/e35480/git/kn-yices2-2/tests/regress/coverage/random/QF_LRA/c2e98bca.smt2,vanilla-yices2,0.006024,1,0,0,unsat
/Users/e35480/git/kn-yices2-2/tests/regress/coverage/random/QF_LRA/c2e98bca.smt2,esat-2007,0.005329,1,0,1,unsat
/Users/e35480/git/kn-yices2-2/tests/regress/coverage/random/QF_LRA/c3abcc52.smt2,esat-2007,0.004741,1,0,0,unsat
/Users/e35480/git/kn-yices2-2/tests/regress/coverage/random/QF_LRA/c3abcc52.smt2,vanilla-yices2,0.004855,1,0,1,unsat
/Users/e35480/git/kn-yices2-2/tests/regress/coverage/random/QF_LRA/c545f52e.smt2,vanilla-yices2,0.004937,1,0,0,unsat
/Users/e35480/git/kn-yices2-2/tests/regress/coverage/random/QF_LRA/c545f52e.smt2,esat-2007,0.004638,1,0,1,unsat
/Users/e35480/git/kn-yices2-2/tests/regress/coverage/random/QF_LRA/cbdacb1f.smt2,esat-2007,0.004915,1,0,0,unsat
/Users/e35480/git/kn-yices2-2/tests/regress/coverage/random/QF_LRA/cbdacb1f.smt2,vanilla-yices2,0.005144,1,0,1,unsat
/Users/e35480/git/kn-yices2-2/tests/regress/coverage/random/QF_LRA/cfb467a7.smt2,vanilla-yices2,0.004743,1,0,0,unsat
/Users/e35480/git/kn-yices2-2/tests/regress/coverage/random/QF_LRA/cfb467a7.smt2,esat-2007,0.004808,1,0,1,unsat
/Users/e35480/git/kn-yices2-2/tests/regress/coverage/random/QF_LRA/da6df395.smt2,esat-2007,0.005039,1,0,0,unsat
/Users/e35480/git/kn-yices2-2/tests/regress/coverage/random/QF_LRA/da6df395.smt2,vanilla-yices2,0.005466,1,0,1,unsat
/Users/e35480/git/kn-yices2-2/tests/regress/coverage/random/QF_LRA/eb08ed51.smt2,vanilla-yices2,0.005091,1,0,0,unsat
/Users/e35480/git/kn-yices2-2/tests/regress/coverage/random/QF_LRA/eb08ed51.smt2,esat-2007,0.005097,1,0,1,unsat
/Users/e35480/git/kn-yices2-2/tests/regress/coverage/random/QF_LRA/efbdf7fc.smt2,esat-2007,0.005149,1,0,0,sat
/Users/e35480/git/kn-yices2-2/tests/regress/coverage/random/QF_LRA/efbdf7fc.smt2,vanilla-yices2,0.004590,1,0,1,sat
/Users/e35480/git/kn-yices2-2/tests/regress/coverage/random/QF_LRA/f4d2a270.smt2,vanilla-yices2,0.010681,1,0,0,sat
/Users/e35480/git/kn-yices2-2/tests/regress/coverage/random/QF_LRA/f4d2a270.smt2,esat-2007,0.011904,1,0,1,sat
/Users/e35480/git/kn-yices2-2/tests/regress/coverage/random/QF_LRA/fb3397ce.smt2,esat-2007,0.006085,1,0,0,sat
/Users/e35480/git/kn-yices2-2/tests/regress/coverage/random/QF_LRA/fb3397ce.smt2,vanilla-yices2,0.005375,1,0,1,sat
/Users/e35480/git/kn-yices2-2/tests/regress/coverage/random/QF_UF/0271da96.smt2,vanilla-yices2,0.006112,1,0,0,sat
/Users/e35480/git/kn-yices2-2/tests/regress/coverage/random/QF_UF/0271da96.smt2,esat-2007,0.005949,1,0,1,sat
/Users/e35480/git/kn-yices2-2/tests/regress/coverage/random/QF_UF/0be8401c.smt2,esat-2007,0.005944,1,0,0,sat
/Users/e35480/git/kn-yices2-2/tests/regress/coverage/random/QF_UF/0be8401c.smt2,vanilla-yices2,0.006574,1,0,1,sat
/Users/e35480/git/kn-yices2-2/tests/regress/coverage/random/QF_UF/20b11783.smt2,vanilla-yices2,0.005321,1,0,0,sat
/Users/e35480/git/kn-yices2-2/tests/regress/coverage/random/QF_UF/20b11783.smt2,esat-2007,0.004700,1,0,1,sat
/Users/e35480/git/kn-yices2-2/tests/regress/coverage/random/QF_UF/392c2b4f.smt2,esat-2007,0.006661,1,0,0,sat
/Users/e35480/git/kn-yices2-2/tests/regress/coverage/random/QF_UF/392c2b4f.smt2,vanilla-yices2,0.006219,1,0,1,sat
/Users/e35480/git/kn-yices2-2/tests/regress/coverage/random/QF_UF/4434134a.smt2,vanilla-yices2,0.006025,1,0,0,sat
/Users/e35480/git/kn-yices2-2/tests/regress/coverage/random/QF_UF/4434134a.smt2,esat-2007,0.006047,1,0,1,sat
/Users/e35480/git/kn-yices2-2/tests/regress/coverage/random/QF_UF/512dd826.smt2,esat-2007,0.006558,1,0,0,sat
/Users/e35480/git/kn-yices2-2/tests/regress/coverage/random/QF_UF/512dd826.smt2,vanilla-yices2,0.005952,1,0,1,sat
/Users/e35480/git/kn-yices2-2/tests/regress/coverage/random/QF_UF/546617b0.smt2,vanilla-yices2,0.005951,1,0,0,sat
/Users/e35480/git/kn-yices2-2/tests/regress/coverage/random/QF_UF/546617b0.smt2,esat-2007,0.006083,1,0,1,sat
/Users/e35480/git/kn-yices2-2/tests/regress/coverage/random/QF_UF/80f23efc.smt2,esat-2007,0.005962,1,0,0,sat
/Users/e35480/git/kn-yices2-2/tests/regress/coverage/random/QF_UF/80f23efc.smt2,vanilla-yices2,0.005814,1,0,1,sat
/Users/e35480/git/kn-yices2-2/tests/regress/coverage/random/QF_UF/91bbcac0.smt2,vanilla-yices2,0.006451,1,0,0,sat
/Users/e35480/git/kn-yices2-2/tests/regress/coverage/random/QF_UF/91bbcac0.smt2,esat-2007,0.007239,1,0,1,sat
/Users/e35480/git/kn-yices2-2/tests/regress/coverage/random/QF_UF/942b5259.smt2,esat-2007,0.005813,1,0,0,sat
/Users/e35480/git/kn-yices2-2/tests/regress/coverage/random/QF_UF/942b5259.smt2,vanilla-yices2,0.006184,1,0,1,sat
/Users/e35480/git/kn-yices2-2/tests/regress/coverage/random/QF_UF/9b9c3481.smt2,vanilla-yices2,0.006477,1,0,0,sat
/Users/e35480/git/kn-yices2-2/tests/regress/coverage/random/QF_UF/9b9c3481.smt2,esat-2007,0.006388,1,0,1,sat
/Users/e35480/git/kn-yices2-2/tests/regress/coverage/random/QF_UF/a6b93893.smt2,esat-2007,0.006280,1,0,0,sat
/Users/e35480/git/kn-yices2-2/tests/regress/coverage/random/QF_UF/a6b93893.smt2,vanilla-yices2,0.006856,1,0,1,sat
/Users/e35480/git/kn-yices2-2/tests/regress/coverage/random/QF_UF/b1c3a00e.smt2,vanilla-yices2,0.006883,1,0,0,sat
/Users/e35480/git/kn-yices2-2/tests/regress/coverage/random/QF_UF/b1c3a00e.smt2,esat-2007,0.006022,1,0,1,sat
/Users/e35480/git/kn-yices2-2/tests/regress/coverage/random/QF_UF/c127fd1b.smt2,esat-2007,0.006811,1,0,0,sat
/Users/e35480/git/kn-yices2-2/tests/regress/coverage/random/QF_UF/c127fd1b.smt2,vanilla-yices2,0.007072,1,0,1,sat
/Users/e35480/git/kn-yices2-2/tests/regress/coverage/random/QF_UF/d2ef318c.smt2,vanilla-yices2,0.005694,1,0,0,sat
/Users/e35480/git/kn-yices2-2/tests/regress/coverage/random/QF_UF/d2ef318c.smt2,esat-2007,0.005660,1,0,1,sat
/Users/e35480/git/kn-yices2-2/tests/regress/coverage/random/QF_UF/d79e8d3e.smt2,esat-2007,0.005883,1,0,0,sat
/Users/e35480/git/kn-yices2-2/tests/regress/coverage/random/QF_UF/d79e8d3e.smt2,vanilla-yices2,0.005770,1,0,1,sat
/Users/e35480/git/kn-yices2-2/tests/regress/coverage/random/QF_UF/e49a2f54.smt2,vanilla-yices2,0.006540,1,0,0,sat
/Users/e35480/git/kn-yices2-2/tests/regress/coverage/random/QF_UF/e49a2f54.smt2,esat-2007,0.007089,1,0,1,sat
/Users/e35480/git/kn-yices2-2/tests/regress/coverage/random/QF_UFBV/10495933.smt2,esat-2007,0.005258,1,0,0,sat
/Users/e35480/git/kn-yices2-2/tests/regress/coverage/random/QF_UFBV/10495933.smt2,vanilla-yices2,0.004840,1,0,1,sat
/Users/e35480/git/kn-yices2-2/tests/regress/coverage/random/QF_UFBV/18e993ce.smt2,vanilla-yices2,0.006487,1,0,0,sat
/Users/e35480/git/kn-yices2-2/tests/regress/coverage/random/QF_UFBV/18e993ce.smt2,esat-2007,0.007344,1,0,1,sat
/Users/e35480/git/kn-yices2-2/tests/regress/coverage/random/QF_UFBV/1f8c13bc.smt2,esat-2007,0.005370,1,0,0,sat
/Users/e35480/git/kn-yices2-2/tests/regress/coverage/random/QF_UFBV/1f8c13bc.smt2,vanilla-yices2,0.005793,1,0,1,sat
/Users/e35480/git/kn-yices2-2/tests/regress/coverage/random/QF_UFBV/26bc3b92.smt2,vanilla-yices2,0.007316,1,0,0,sat
/Users/e35480/git/kn-yices2-2/tests/regress/coverage/random/QF_UFBV/26bc3b92.smt2,esat-2007,0.006209,1,0,1,sat
/Users/e35480/git/kn-yices2-2/tests/regress/coverage/random/QF_UFBV/2737bb29.smt2,esat-2007,0.006570,1,0,0,sat
/Users/e35480/git/kn-yices2-2/tests/regress/coverage/random/QF_UFBV/2737bb29.smt2,vanilla-yices2,0.005282,1,0,1,sat
/Users/e35480/git/kn-yices2-2/tests/regress/coverage/random/QF_UFBV/29f565c3.smt2,vanilla-yices2,0.005575,1,0,0,sat
/Users/e35480/git/kn-yices2-2/tests/regress/coverage/random/QF_UFBV/29f565c3.smt2,esat-2007,0.005998,1,0,1,sat
/Users/e35480/git/kn-yices2-2/tests/regress/coverage/random/QF_UFBV/301fe1a8.smt2,esat-2007,0.007738,1,0,0,sat
/Users/e35480/git/kn-yices2-2/tests/regress/coverage/random/QF_UFBV/301fe1a8.smt2,vanilla-yices2,0.007400,1,0,1,sat
/Users/e35480/git/kn-yices2-2/tests/regress/coverage/random/QF_UFBV/4196e785.smt2,vanilla-yices2,0.005924,1,0,0,sat
/Users/e35480/git/kn-yices2-2/tests/regress/coverage/random/QF_UFBV/4196e785.smt2,esat-2007,0.005726,1,0,1,sat
/Users/e35480/git/kn-yices2-2/tests/regress/coverage/random/QF_UFBV/530a50f7.smt2,esat-2007,0.010128,1,0,0,sat
/Users/e35480/git/kn-yices2-2/tests/regress/coverage/random/QF_UFBV/530a50f7.smt2,vanilla-yices2,0.010528,1,0,1,sat
/Users/e35480/git/kn-yices2-2/tests/regress/coverage/random/QF_UFBV/55fc3e84.smt2,vanilla-yices2,0.006434,1,0,0,sat
/Users/e35480/git/kn-yices2-2/tests/regress/coverage/random/QF_UFBV/55fc3e84.smt2,esat-2007,0.005224,1,0,1,sat
/Users/e35480/git/kn-yices2-2/tests/regress/coverage/random/QF_UFBV/58e1afcf.smt2,esat-2007,0.006680,1,0,0,sat
/Users/e35480/git/kn-yices2-2/tests/regress/coverage/random/QF_UFBV/58e1afcf.smt2,vanilla-yices2,0.006531,1,0,1,sat
/Users/e35480/git/kn-yices2-2/tests/regress/coverage/random/QF_UFBV/592d6ea8.smt2,vanilla-yices2,0.012211,1,0,0,sat
/Users/e35480/git/kn-yices2-2/tests/regress/coverage/random/QF_UFBV/592d6ea8.smt2,esat-2007,0.013024,1,0,1,sat
/Users/e35480/git/kn-yices2-2/tests/regress/coverage/random/QF_UFBV/611d8db7.smt2,esat-2007,0.009785,1,0,0,sat
/Users/e35480/git/kn-yices2-2/tests/regress/coverage/random/QF_UFBV/611d8db7.smt2,vanilla-yices2,0.008940,1,0,1,sat
/Users/e35480/git/kn-yices2-2/tests/regress/coverage/random/QF_UFBV/627eaef4.smt2,vanilla-yices2,0.005568,1,0,0,unsat
/Users/e35480/git/kn-yices2-2/tests/regress/coverage/random/QF_UFBV/627eaef4.smt2,esat-2007,0.005905,1,0,1,unsat
/Users/e35480/git/kn-yices2-2/tests/regress/coverage/random/QF_UFBV/6453672b.smt2,esat-2007,0.025166,1,0,0,unsat
/Users/e35480/git/kn-yices2-2/tests/regress/coverage/random/QF_UFBV/6453672b.smt2,vanilla-yices2,0.026611,1,0,1,unsat
/Users/e35480/git/kn-yices2-2/tests/regress/coverage/random/QF_UFBV/66b45814.smt2,vanilla-yices2,0.010475,1,0,0,sat
/Users/e35480/git/kn-yices2-2/tests/regress/coverage/random/QF_UFBV/66b45814.smt2,esat-2007,0.009419,1,0,1,sat
/Users/e35480/git/kn-yices2-2/tests/regress/coverage/random/QF_UFBV/6755163d.smt2,esat-2007,0.007410,1,0,0,unsat
/Users/e35480/git/kn-yices2-2/tests/regress/coverage/random/QF_UFBV/6755163d.smt2,vanilla-yices2,0.007448,1,0,1,unsat
/Users/e35480/git/kn-yices2-2/tests/regress/coverage/random/QF_UFBV/6ef9e062.smt2,vanilla-yices2,0.005659,1,0,0,unsat
/Users/e35480/git/kn-yices2-2/tests/regress/coverage/random/QF_UFBV/6ef9e062.smt2,esat-2007,0.005501,1,0,1,unsat
/Users/e35480/git/kn-yices2-2/tests/regress/coverage/random/QF_UFBV/7832a454.smt2,esat-2007,0.005614,1,0,0,sat
/Users/e35480/git/kn-yices2-2/tests/regress/coverage/random/QF_UFBV/7832a454.smt2,vanilla-yices2,0.005375,1,0,1,sat
/Users/e35480/git/kn-yices2-2/tests/regress/coverage/random/QF_UFBV/7bec3c8f.smt2,vanilla-yices2,0.005161,1,0,0,sat
/Users/e35480/git/kn-yices2-2/tests/regress/coverage/random/QF_UFBV/7bec3c8f.smt2,esat-2007,0.005121,1,0,1,sat
/Users/e35480/git/kn-yices2-2/tests/regress/coverage/random/QF_UFBV/7d5df95e.smt2,esat-2007,0.005887,1,0,0,sat
/Users/e35480/git/kn-yices2-2/tests/regress/coverage/random/QF_UFBV/7d5df95e.smt2,vanilla-yices2,0.006146,1,0,1,sat
/Users/e35480/git/kn-yices2-2/tests/regress/coverage/random/QF_UFBV/8c2c6eaa.smt2,vanilla-yices2,0.007783,1,0,0,sat
/Users/e35480/git/kn-yices2-2/tests/regress/coverage/random/QF_UFBV/8c2c6eaa.smt2,esat-2007,0.008582,1,0,1,sat
/Users/e35480/git/kn-yices2-2/tests/regress/coverage/random/QF_UFBV/90c17f42.smt2,esat-2007,0.005707,1,0,0,sat
/Users/e35480/git/kn-yices2-2/tests/regress/coverage/random/QF_UFBV/90c17f42.smt2,vanilla-yices2,0.005515,1,0,1,sat
/Users/e35480/git/kn-yices2-2/tests/regress/coverage/random/QF_UFBV/93594a82.smt2,vanilla-yices2,0.008122,1,0,0,sat
/Users/e35480/git/kn-yices2-2/tests/regress/coverage/random/QF_UFBV/93594a82.smt2,esat-2007,0.007773,1,0,1,sat
/Users/e35480/git/kn-yices2-2/tests/regress/coverage/random/QF_UFBV/973a10fc.smt2,esat-2007,0.076295,1,0,0,sat
/Users/e35480/git/kn-yices2-2/tests/regress/coverage/random/QF_UFBV/973a10fc.smt2,vanilla-yices2,0.076662,1,0,1,sat
/Users/e35480/git/kn-yices2-2/tests/regress/coverage/random/QF_UFBV/a57f5151.smt2,vanilla-yices2,0.008532,1,0,0,sat
/Users/e35480/git/kn-yices2-2/tests/regress/coverage/random/QF_UFBV/a57f5151.smt2,esat-2007,0.007193,1,0,1,sat
/Users/e35480/git/kn-yices2-2/tests/regress/coverage/random/QF_UFBV/a6b031e1.smt2,esat-2007,0.007088,1,0,0,sat
/Users/e35480/git/kn-yices2-2/tests/regress/coverage/random/QF_UFBV/a6b031e1.smt2,vanilla-yices2,0.006288,1,0,1,sat
/Users/e35480/git/kn-yices2-2/tests/regress/coverage/random/QF_UFBV/ac504b99.smt2,vanilla-yices2,0.009809,1,0,0,sat
/Users/e35480/git/kn-yices2-2/tests/regress/coverage/random/QF_UFBV/ac504b99.smt2,esat-2007,0.010121,1,0,1,sat
/Users/e35480/git/kn-yices2-2/tests/regress/coverage/random/QF_UFBV/afb28a25.smt2,esat-2007,0.007133,1,0,0,sat
/Users/e35480/git/kn-yices2-2/tests/regress/coverage/random/QF_UFBV/afb28a25.smt2,vanilla-yices2,0.006843,1,0,1,sat
/Users/e35480/git/kn-yices2-2/tests/regress/coverage/random/QF_UFBV/b40626bd.smt2,vanilla-yices2,0.008652,1,0,0,sat
/Users/e35480/git/kn-yices2-2/tests/regress/coverage/random/QF_UFBV/b40626bd.smt2,esat-2007,0.010311,1,0,1,sat
/Users/e35480/git/kn-yices2-2/tests/regress/coverage/random/QF_UFBV/b6943d96.smt2,esat-2007,0.005642,1,0,0,sat
/Users/e35480/git/kn-yices2-2/tests/regress/coverage/random/QF_UFBV/b6943d96.smt2,vanilla-yices2,0.004790,1,0,1,sat
/Users/e35480/git/kn-yices2-2/tests/regress/coverage/random/QF_UFBV/b7a2f1c8.smt2,vanilla-yices2,0.027859,1,0,0,sat
/Users/e35480/git/kn-yices2-2/tests/regress/coverage/random/QF_UFBV/b7a2f1c8.smt2,esat-2007,0.030193,1,0,1,sat
/Users/e35480/git/kn-yices2-2/tests/regress/coverage/random/QF_UFBV/c8ee1375.smt2,esat-2007,0.256773,1,0,0,sat
/Users/e35480/git/kn-yices2-2/tests/regress/coverage/random/QF_UFBV/c8ee1375.smt2,vanilla-yices2,0.244405,1,0,1,sat
/Users/e35480/git/kn-yices2-2/tests/regress/coverage/random/QF_UFBV/c94343fc.smt2,vanilla-yices2,0.007979,1,0,0,sat
/Users/e35480/git/kn-yices2-2/tests/regress/coverage/random/QF_UFBV/c94343fc.smt2,esat-2007,0.007592,1,0,1,sat
/Users/e35480/git/kn-yices2-2/tests/regress/coverage/random/QF_UFBV/ca837ae2.smt2,esat-2007,0.006763,1,0,0,sat
/Users/e35480/git/kn-yices2-2/tests/regress/coverage/random/QF_UFBV/ca837ae2.smt2,vanilla-yices2,0.006567,1,0,1,sat
/Users/e35480/git/kn-yices2-2/tests/regress/coverage/random/QF_UFBV/d3d782b1.smt2,vanilla-yices2,0.006130,1,0,0,sat
/Users/e35480/git/kn-yices2-2/tests/regress/coverage/random/QF_UFBV/d3d782b1.smt2,esat-2007,0.005492,1,0,1,sat
/Users/e35480/git/kn-yices2-2/tests/regress/coverage/random/QF_UFBV/d51c24d2.smt2,esat-2007,0.010537,1,0,0,sat
/Users/e35480/git/kn-yices2-2/tests/regress/coverage/random/QF_UFBV/d51c24d2.smt2,vanilla-yices2,0.010200,1,0,1,sat
/Users/e35480/git/kn-yices2-2/tests/regress/coverage/random/QF_UFBV/e4a7bed7.smt2,vanilla-yices2,0.007291,1,0,0,sat
/Users/e35480/git/kn-yices2-2/tests/regress/coverage/random/QF_UFBV/e4a7bed7.smt2,esat-2007,0.006210,1,0,1,sat
/Users/e35480/git/kn-yices2-2/tests/regress/coverage/random/QF_UFBV/e9f0384c.smt2,esat-2007,0.006654,1,0,0,sat
/Users/e35480/git/kn-yices2-2/tests/regress/coverage/random/QF_UFBV/e9f0384c.smt2,vanilla-yices2,0.005347,1,0,1,sat
/Users/e35480/git/kn-yices2-2/tests/regress/coverage/random/QF_UFBV/ee7bcc60.smt2,vanilla-yices2,0.005180,1,0,0,unsat
/Users/e35480/git/kn-yices2-2/tests/regress/coverage/random/QF_UFBV/ee7bcc60.smt2,esat-2007,0.005814,1,0,1,unsat
/Users/e35480/git/kn-yices2-2/tests/regress/coverage/random/QF_UFBV/eec265ed.smt2,esat-2007,0.006441,1,0,0,unsat
/Users/e35480/git/kn-yices2-2/tests/regress/coverage/random/QF_UFBV/eec265ed.smt2,vanilla-yices2,0.006776,1,0,1,unsat
/Users/e35480/git/kn-yices2-2/tests/regress/coverage/random/QF_UFIDL/04cf1964.smt2,vanilla-yices2,0.006571,1,0,0,sat
/Users/e35480/git/kn-yices2-2/tests/regress/coverage/random/QF_UFIDL/04cf1964.smt2,esat-2007,0.006593,1,0,1,sat
/Users/e35480/git/kn-yices2-2/tests/regress/coverage/random/QF_UFIDL/38761014.smt2,esat-2007,0.008020,1,0,0,sat
/Users/e35480/git/kn-yices2-2/tests/regress/coverage/random/QF_UFIDL/38761014.smt2,vanilla-yices2,0.006850,1,0,1,sat
/Users/e35480/git/kn-yices2-2/tests/regress/coverage/random/QF_UFIDL/7030a80e.smt2,vanilla-yices2,0.007282,1,0,0,sat
/Users/e35480/git/kn-yices2-2/tests/regress/coverage/random/QF_UFIDL/7030a80e.smt2,esat-2007,0.006611,1,0,1,sat
/Users/e35480/git/kn-yices2-2/tests/regress/coverage/random/QF_UFIDL/9818d99a.smt2,esat-2007,0.005257,1,0,0,unsat
/Users/e35480/git/kn-yices2-2/tests/regress/coverage/random/QF_UFIDL/9818d99a.smt2,vanilla-yices2,0.005270,1,0,1,unsat
/Users/e35480/git/kn-yices2-2/tests/regress/coverage/random/QF_UFIDL/bb774f80.smt2,vanilla-yices2,0.007513,1,0,0,sat
/Users/e35480/git/kn-yices2-2/tests/regress/coverage/random/QF_UFIDL/bb774f80.smt2,esat-2007,0.007627,1,0,1,sat
/Users/e35480/git/kn-yices2-2/tests/regress/coverage/random/QF_UFIDL/c7de1768.smt2,esat-2007,0.007573,1,0,0,sat
/Users/e35480/git/kn-yices2-2/tests/regress/coverage/random/QF_UFIDL/c7de1768.smt2,vanilla-yices2,0.008066,1,0,1,sat
/Users/e35480/git/kn-yices2-2/tests/regress/coverage/random/QF_UFIDL/cda6a8fd.smt2,vanilla-yices2,0.006574,1,0,0,sat
/Users/e35480/git/kn-yices2-2/tests/regress/coverage/random/QF_UFIDL/cda6a8fd.smt2,esat-2007,0.006761,1,0,1,sat
/Users/e35480/git/kn-yices2-2/tests/regress/coverage/random/QF_UFIDL/e9eea798.smt2,esat-2007,0.006924,1,0,0,sat
/Users/e35480/git/kn-yices2-2/tests/regress/coverage/random/QF_UFIDL/e9eea798.smt2,vanilla-yices2,0.005960,1,0,1,sat
/Users/e35480/git/kn-yices2-2/tests/regress/coverage/random/QF_UFIDL/f938dbb9.smt2,vanilla-yices2,0.007878,1,0,0,sat
/Users/e35480/git/kn-yices2-2/tests/regress/coverage/random/QF_UFIDL/f938dbb9.smt2,esat-2007,0.007361,1,0,1,sat
/Users/e35480/git/kn-yices2-2/tests/regress/coverage/smtlib/QF_ABV/brummayerbiere/fifo32ia06k05.smt2,esat-2007,2.313183,1,0,0,sat
/Users/e35480/git/kn-yices2-2/tests/regress/coverage/smtlib/QF_ABV/brummayerbiere/fifo32ia06k05.smt2,vanilla-yices2,2.163057,1,0,1,sat
/Users/e35480/git/kn-yices2-2/tests/regress/coverage/smtlib/QF_ABV/brummayerbiere/fifo32in04k07.smt2,vanilla-yices2,0.150606,1,0,0,sat
/Users/e35480/git/kn-yices2-2/tests/regress/coverage/smtlib/QF_ABV/brummayerbiere/fifo32in04k07.smt2,esat-2007,0.152439,1,0,1,sat
/Users/e35480/git/kn-yices2-2/tests/regress/coverage/smtlib/QF_ABV/brummayerbiere/swapmem022se.smt2,esat-2007,0.976558,1,0,0,sat
/Users/e35480/git/kn-yices2-2/tests/regress/coverage/smtlib/QF_ABV/brummayerbiere/swapmem022se.smt2,vanilla-yices2,1.014383,1,0,1,sat
/Users/e35480/git/kn-yices2-2/tests/regress/coverage/smtlib/QF_ABV/brummayerbiere/wchains130se.smt2,vanilla-yices2,1.649464,1,0,0,sat
/Users/e35480/git/kn-yices2-2/tests/regress/coverage/smtlib/QF_ABV/brummayerbiere/wchains130se.smt2,esat-2007,1.523396,1,0,1,sat
/Users/e35480/git/kn-yices2-2/tests/regress/coverage/smtlib/QF_ABV/brummayerbiere2/countbitstableoffbyone0128.smt2,esat-2007,0.048151,1,0,0,sat
/Users/e35480/git/kn-yices2-2/tests/regress/coverage/smtlib/QF_ABV/brummayerbiere2/countbitstableoffbyone0128.smt2,vanilla-yices2,0.044393,1,0,1,sat
/Users/e35480/git/kn-yices2-2/tests/regress/coverage/smtlib/QF_ABV/dwp_formulas/try3_sameret_functions_dwp_unlink.set_quoting_style.il.dwp.smt2,vanilla-yices2,0.009420,1,0,0,sat
/Users/e35480/git/kn-yices2-2/tests/regress/coverage/smtlib/QF_ABV/dwp_formulas/try3_sameret_functions_dwp_unlink.set_quoting_style.il.dwp.smt2,esat-2007,0.008964,1,0,1,sat
/Users/e35480/git/kn-yices2-2/tests/regress/coverage/smtlib/QF_ABV/dwp_formulas/try3_true_functions_dwp_nl.bkm_scale.il.dwp.smt2,esat-2007,0.006642,1,0,0,sat
/Users/e35480/git/kn-yices2-2/tests/regress/coverage/smtlib/QF_ABV/dwp_formulas/try3_true_functions_dwp_nl.bkm_scale.il.dwp.smt2,vanilla-yices2,0.006883,1,0,1,sat
/Users/e35480/git/kn-yices2-2/tests/regress/coverage/smtlib/QF_ABV/dwp_formulas/try4_difret_functions_disjunctions_dd.advance_input_offset.il.disjunctions_3.smt2,vanilla-yices2,0.010718,1,0,0,sat
/Users/e35480/git/kn-yices2-2/tests/regress/coverage/smtlib/QF_ABV/dwp_formulas/try4_difret_functions_disjunctions_dd.advance_input_offset.il.disjunctions_3.smt2,esat-2007,0.011239,1,0,1,sat
/Users/e35480/git/kn-yices2-2/tests/regress/coverage/smtlib/QF_ABV/dwp_formulas/try5_small_difret_functions_dwp_hostid.close_stdout_set_file_name.il.dwp.smt2,esat-2007,0.007764,1,0,0,sat
/Users/e35480/git/kn-yices2-2/tests/regress/coverage/smtlib/QF_ABV/dwp_formulas/try5_small_difret_functions_dwp_hostid.close_stdout_set_file_name.il.dwp.smt2,vanilla-yices2,0.007601,1,0,1,sat
/Users/e35480/git/kn-yices2-2/tests/regress/coverage/smtlib/QF_ABV/dwp_formulas/try5_small_difret_functions_fse-bfs_fmt.set_other_indent.il.fse-bfs.smt2,vanilla-yices2,0.007791,1,0,0,sat
/Users/e35480/git/kn-yices2-2/tests/regress/coverage/smtlib/QF_ABV/dwp_formulas/try5_small_difret_functions_fse-bfs_fmt.set_other_indent.il.fse-bfs.smt2,esat-2007,0.008862,1,0,1,sat
/Users/e35480/git/kn-yices2-2/tests/regress/coverage/smtlib/QF_ABV/dwp_formulas/try5_small_difret_functions_fse-bfs_vdir.get_type_indicator.il.fse-bfs.smt2,esat-2007,0.006950,1,0,0,unsat
/Users/e35480/git/kn-yices2-2/tests/regress/coverage/smtlib/QF_ABV/dwp_formulas/try5_small_difret_functions_fse-bfs_vdir.get_type_indicator.il.fse-bfs.smt2,vanilla-yices2,0.006101,1,0,1,unsat
/Users/e35480/git/kn-yices2-2/tests/regress/coverage/smtlib/QF_ABV/dwp_formulas/try5_small_difret_functions_wp_join.set_char_quoting.il.wp.smt2,vanilla-yices2,0.069800,1,0,0,sat
/Users/e35480/git/kn-yices2-2/tests/regress/coverage/smtlib/QF_ABV/dwp_formulas/try5_small_difret_functions_wp_join.set_char_quoting.il.wp.smt2,esat-2007,0.072398,1,0,1,sat
/Users/e35480/git/kn-yices2-2/tests/regress/coverage/smtlib/QF_ABV/dwp_formulas/try5_small_difret_functions_wp_pr.hold_file.il.wp.smt2,esat-2007,0.036867,1,0,0,sat
/Users/e35480/git/kn-yices2-2/tests/regress/coverage/smtlib/QF_ABV/dwp_formulas/try5_small_difret_functions_wp_pr.hold_file.il.wp.smt2,vanilla-yices2,0.036445,1,0,1,sat
/Users/e35480/git/kn-yices2-2/tests/regress/coverage/smtlib/QF_ABV/dwp_formulas/try5_small_noof_functions_flanagansaxe_true.set_char_quoting.il.flanagansaxe.smt2,vanilla-yices2,0.013377,1,0,0,sat
/Users/e35480/git/kn-yices2-2/tests/regress/coverage/smtlib/QF_ABV/dwp_formulas/try5_small_noof_functions_flanagansaxe_true.set_char_quoting.il.flanagansaxe.smt2,esat-2007,0.012973,1,0,1,sat
/Users/e35480/git/kn-yices2-2/tests/regress/coverage/smtlib/QF_ABV/dwp_formulas/try5_small_noof_functions_wp_expr.optimize_subexps.il.wp.smt2,esat-2007,0.005881,1,0,0,sat
/Users/e35480/git/kn-yices2-2/tests/regress/coverage/smtlib/QF_ABV/dwp_formulas/try5_small_noof_functions_wp_expr.optimize_subexps.il.wp.smt2,vanilla-yices2,0.005976,1,0,1,sat
/Users/e35480/git/kn-yices2-2/tests/regress/coverage/smtlib/QF_ABV/dwp_formulas/try5_small_noof_functions_wp_mknod.mode_adjust.il.wp.smt2,vanilla-yices2,0.007580,1,0,0,sat
/Users/e35480/git/kn-yices2-2/tests/regress/coverage/smtlib/QF_ABV/dwp_formulas/try5_small_noof_functions_wp_mknod.mode_adjust.il.wp.smt2,esat-2007,0.005937,1,0,1,sat
/Users/e35480/git/kn-yices2-2/tests/regress/coverage/smtlib/QF_ABV/dwp_formulas/try5_small_noof_functions_wp_pinky.set_char_quoting.il.wp.smt2,esat-2007,0.007615,1,0,0,sat
/Users/e35480/git/kn-yices2-2/tests/regress/coverage/smtlib/QF_ABV/dwp_formulas/try5_small_noof_functions_wp_pinky.set_char_quoting.il.wp.smt2,vanilla-yices2,0.006935,1,0,1,sat
/Users/e35480/git/kn-yices2-2/tests/regress/coverage/smtlib/QF_ABV/dwp_formulas/try5_small_noof_functions_wp_pr.cols_ready_to_print.il.wp.smt2,vanilla-yices2,0.005944,1,0,0,sat
/Users/e35480/git/kn-yices2-2/tests/regress/coverage/smtlib/QF_ABV/dwp_formulas/try5_small_noof_functions_wp_pr.cols_ready_to_print.il.wp.smt2,esat-2007,0.008191,1,0,1,sat
/Users/e35480/git/kn-yices2-2/tests/regress/coverage/smtlib/QF_ABV/ecc/com.galois.ecc.P384ECC64.ec_full_sub.short.smt2,esat-2007,0.006412,1,0,0,unsat
/Users/e35480/git/kn-yices2-2/tests/regress/coverage/smtlib/QF_ABV/ecc/com.galois.ecc.P384ECC64.ec_full_sub.short.smt2,vanilla-yices2,0.007605,1,0,1,unsat
/Users/e35480/git/kn-yices2-2/tests/regress/coverage/smtlib/QF_ABV/platania/no_init_extract_sublist.old/no_init_extract_sublist5.smt2,vanilla-yices2,0.005951,1,0,0,unsat
/Users/e35480/git/kn-yices2-2/tests/regress/coverage/smtlib/QF_ABV/platania/no_init_extract_sublist.old/no_init_extract_sublist5.smt2,esat-2007,0.005988,1,0,1,unsat
/Users/e35480/git/kn-yices2-2/tests/regress/coverage/smtlib/QF_ABV/stp/grep0065.stp.smt2,esat-2007,0.066084,1,0,0,unsat
/Users/e35480/git/kn-yices2-2/tests/regress/coverage/smtlib/QF_ABV/stp/grep0065.stp.smt2,vanilla-yices2,0.025834,1,0,1,unsat
/Users/e35480/git/kn-yices2-2/tests/regress/coverage/smtlib/QF_ABV/stp_samples/run_00007.trace.Alloc_zero__016019.smt2,vanilla-yices2,0.008133,1,0,0,sat
/Users/e35480/git/kn-yices2-2/tests/regress/coverage/smtlib/QF_ABV/stp_samples/run_00007.trace.Alloc_zero__016019.smt2,esat-2007,0.007271,1,0,1,sat
/Users/e35480/git/kn-yices2-2/tests/regress/coverage/smtlib/QF_ALIA/array_benchmarks/misc/queue-th1-6.smt2,esat-2007,0.006084,1,0,0,unsat
/Users/e35480/git/kn-yices2-2/tests/regress/coverage/smtlib/QF_ALIA/array_benchmarks/misc/queue-th1-6.smt2,vanilla-yices2,0.006505,1,0,1,unsat
/Users/e35480/git/kn-yices2-2/tests/regress/coverage/smtlib/QF_ALIA/array_benchmarks/misc/stack-th2-6.smt2,vanilla-yices2,0.004696,1,0,0,unsat
/Users/e35480/git/kn-yices2-2/tests/regress/coverage/smtlib/QF_ALIA/array_benchmarks/misc/stack-th2-6.smt2,esat-2007,0.005251,1,0,1,unsat
/Users/e35480/git/kn-yices2-2/tests/regress/coverage/smtlib/QF_ALIA/qlock2/qlock.base.19.smt2,esat-2007,0.521609,1,0,0,sat
/Users/e35480/git/kn-yices2-2/tests/regress/coverage/smtlib/QF_ALIA/qlock2/qlock.base.19.smt2,vanilla-yices2,0.523798,1,0,1,sat
/Users/e35480/git/kn-yices2-2/tests/regress/coverage/smtlib/QF_AUFBV/ecc/com.galois.ecc.P384ECC64.ec_full_sub3.short.smt2,vanilla-yices2,0.026940,1,0,0,unsat
/Users/e35480/git/kn-yices2-2/tests/regress/coverage/smtlib/QF_AUFBV/ecc/com.galois.ecc.P384ECC64.ec_full_sub3.short.smt2,esat-2007,0.026449,1,0,1,unsat
/Users/e35480/git/kn-yices2-2/tests/regress/coverage/smtlib/QF_AUFBV/ecc/com.galois.ecc.P384ECC64.ec_twin_mul_init.short.smt2,esat-2007,0.008725,1,0,0,unsat
/Users/e35480/git/kn-yices2-2/tests/regress/coverage/smtlib/QF_AUFBV/ecc/com.galois.ecc.P384ECC64.ec_twin_mul_init.short.smt2,vanilla-yices2,0.007686,1,0,1,unsat
/Users/e35480/git/kn-yices2-2/tests/regress/coverage/smtlib/QF_AUFBV/ecc/com.galois.ecc.P384ECC64.group_red1.short.smt2,vanilla-yices2,0.126107,1,0,0,unsat
/Users/e35480/git/kn-yices2-2/tests/regress/coverage/smtlib/QF_AUFBV/ecc/com.galois.ecc.P384ECC64.group_red1.short.smt2,esat-2007,0.130169,1,0,1,unsat
/Users/e35480/git/kn-yices2-2/tests/regress/coverage/smtlib/QF_AUFBV/ecc/com.galois.ecc.P384ECC64.mul_inner3.short.smt2,esat-2007,0.013467,1,0,0,sat
/Users/e35480/git/kn-yices2-2/tests/regress/coverage/smtlib/QF_AUFBV/ecc/com.galois.ecc.P384ECC64.mul_inner3.short.smt2,vanilla-yices2,0.012471,1,0,1,sat
/Users/e35480/git/kn-yices2-2/tests/regress/coverage/smtlib/QF_AUFBV/ecc/com.galois.ecc.P384ECC64.signHash4.short.smt2,vanilla-yices2,0.013155,1,0,0,unsat
/Users/e35480/git/kn-yices2-2/tests/regress/coverage/smtlib/QF_AUFBV/ecc/com.galois.ecc.P384ECC64.signHash4.short.smt2,esat-2007,0.013148,1,0,1,unsat
/Users/e35480/git/kn-yices2-2/tests/regress/coverage/smtlib/QF_AUFBVLIA/20190307-CPAchecker_kInduction-SoSy_Lab/205_9a_array_safes_linux-3.16-rc1.tar.xz-205_9a-drivers--net--wireless--rtlwifi--btcoexist--btcoexist.ko-entry_point.cil.out_smt-query.0.smt2,esat-2007,0.085413,1,0,0,unsat
/Users/e35480/git/kn-yices2-2/tests/regress/coverage/smtlib/QF_AUFBVLIA/20190307-CPAchecker_kInduction-SoSy_Lab/205_9a_array_safes_linux-3.16-rc1.tar.xz-205_9a-drivers--net--wireless--rtlwifi--btcoexist--btcoexist.ko-entry_point.cil.out_smt-query.0.smt2,vanilla-yices2,0.085481,1,0,1,unsat
/Users/e35480/git/kn-yices2-2/tests/regress/coverage/smtlib/QF_AUFLIA/array_benchmarks/misc/pipeline-invalid.smt2,vanilla-yices2,0.021596,1,0,0,sat
/Users/e35480/git/kn-yices2-2/tests/regress/coverage/smtlib/QF_AUFLIA/array_benchmarks/misc/pipeline-invalid.smt2,esat-2007,0.020625,1,0,1,sat
/Users/e35480/git/kn-yices2-2/tests/regress/coverage/smtlib/QF_AUFLIA/cvc/read6.smt2,esat-2007,0.008331,1,0,0,unsat
/Users/e35480/git/kn-yices2-2/tests/regress/coverage/smtlib/QF_AUFLIA/cvc/read6.smt2,vanilla-yices2,0.008109,1,0,1,unsat
/Users/e35480/git/kn-yices2-2/tests/regress/coverage/smtlib/QF_AUFLIA/cvc/read8.smt2,vanilla-yices2,0.005440,1,0,0,unsat
/Users/e35480/git/kn-yices2-2/tests/regress/coverage/smtlib/QF_AUFLIA/cvc/read8.smt2,esat-2007,0.006814,1,0,1,unsat
/Users/e35480/git/kn-yices2-2/tests/regress/coverage/smtlib/QF_AUFLIA/safari/ini.smt2,esat-2007,0.006835,1,0,0,sat
/Users/e35480/git/kn-yices2-2/tests/regress/coverage/smtlib/QF_AUFLIA/safari/ini.smt2,vanilla-yices2,0.007272,1,0,1,sat
/Users/e35480/git/kn-yices2-2/tests/regress/coverage/smtlib/QF_AUFLIA/safari/moesi_ca.smt2,vanilla-yices2,0.008698,1,0,0,sat
/Users/e35480/git/kn-yices2-2/tests/regress/coverage/smtlib/QF_AUFLIA/safari/moesi_ca.smt2,esat-2007,0.009033,1,0,1,sat
/Users/e35480/git/kn-yices2-2/tests/regress/coverage/smtlib/QF_AUFLIA/storecomm/storecomm_t3_pp_nf_ai_00050_001.cvc.smt2,esat-2007,0.054191,1,0,0,unsat
/Users/e35480/git/kn-yices2-2/tests/regress/coverage/smtlib/QF_AUFLIA/storecomm/storecomm_t3_pp_nf_ai_00050_001.cvc.smt2,vanilla-yices2,0.055091,1,0,1,unsat
/Users/e35480/git/kn-yices2-2/tests/regress/coverage/smtlib/QF_AUFLIA/storeinv/storeinv_invalid_t1_pp_sf_ai_00006_001.cvc.smt2,vanilla-yices2,0.008165,1,0,0,sat
/Users/e35480/git/kn-yices2-2/tests/regress/coverage/smtlib/QF_AUFLIA/storeinv/storeinv_invalid_t1_pp_sf_ai_00006_001.cvc.smt2,esat-2007,0.007057,1,0,1,sat
/Users/e35480/git/kn-yices2-2/tests/regress/coverage/smtlib/QF_AUFLIA/swap/swap_invalid_t1_pp_sf_ai_00004_001.cvc.smt2,esat-2007,0.006052,1,0,0,sat
/Users/e35480/git/kn-yices2-2/tests/regress/coverage/smtlib/QF_AUFLIA/swap/swap_invalid_t1_pp_sf_ai_00004_001.cvc.smt2,vanilla-yices2,0.005869,1,0,1,sat
/Users/e35480/git/kn-yices2-2/tests/regress/coverage/smtlib/QF_BV/20190311-bv-term-small-rw-Noetzli/bv-term-small-rw_1048.smt2,vanilla-yices2,0.006123,1,0,0,unsat
/Users/e35480/git/kn-yices2-2/tests/regress/coverage/smtlib/QF_BV/20190311-bv-term-small-rw-Noetzli/bv-term-small-rw_1048.smt2,esat-2007,0.006860,1,0,1,unsat
/Users/e35480/git/kn-yices2-2/tests/regress/coverage/smtlib/QF_BV/20190311-bv-term-small-rw-Noetzli/bv-term-small-rw_1048b.smt2,esat-2007,0.027433,1,0,0,unsat
/Users/e35480/git/kn-yices2-2/tests/regress/coverage/smtlib/QF_BV/20190311-bv-term-small-rw-Noetzli/bv-term-small-rw_1048b.smt2,vanilla-yices2,0.027069,1,0,1,unsat
/Users/e35480/git/kn-yices2-2/tests/regress/coverage/smtlib/QF_BV/20190311-bv-term-small-rw-Noetzli/bv-term-small-rw_1422.smt2,vanilla-yices2,0.006144,1,0,0,unsat
/Users/e35480/git/kn-yices2-2/tests/regress/coverage/smtlib/QF_BV/20190311-bv-term-small-rw-Noetzli/bv-term-small-rw_1422.smt2,esat-2007,0.005954,1,0,1,unsat
/Users/e35480/git/kn-yices2-2/tests/regress/coverage/smtlib/QF_BV/20190311-bv-term-small-rw-Noetzli/bv-term-small-rw_1422b.smt2,esat-2007,0.004951,1,0,0,unsat
/Users/e35480/git/kn-yices2-2/tests/regress/coverage/smtlib/QF_BV/20190311-bv-term-small-rw-Noetzli/bv-term-small-rw_1422b.smt2,vanilla-yices2,0.004923,1,0,1,unsat
/Users/e35480/git/kn-yices2-2/tests/regress/coverage/smtlib/QF_BV/20190311-bv-term-small-rw-Noetzli/bv-term-small-rw_151.smt2,vanilla-yices2,0.005801,1,0,0,unsat
/Users/e35480/git/kn-yices2-2/tests/regress/coverage/smtlib/QF_BV/20190311-bv-term-small-rw-Noetzli/bv-term-small-rw_151.smt2,esat-2007,0.004801,1,0,1,unsat
/Users/e35480/git/kn-yices2-2/tests/regress/coverage/smtlib/QF_BV/20190311-bv-term-small-rw-Noetzli/bv-term-small-rw_151b.smt2,esat-2007,0.005112,1,0,0,unsat
/Users/e35480/git/kn-yices2-2/tests/regress/coverage/smtlib/QF_BV/20190311-bv-term-small-rw-Noetzli/bv-term-small-rw_151b.smt2,vanilla-yices2,0.005925,1,0,1,unsat
/Users/e35480/git/kn-yices2-2/tests/regress/coverage/smtlib/QF_BV/RWS/Example_8.txt.smt2,vanilla-yices2,0.045157,1,0,0,sat
/Users/e35480/git/kn-yices2-2/tests/regress/coverage/smtlib/QF_BV/RWS/Example_8.txt.smt2,esat-2007,0.047572,1,0,1,sat
/Users/e35480/git/kn-yices2-2/tests/regress/coverage/smtlib/QF_BV/bmc-bv/ex33.smt2,esat-2007,0.006765,1,0,0,unsat
/Users/e35480/git/kn-yices2-2/tests/regress/coverage/smtlib/QF_BV/bmc-bv/ex33.smt2,vanilla-yices2,0.005248,1,0,1,unsat
/Users/e35480/git/kn-yices2-2/tests/regress/coverage/smtlib/QF_BV/brummayerbiere/nextpoweroftwo128.smt2,vanilla-yices2,0.091178,1,0,0,unsat
/Users/e35480/git/kn-yices2-2/tests/regress/coverage/smtlib/QF_BV/brummayerbiere/nextpoweroftwo128.smt2,esat-2007,0.100378,1,0,1,unsat
/Users/e35480/git/kn-yices2-2/tests/regress/coverage/smtlib/QF_BV/brummayerbiere/nlzbe128.smt2,esat-2007,0.213359,1,0,0,unsat
/Users/e35480/git/kn-yices2-2/tests/regress/coverage/smtlib/QF_BV/brummayerbiere/nlzbe128.smt2,vanilla-yices2,0.233633,1,0,1,unsat
/Users/e35480/git/kn-yices2-2/tests/regress/coverage/smtlib/QF_BV/brummayerbiere/nlzbs128.smt2,vanilla-yices2,0.109141,1,0,0,unsat
/Users/e35480/git/kn-yices2-2/tests/regress/coverage/smtlib/QF_BV/brummayerbiere/nlzbs128.smt2,esat-2007,0.092200,1,0,1,unsat
/Users/e35480/git/kn-yices2-2/tests/regress/coverage/smtlib/QF_BV/brummayerbiere/nlzbsdown128.smt2,esat-2007,0.168485,1,0,0,unsat
/Users/e35480/git/kn-yices2-2/tests/regress/coverage/smtlib/QF_BV/brummayerbiere/nlzbsdown128.smt2,vanilla-yices2,0.169398,1,0,1,unsat
/Users/e35480/git/kn-yices2-2/tests/regress/coverage/smtlib/QF_BV/brummayerbiere2/umulov1bw048.smt2,vanilla-yices2,0.203294,1,0,0,unsat
/Users/e35480/git/kn-yices2-2/tests/regress/coverage/smtlib/QF_BV/brummayerbiere2/umulov1bw048.smt2,esat-2007,0.208350,1,0,1,unsat
/Users/e35480/git/kn-yices2-2/tests/regress/coverage/smtlib/QF_BV/bruttomesso/core/ext_con_016_001_0064.smt2,esat-2007,0.012915,1,0,0,unsat
/Users/e35480/git/kn-yices2-2/tests/regress/coverage/smtlib/QF_BV/bruttomesso/core/ext_con_016_001_0064.smt2,vanilla-yices2,0.011745,1,0,1,unsat
/Users/e35480/git/kn-yices2-2/tests/regress/coverage/smtlib/QF_BV/bruttomesso/lfsr/lfsr_002_095_128.smt2,vanilla-yices2,0.428854,1,0,0,unsat
/Users/e35480/git/kn-yices2-2/tests/regress/coverage/smtlib/QF_BV/bruttomesso/lfsr/lfsr_002_095_128.smt2,esat-2007,0.439886,1,0,1,unsat
/Users/e35480/git/kn-yices2-2/tests/regress/coverage/smtlib/QF_BV/bruttomesso/lfsr/lfsr_002_143_048.smt2,esat-2007,0.324041,1,0,0,unsat
/Users/e35480/git/kn-yices2-2/tests/regress/coverage/smtlib/QF_BV/bruttomesso/lfsr/lfsr_002_143_048.smt2,vanilla-yices2,0.317195,1,0,1,unsat
/Users/e35480/git/kn-yices2-2/tests/regress/coverage/smtlib/QF_BV/bruttomesso/simple_processor/simple_processors_006_002_0008.smt2,vanilla-yices2,0.083259,1,0,0,unsat
/Users/e35480/git/kn-yices2-2/tests/regress/coverage/smtlib/QF_BV/bruttomesso/simple_processor/simple_processors_006_002_0008.smt2,esat-2007,0.084728,1,0,1,unsat
/Users/e35480/git/kn-yices2-2/tests/regress/coverage/smtlib/QF_BV/calypto/problem_1.smt2,esat-2007,0.013795,1,0,0,sat
/Users/e35480/git/kn-yices2-2/tests/regress/coverage/smtlib/QF_BV/calypto/problem_1.smt2,vanilla-yices2,0.012142,1,0,1,sat
/Users/e35480/git/kn-yices2-2/tests/regress/coverage/smtlib/QF_BV/calypto/problem_4.smt2,vanilla-yices2,0.012884,1,0,0,unsat
/Users/e35480/git/kn-yices2-2/tests/regress/coverage/smtlib/QF_BV/calypto/problem_4.smt2,esat-2007,0.012214,1,0,1,unsat
/Users/e35480/git/kn-yices2-2/tests/regress/coverage/smtlib/QF_BV/check2/bigHex.smt2,esat-2007,0.005470,1,0,0,sat
/Users/e35480/git/kn-yices2-2/tests/regress/coverage/smtlib/QF_BV/check2/bigHex.smt2,vanilla-yices2,0.004896,1,0,1,sat
/Users/e35480/git/kn-yices2-2/tests/regress/coverage/smtlib/QF_BV/check2/symbols.smt2,vanilla-yices2,0.005146,1,0,0,sat
/Users/e35480/git/kn-yices2-2/tests/regress/coverage/smtlib/QF_BV/check2/symbols.smt2,esat-2007,0.005621,1,0,1,sat
/Users/e35480/git/kn-yices2-2/tests/regress/coverage/smtlib/QF_BV/gulwani-pldi08/merge.phx.smt2,esat-2007,0.026396,1,0,0,sat
/Users/e35480/git/kn-yices2-2/tests/regress/coverage/smtlib/QF_BV/gulwani-pldi08/merge.phx.smt2,vanilla-yices2,0.031427,1,0,1,sat
/Users/e35480/git/kn-yices2-2/tests/regress/coverage/smtlib/QF_BV/sage/app1/bench_1097.smt2,vanilla-yices2,0.009044,1,0,0,unsat
/Users/e35480/git/kn-yices2-2/tests/regress/coverage/smtlib/QF_BV/sage/app1/bench_1097.smt2,esat-2007,0.007933,1,0,1,unsat
/Users/e35480/git/kn-yices2-2/tests/regress/coverage/smtlib/QF_BV/sage/app1/bench_1945.smt2,esat-2007,0.006220,1,0,0,unsat
/Users/e35480/git/kn-yices2-2/tests/regress/coverage/smtlib/QF_BV/sage/app1/bench_1945.smt2,vanilla-yices2,0.006248,1,0,1,unsat
/Users/e35480/git/kn-yices2-2/tests/regress/coverage/smtlib/QF_BV/sage/app1/bench_859.smt2,vanilla-yices2,0.007015,1,0,0,unsat
/Users/e35480/git/kn-yices2-2/tests/regress/coverage/smtlib/QF_BV/sage/app1/bench_859.smt2,esat-2007,0.007681,1,0,1,unsat
/Users/e35480/git/kn-yices2-2/tests/regress/coverage/smtlib/QF_BV/sage/app2/bench_319.smt2,esat-2007,0.006188,1,0,0,unsat
/Users/e35480/git/kn-yices2-2/tests/regress/coverage/smtlib/QF_BV/sage/app2/bench_319.smt2,vanilla-yices2,0.006622,1,0,1,unsat
/Users/e35480/git/kn-yices2-2/tests/regress/coverage/smtlib/QF_BV/sage/app5/bench_524.smt2,vanilla-yices2,0.006695,1,0,0,unsat
/Users/e35480/git/kn-yices2-2/tests/regress/coverage/smtlib/QF_BV/sage/app5/bench_524.smt2,esat-2007,0.006887,1,0,1,unsat
/Users/e35480/git/kn-yices2-2/tests/regress/coverage/smtlib/QF_BV/sage/app7/bench_7910.smt2,esat-2007,0.006497,1,0,0,unsat
/Users/e35480/git/kn-yices2-2/tests/regress/coverage/smtlib/QF_BV/sage/app7/bench_7910.smt2,vanilla-yices2,0.005341,1,0,1,unsat
/Users/e35480/git/kn-yices2-2/tests/regress/coverage/smtlib/QF_BV/sage/app8/bench_263.smt2,vanilla-yices2,0.018692,1,0,0,sat
/Users/e35480/git/kn-yices2-2/tests/regress/coverage/smtlib/QF_BV/sage/app8/bench_263.smt2,esat-2007,0.020312,1,0,1,sat
/Users/e35480/git/kn-yices2-2/tests/regress/coverage/smtlib/QF_BV/sage/app8/bench_3776.smt2,esat-2007,0.011008,1,0,0,unsat
/Users/e35480/git/kn-yices2-2/tests/regress/coverage/smtlib/QF_BV/sage/app8/bench_3776.smt2,vanilla-yices2,0.011826,1,0,1,unsat
/Users/e35480/git/kn-yices2-2/tests/regress/coverage/smtlib/QF_BV/sage/app9/bench_1669.smt2,vanilla-yices2,0.006457,1,0,0,unsat
/Users/e35480/git/kn-yices2-2/tests/regress/coverage/smtlib/QF_BV/sage/app9/bench_1669.smt2,esat-2007,0.006458,1,0,1,unsat
/Users/e35480/git/kn-yices2-2/tests/regress/coverage/smtlib/QF_BV/sage/app9/bench_1935.smt2,esat-2007,0.005364,1,0,0,unsat
/Users/e35480/git/kn-yices2-2/tests/regress/coverage/smtlib/QF_BV/sage/app9/bench_1935.smt2,vanilla-yices2,0.005426,1,0,1,unsat
/Users/e35480/git/kn-yices2-2/tests/regress/coverage/smtlib/QF_BV/spear/wget_v1.10.2/src_wget_vc17914.smt2,vanilla-yices2,0.124102,1,0,0,sat
/Users/e35480/git/kn-yices2-2/tests/regress/coverage/smtlib/QF_BV/spear/wget_v1.10.2/src_wget_vc17914.smt2,esat-2007,0.128345,1,0,1,sat
/Users/e35480/git/kn-yices2-2/tests/regress/coverage/smtlib/QF_BV/spear/wget_v1.10.2/src_wget_vc18511.smt2,esat-2007,0.624803,1,0,0,sat
/Users/e35480/git/kn-yices2-2/tests/regress/coverage/smtlib/QF_BV/spear/wget_v1.10.2/src_wget_vc18511.smt2,vanilla-yices2,0.620722,1,0,1,sat
/Users/e35480/git/kn-yices2-2/tests/regress/coverage/smtlib/QF_BV/tacas07/s-40-50-bv.smt2,vanilla-yices2,0.090331,1,0,0,sat
/Users/e35480/git/kn-yices2-2/tests/regress/coverage/smtlib/QF_BV/tacas07/s-40-50-bv.smt2,esat-2007,0.095042,1,0,1,sat
/Users/e35480/git/kn-yices2-2/tests/regress/coverage/smtlib/QF_BV/uclid/tcas/tcas45_k_0.smt2,esat-2007,0.007181,1,0,0,unsat
/Users/e35480/git/kn-yices2-2/tests/regress/coverage/smtlib/QF_BV/uclid/tcas/tcas45_k_0.smt2,vanilla-yices2,0.006010,1,0,1,unsat
/Users/e35480/git/kn-yices2-2/tests/regress/coverage/smtlib/QF_BV/wienand-cav2008/Distrib/distrib32.sf.smt2,vanilla-yices2,0.006042,1,0,0,unsat
/Users/e35480/git/kn-yices2-2/tests/regress/coverage/smtlib/QF_BV/wienand-cav2008/Distrib/distrib32.sf.smt2,esat-2007,0.004778,1,0,1,unsat
/Users/e35480/git/kn-yices2-2/tests/regress/coverage/smtlib/QF_BVLRA/20240414-mapf_r/makespan/coef_1.25/corridor/corridor_000_k2_B.smt2,esat-2007,0.005386,1,0,0,sat
/Users/e35480/git/kn-yices2-2/tests/regress/coverage/smtlib/QF_BVLRA/20240414-mapf_r/makespan/coef_1.25/corridor/corridor_000_k2_B.smt2,vanilla-yices2,0.006180,1,0,1,sat
/Users/e35480/git/kn-yices2-2/tests/regress/coverage/smtlib/QF_BVLRA/20240414-mapf_r/makespan/coef_1.25/corridor/corridor_001_k2_A.smt2,vanilla-yices2,0.010634,1,0,0,sat
/Users/e35480/git/kn-yices2-2/tests/regress/coverage/smtlib/QF_BVLRA/20240414-mapf_r/makespan/coef_1.25/corridor/corridor_001_k2_A.smt2,esat-2007,0.010929,1,0,1,sat
/Users/e35480/git/kn-yices2-2/tests/regress/coverage/smtlib/QF_BVLRA/20240414-mapf_r/soc/coef_2/grid/grid_02x02_k2_B.smt2,esat-2007,0.006662,1,0,0,sat
/Users/e35480/git/kn-yices2-2/tests/regress/coverage/smtlib/QF_BVLRA/20240414-mapf_r/soc/coef_2/grid/grid_02x02_k2_B.smt2,vanilla-yices2,0.006403,1,0,1,sat
/Users/e35480/git/kn-yices2-2/tests/regress/coverage/smtlib/QF_IDL/check/bignum_idl1.smt2,vanilla-yices2,0.004863,1,0,0,unsat
/Users/e35480/git/kn-yices2-2/tests/regress/coverage/smtlib/QF_IDL/check/bignum_idl1.smt2,esat-2007,0.005677,1,0,1,unsat
/Users/e35480/git/kn-yices2-2/tests/regress/coverage/smtlib/QF_IDL/diamonds/diamonds.10.10.i.a.u.smt2,esat-2007,0.007422,1,0,0,unsat
/Users/e35480/git/kn-yices2-2/tests/regress/coverage/smtlib/QF_IDL/diamonds/diamonds.10.10.i.a.u.smt2,vanilla-yices2,0.014400,1,0,1,unsat
/Users/e35480/git/kn-yices2-2/tests/regress/coverage/smtlib/QF_IDL/qlock/qlock-4-10-5.base.cvc.smt2,vanilla-yices2,0.011042,1,0,0,unsat
/Users/e35480/git/kn-yices2-2/tests/regress/coverage/smtlib/QF_IDL/qlock/qlock-4-10-5.base.cvc.smt2,esat-2007,0.009442,1,0,1,unsat
/Users/e35480/git/kn-yices2-2/tests/regress/coverage/smtlib/QF_IDL/queens_bench/super_queen/super_queen33-1.smt2,esat-2007,4.110729,1,0,0,sat
/Users/e35480/git/kn-yices2-2/tests/regress/coverage/smtlib/QF_IDL/queens_bench/super_queen/super_queen33-1.smt2,vanilla-yices2,0.033820,1,0,1,sat
/Users/e35480/git/kn-yices2-2/tests/regress/coverage/smtlib/QF_IDL/sal/lpsat/lpsat-goal-1.smt2,vanilla-yices2,0.006682,1,0,0,unsat
/Users/e35480/git/kn-yices2-2/tests/regress/coverage/smtlib/QF_IDL/sal/lpsat/lpsat-goal-1.smt2,esat-2007,0.007347,1,0,1,unsat
/Users/e35480/git/kn-yices2-2/tests/regress/coverage/smtlib/QF_LIA/CAV_2009_benchmarks/smt/20-vars/problem_2__012.smt2,esat-2007,0.265359,1,0,0,sat
/Users/e35480/git/kn-yices2-2/tests/regress/coverage/smtlib/QF_LIA/CAV_2009_benchmarks/smt/20-vars/problem_2__012.smt2,vanilla-yices2,0.262698,1,0,1,sat
/Users/e35480/git/kn-yices2-2/tests/regress/coverage/smtlib/QF_LIA/CAV_2009_benchmarks/smt/25-vars/problem_2__015.smt2,vanilla-yices2,0.010443,1,0,0,sat
/Users/e35480/git/kn-yices2-2/tests/regress/coverage/smtlib/QF_LIA/CAV_2009_benchmarks/smt/25-vars/problem_2__015.smt2,esat-2007,0.009561,1,0,1,sat
/Users/e35480/git/kn-yices2-2/tests/regress/coverage/smtlib/QF_LIA/CAV_2009_benchmarks/smt/25-vars/problem__034.smt2,esat-2007,0.167994,1,0,0,unsat
/Users/e35480/git/kn-yices2-2/tests/regress/coverage/smtlib/QF_LIA/CAV_2009_benchmarks/smt/25-vars/problem__034.smt2,vanilla-yices2,0.168440,1,0,1,unsat
/Users/e35480/git/kn-yices2-2/tests/regress/coverage/smtlib/QF_LIA/CAV_2009_benchmarks/smt/40-vars/problem_2__004.smt2,vanilla-yices2,0.007349,1,0,0,sat
/Users/e35480/git/kn-yices2-2/tests/regress/coverage/smtlib/QF_LIA/CAV_2009_benchmarks/smt/40-vars/problem_2__004.smt2,esat-2007,0.006459,1,0,1,sat
/Users/e35480/git/kn-yices2-2/tests/regress/coverage/smtlib/QF_LIA/CIRC/multiplier_prime/MULTIPLIER_PRIME_16.msat.smt2,esat-2007,0.008209,1,0,0,sat
/Users/e35480/git/kn-yices2-2/tests/regress/coverage/smtlib/QF_LIA/CIRC/multiplier_prime/MULTIPLIER_PRIME_16.msat.smt2,vanilla-yices2,0.009528,1,0,1,sat
/Users/e35480/git/kn-yices2-2/tests/regress/coverage/smtlib/QF_LIA/RTCL/b04_tf_20/ckt_PROP0_tf_20.smt2,vanilla-yices2,0.007371,1,0,0,sat
/Users/e35480/git/kn-yices2-2/tests/regress/coverage/smtlib/QF_LIA/RTCL/b04_tf_20/ckt_PROP0_tf_20.smt2,esat-2007,0.011395,1,0,1,sat
/Users/e35480/git/kn-yices2-2/tests/regress/coverage/smtlib/QF_LIA/calypto/problem-002267.cvc.1.smt2,esat-2007,0.008318,1,0,0,unsat
/Users/e35480/git/kn-yices2-2/tests/regress/coverage/smtlib/QF_LIA/calypto/problem-002267.cvc.1.smt2,vanilla-yices2,0.008033,1,0,1,unsat
/Users/e35480/git/kn-yices2-2/tests/regress/coverage/smtlib/QF_LIA/calypto/problem-002673.cvc.1.smt2,vanilla-yices2,0.007039,1,0,0,unsat
/Users/e35480/git/kn-yices2-2/tests/regress/coverage/smtlib/QF_LIA/calypto/problem-002673.cvc.1.smt2,esat-2007,0.006487,1,0,1,unsat
/Users/e35480/git/kn-yices2-2/tests/regress/coverage/smtlib/QF_LIA/check/int_incompleteness1.smt2,esat-2007,0.004914,1,0,0,unsat
/Users/e35480/git/kn-yices2-2/tests/regress/coverage/smtlib/QF_LIA/check/int_incompleteness1.smt2,vanilla-yices2,0.005647,1,0,1,unsat
/Users/e35480/git/kn-yices2-2/tests/regress/coverage/smtlib/QF_LIA/convert/convert-jpg2gif-query-1347.smt2,vanilla-yices2,0.041001,1,0,0,sat
/Users/e35480/git/kn-yices2-2/tests/regress/coverage/smtlib/QF_LIA/convert/convert-jpg2gif-query-1347.smt2,esat-2007,0.036611,1,0,1,sat
/Users/e35480/git/kn-yices2-2/tests/regress/coverage/smtlib/QF_LIA/convert/convert-jpg2gif-query-901.smt2,esat-2007,0.007016,1,0,0,sat
/Users/e35480/git/kn-yices2-2/tests/regress/coverage/smtlib/QF_LIA/convert/convert-jpg2gif-query-901.smt2,vanilla-yices2,0.005789,1,0,1,sat
/Users/e35480/git/kn-yices2-2/tests/regress/coverage/smtlib/QF_LIA/cut_lemmas/15-vars/cut_lemma_03_005.smt2,vanilla-yices2,0.013799,1,0,0,unsat
/Users/e35480/git/kn-yices2-2/tests/regress/coverage/smtlib/QF_LIA/cut_lemmas/15-vars/cut_lemma_03_005.smt2,esat-2007,0.014943,1,0,1,unsat
/Users/e35480/git/kn-yices2-2/tests/regress/coverage/smtlib/QF_LIA/mathsat/FISCHER6-1-fair.smt2,esat-2007,0.006671,1,0,0,sat
/Users/e35480/git/kn-yices2-2/tests/regress/coverage/smtlib/QF_LIA/mathsat/FISCHER6-1-fair.smt2,vanilla-yices2,0.006511,1,0,1,sat
/Users/e35480/git/kn-yices2-2/tests/regress/coverage/smtlib/QF_LIA/nec-smt/med/checkpass_pwd/prp-27-30.smt2,vanilla-yices2,0.028112,1,0,0,unsat
/Users/e35480/git/kn-yices2-2/tests/regress/coverage/smtlib/QF_LIA/nec-smt/med/checkpass_pwd/prp-27-30.smt2,esat-2007,0.028852,1,0,1,unsat
/Users/e35480/git/kn-yices2-2/tests/regress/coverage/smtlib/QF_LIA/nec-smt/small/int_from_list/prp-4-21.smt2,esat-2007,0.007208,1,0,0,unsat
/Users/e35480/git/kn-yices2-2/tests/regress/coverage/smtlib/QF_LIA/nec-smt/small/int_from_list/prp-4-21.smt2,vanilla-yices2,0.006128,1,0,1,unsat
/Users/e35480/git/kn-yices2-2/tests/regress/coverage/smtlib/QF_LIA/prime-cone/prime_cone_unsat_11.smt2,vanilla-yices2,0.006065,1,0,0,unsat
/Users/e35480/git/kn-yices2-2/tests/regress/coverage/smtlib/QF_LIA/prime-cone/prime_cone_unsat_11.smt2,esat-2007,0.006916,1,0,1,unsat
/Users/e35480/git/kn-yices2-2/tests/regress/coverage/smtlib/QF_LIA/rings/ring_2exp16_9vars_7ite_unsat.smt2,esat-2007,0.005858,1,0,0,unsat
/Users/e35480/git/kn-yices2-2/tests/regress/coverage/smtlib/QF_LIA/rings/ring_2exp16_9vars_7ite_unsat.smt2,vanilla-yices2,0.006021,1,0,1,unsat
/Users/e35480/git/kn-yices2-2/tests/regress/coverage/smtlib/QF_LIA/rings_preprocessed/ring_2exp4_8vars_0ite_unsat.smt2,vanilla-yices2,0.006152,1,0,0,unsat
/Users/e35480/git/kn-yices2-2/tests/regress/coverage/smtlib/QF_LIA/rings_preprocessed/ring_2exp4_8vars_0ite_unsat.smt2,esat-2007,0.005271,1,0,1,unsat
/Users/e35480/git/kn-yices2-2/tests/regress/coverage/smtlib/QF_LIA/slacks/10-12.slack.smt2,esat-2007,0.005324,1,0,0,sat
/Users/e35480/git/kn-yices2-2/tests/regress/coverage/smtlib/QF_LIA/slacks/10-12.slack.smt2,vanilla-yices2,0.005782,1,0,1,sat
/Users/e35480/git/kn-yices2-2/tests/regress/coverage/smtlib/QF_LRA/LassoRanker/Ultimate/MenloPark.bpl_Iteration1_Lasso_3-pieceTemplate.smt2,vanilla-yices2,2.757550,1,0,0,unsat
/Users/e35480/git/kn-yices2-2/tests/regress/coverage/smtlib/QF_LRA/LassoRanker/Ultimate/MenloPark.bpl_Iteration1_Lasso_3-pieceTemplate.smt2,esat-2007,15.985187,1,0,1,unsat
/Users/e35480/git/kn-yices2-2/tests/regress/coverage/smtlib/QF_LRA/TM/p2-zenonumeric_s6.smt2,esat-2007,0.013431,1,0,0,sat
/Users/e35480/git/kn-yices2-2/tests/regress/coverage/smtlib/QF_LRA/TM/p2-zenonumeric_s6.smt2,vanilla-yices2,0.010439,1,0,1,sat
/Users/e35480/git/kn-yices2-2/tests/regress/coverage/smtlib/QF_LRA/clock_synchro/clocksynchro_2clocks.main_invar.induct.smt2,vanilla-yices2,0.070425,1,0,0,unsat
/Users/e35480/git/kn-yices2-2/tests/regress/coverage/smtlib/QF_LRA/clock_synchro/clocksynchro_2clocks.main_invar.induct.smt2,esat-2007,0.108438,1,0,1,unsat
/Users/e35480/git/kn-yices2-2/tests/regress/coverage/smtlib/QF_LRA/clock_synchro/clocksynchro_7clocks.main_invar.base.smt2,esat-2007,0.011073,1,0,0,unsat
/Users/e35480/git/kn-yices2-2/tests/regress/coverage/smtlib/QF_LRA/clock_synchro/clocksynchro_7clocks.main_invar.base.smt2,vanilla-yices2,0.008999,1,0,1,unsat
/Users/e35480/git/kn-yices2-2/tests/regress/coverage/smtlib/QF_LRA/meti-tarski/Chua/2/IL/L/Chua-2-IL-L-chunk-0071.smt2,vanilla-yices2,0.005423,1,0,0,sat
/Users/e35480/git/kn-yices2-2/tests/regress/coverage/smtlib/QF_LRA/meti-tarski/Chua/2/IL/L/Chua-2-IL-L-chunk-0071.smt2,esat-2007,0.006115,1,0,1,sat
/Users/e35480/git/kn-yices2-2/tests/regress/coverage/smtlib/QF_LRA/miplib/pp08a-11000.smt2,esat-2007,12.657626,1,0,0,sat
/Users/e35480/git/kn-yices2-2/tests/regress/coverage/smtlib/QF_LRA/miplib/pp08a-11000.smt2,vanilla-yices2,0.120870,1,0,1,sat
/Users/e35480/git/kn-yices2-2/tests/regress/coverage/smtlib/QF_LRA/sal/tgc/tgc_io-safe-13.smt2,vanilla-yices2,0.013196,1,0,0,unsat
/Users/e35480/git/kn-yices2-2/tests/regress/coverage/smtlib/QF_LRA/sal/tgc/tgc_io-safe-13.smt2,esat-2007,0.013984,1,0,1,unsat
/Users/e35480/git/kn-yices2-2/tests/regress/coverage/smtlib/QF_LRA/spider_benchmarks/op_seen_less2.base.smt2,esat-2007,0.009481,1,0,0,unsat
/Users/e35480/git/kn-yices2-2/tests/regress/coverage/smtlib/QF_LRA/spider_benchmarks/op_seen_less2.base.smt2,vanilla-yices2,0.008017,1,0,1,unsat
/Users/e35480/git/kn-yices2-2/tests/regress/coverage/smtlib/QF_LRA/spider_benchmarks/pd_not_fs_seen.base.smt2,vanilla-yices2,0.006536,1,0,0,unsat
/Users/e35480/git/kn-yices2-2/tests/regress/coverage/smtlib/QF_LRA/spider_benchmarks/pd_not_fs_seen.base.smt2,esat-2007,0.005492,1,0,1,unsat
/Users/e35480/git/kn-yices2-2/tests/regress/coverage/smtlib/QF_RDL/SMT-Temporal-Planning-Benchmarks/cooking09.smt2,esat-2007,0.009993,1,0,0,sat
/Users/e35480/git/kn-yices2-2/tests/regress/coverage/smtlib/QF_RDL/SMT-Temporal-Planning-Benchmarks/cooking09.smt2,vanilla-yices2,0.010528,1,0,1,sat
/Users/e35480/git/kn-yices2-2/tests/regress/coverage/smtlib/QF_RDL/SMT-Temporal-Planning-Benchmarks/tms-2-3-light-03.smt2,vanilla-yices2,0.008425,1,0,0,sat
/Users/e35480/git/kn-yices2-2/tests/regress/coverage/smtlib/QF_RDL/SMT-Temporal-Planning-Benchmarks/tms-2-3-light-03.smt2,esat-2007,0.006982,1,0,1,sat
/Users/e35480/git/kn-yices2-2/tests/regress/coverage/smtlib/QF_RDL/check/bignum_rdl1.smt2,esat-2007,0.005907,1,0,0,sat
/Users/e35480/git/kn-yices2-2/tests/regress/coverage/smtlib/QF_RDL/check/bignum_rdl1.smt2,vanilla-yices2,0.005577,1,0,1,sat
/Users/e35480/git/kn-yices2-2/tests/regress/coverage/smtlib/QF_RDL/check/bignum_rdl2.smt2,vanilla-yices2,0.004967,1,0,0,unsat
/Users/e35480/git/kn-yices2-2/tests/regress/coverage/smtlib/QF_RDL/check/bignum_rdl2.smt2,esat-2007,0.005373,1,0,1,unsat
/Users/e35480/git/kn-yices2-2/tests/regress/coverage/smtlib/QF_RDL/sal/fischer3-mutex-2.smt2,esat-2007,0.005778,1,0,0,unsat
/Users/e35480/git/kn-yices2-2/tests/regress/coverage/smtlib/QF_RDL/sal/fischer3-mutex-2.smt2,vanilla-yices2,0.005169,1,0,1,unsat
/Users/e35480/git/kn-yices2-2/tests/regress/coverage/smtlib/QF_RDL/scheduling/abz6_900.smt2,vanilla-yices2,0.021344,1,0,0,unsat
/Users/e35480/git/kn-yices2-2/tests/regress/coverage/smtlib/QF_RDL/scheduling/abz6_900.smt2,esat-2007,0.118391,1,0,1,unsat
/Users/e35480/git/kn-yices2-2/tests/regress/coverage/smtlib/QF_RDL/scheduling/orb07_550.smt2,esat-2007,0.020086,1,0,0,sat
/Users/e35480/git/kn-yices2-2/tests/regress/coverage/smtlib/QF_RDL/scheduling/orb07_550.smt2,vanilla-yices2,0.012490,1,0,1,sat
/Users/e35480/git/kn-yices2-2/tests/regress/coverage/smtlib/QF_UF/QG-classification/loops6/gensys_brn004.smt2,vanilla-yices2,0.008667,1,0,0,unsat
/Users/e35480/git/kn-yices2-2/tests/regress/coverage/smtlib/QF_UF/QG-classification/loops6/gensys_brn004.smt2,esat-2007,0.008186,1,0,1,unsat
/Users/e35480/git/kn-yices2-2/tests/regress/coverage/smtlib/QF_UF/QG-classification/qg5/gensys_icl007.smt2,esat-2007,0.006791,1,0,0,unsat
/Users/e35480/git/kn-yices2-2/tests/regress/coverage/smtlib/QF_UF/QG-classification/qg5/gensys_icl007.smt2,vanilla-yices2,0.006692,1,0,1,unsat
/Users/e35480/git/kn-yices2-2/tests/regress/coverage/smtlib/QF_UF/QG-classification/qg5/iso_icl1066.smt2,vanilla-yices2,0.007896,1,0,0,unsat
/Users/e35480/git/kn-yices2-2/tests/regress/coverage/smtlib/QF_UF/QG-classification/qg5/iso_icl1066.smt2,esat-2007,0.007277,1,0,1,unsat
/Users/e35480/git/kn-yices2-2/tests/regress/coverage/smtlib/QF_UF/QG-classification/qg6/iso_brn_repgen016.smt2,esat-2007,0.079006,1,0,0,sat
/Users/e35480/git/kn-yices2-2/tests/regress/coverage/smtlib/QF_UF/QG-classification/qg6/iso_brn_repgen016.smt2,vanilla-yices2,0.080124,1,0,1,sat
/Users/e35480/git/kn-yices2-2/tests/regress/coverage/smtlib/QF_UF/QG-classification/qg6/iso_icl_repgen_sk009.smt2,vanilla-yices2,0.067724,1,0,0,unsat
/Users/e35480/git/kn-yices2-2/tests/regress/coverage/smtlib/QF_UF/QG-classification/qg6/iso_icl_repgen_sk009.smt2,esat-2007,0.068056,1,0,1,unsat
/Users/e35480/git/kn-yices2-2/tests/regress/coverage/smtlib/QF_UF/SEQ/SEQ004_size5.smt2,esat-2007,0.008937,1,0,0,unsat
/Users/e35480/git/kn-yices2-2/tests/regress/coverage/smtlib/QF_UF/SEQ/SEQ004_size5.smt2,vanilla-yices2,0.007429,1,0,1,unsat
/Users/e35480/git/kn-yices2-2/tests/regress/coverage/smtlib/QF_UF/SEQ/SEQ035_size5.smt2,vanilla-yices2,0.234784,1,0,0,unsat
/Users/e35480/git/kn-yices2-2/tests/regress/coverage/smtlib/QF_UF/SEQ/SEQ035_size5.smt2,esat-2007,0.235401,1,0,1,unsat
/Users/e35480/git/kn-yices2-2/tests/regress/coverage/smtlib/QF_UF/SEQ/SEQ038_size7.smt2,esat-2007,0.025500,1,0,0,unsat
/Users/e35480/git/kn-yices2-2/tests/regress/coverage/smtlib/QF_UF/SEQ/SEQ038_size7.smt2,vanilla-yices2,0.025046,1,0,1,unsat
/Users/e35480/git/kn-yices2-2/tests/regress/coverage/smtlib/QF_UF/eq_diamond/eq_diamond2.smt2,vanilla-yices2,0.006311,1,0,0,unsat
/Users/e35480/git/kn-yices2-2/tests/regress/coverage/smtlib/QF_UF/eq_diamond/eq_diamond2.smt2,esat-2007,0.004974,1,0,1,unsat
/Users/e35480/git/kn-yices2-2/tests/regress/coverage/smtlib/QF_UF/eq_diamond/eq_diamond51.smt2,esat-2007,0.006211,1,0,0,unsat
/Users/e35480/git/kn-yices2-2/tests/regress/coverage/smtlib/QF_UF/eq_diamond/eq_diamond51.smt2,vanilla-yices2,0.005459,1,0,1,unsat
/Users/e35480/git/kn-yices2-2/tests/regress/coverage/smtlib/QF_UFBVLIA/20190307-CPAchecker_kInduction-SoSy_Lab/email_spec0_product09.cil_smt-query.0.smt2,vanilla-yices2,0.008951,1,0,0,unsat
/Users/e35480/git/kn-yices2-2/tests/regress/coverage/smtlib/QF_UFBVLIA/20190307-CPAchecker_kInduction-SoSy_Lab/email_spec0_product09.cil_smt-query.0.smt2,esat-2007,0.009265,1,0,1,unsat
/Users/e35480/git/kn-yices2-2/tests/regress/coverage/smtlib/QF_UFIDL/UCLID-pred/BRP/BRP2.smt2,esat-2007,0.006496,1,0,0,sat
/Users/e35480/git/kn-yices2-2/tests/regress/coverage/smtlib/QF_UFIDL/UCLID-pred/BRP/BRP2.smt2,vanilla-yices2,0.006570,1,0,1,sat
/Users/e35480/git/kn-yices2-2/tests/regress/coverage/smtlib/QF_UFIDL/pete2/c10.smt2,vanilla-yices2,0.022944,1,0,0,unsat
/Users/e35480/git/kn-yices2-2/tests/regress/coverage/smtlib/QF_UFIDL/pete2/c10.smt2,esat-2007,0.023966,1,0,1,unsat
/Users/e35480/git/kn-yices2-2/tests/regress/coverage/smtlib/QF_UFIDL/uclid/37s.smt2,esat-2007,0.006735,1,0,0,unsat
/Users/e35480/git/kn-yices2-2/tests/regress/coverage/smtlib/QF_UFIDL/uclid/37s.smt2,vanilla-yices2,0.006325,1,0,1,unsat
/Users/e35480/git/kn-yices2-2/tests/regress/coverage/smtlib/QF_UFIDL/uclid/elf.rf10.smt2,vanilla-yices2,0.093637,1,0,0,unsat
/Users/e35480/git/kn-yices2-2/tests/regress/coverage/smtlib/QF_UFIDL/uclid/elf.rf10.smt2,esat-2007,0.095114,1,0,1,unsat
/Users/e35480/git/kn-yices2-2/tests/regress/coverage/smtlib/QF_UFLIA/kind/FIREFLY_2_e2_3244_e3_1305.ec.smt2,esat-2007,0.009498,1,0,0,unsat
/Users/e35480/git/kn-yices2-2/tests/regress/coverage/smtlib/QF_UFLIA/kind/FIREFLY_2_e2_3244_e3_1305.ec.smt2,vanilla-yices2,0.008363,1,0,1,unsat
/Users/e35480/git/kn-yices2-2/tests/regress/coverage/smtlib/QF_UFLIA/kind/MOESI_all_e3_2032_e3_2788.ec.smt2,vanilla-yices2,0.007421,1,0,0,unsat
/Users/e35480/git/kn-yices2-2/tests/regress/coverage/smtlib/QF_UFLIA/kind/MOESI_all_e3_2032_e3_2788.ec.smt2,esat-2007,0.007492,1,0,1,unsat
/Users/e35480/git/kn-yices2-2/tests/regress/coverage/smtlib/QF_UFLIA/kind/_6counters.ec.smt2,esat-2007,0.008211,1,0,0,unsat
/Users/e35480/git/kn-yices2-2/tests/regress/coverage/smtlib/QF_UFLIA/kind/_6counters.ec.smt2,vanilla-yices2,0.008190,1,0,1,unsat
/Users/e35480/git/kn-yices2-2/tests/regress/coverage/smtlib/QF_UFLIA/kind/metros_1_e1_846_e1_1317.ec.smt2,vanilla-yices2,0.007343,1,0,0,unsat
/Users/e35480/git/kn-yices2-2/tests/regress/coverage/smtlib/QF_UFLIA/kind/metros_1_e1_846_e1_1317.ec.smt2,esat-2007,0.007418,1,0,1,unsat
/Users/e35480/git/kn-yices2-2/tests/regress/coverage/smtlib/QF_UFLIA/kind/microwave01.ec.smt2,esat-2007,0.008966,1,0,0,unsat
/Users/e35480/git/kn-yices2-2/tests/regress/coverage/smtlib/QF_UFLIA/kind/microwave01.ec.smt2,vanilla-yices2,0.008925,1,0,1,unsat
/Users/e35480/git/kn-yices2-2/tests/regress/coverage/smtlib/QF_UFLIA/kind/two_counters_e1_268.ec.smt2,vanilla-yices2,0.005711,1,0,0,sat
/Users/e35480/git/kn-yices2-2/tests/regress/coverage/smtlib/QF_UFLIA/kind/two_counters_e1_268.ec.smt2,esat-2007,0.005970,1,0,1,sat
/Users/e35480/git/kn-yices2-2/tests/regress/coverage/smtlib/QF_UFLIA/mathsat/Hash/hash_sat_05_09.smt2,esat-2007,0.005913,1,0,0,sat
/Users/e35480/git/kn-yices2-2/tests/regress/coverage/smtlib/QF_UFLIA/mathsat/Hash/hash_sat_05_09.smt2,vanilla-yices2,0.006401,1,0,1,sat
/Users/e35480/git/kn-yices2-2/tests/regress/coverage/smtlib/QF_UFLIA/wisas/xs_27_47.smt2,vanilla-yices2,0.011075,1,0,0,sat
/Users/e35480/git/kn-yices2-2/tests/regress/coverage/smtlib/QF_UFLIA/wisas/xs_27_47.smt2,esat-2007,0.010989,1,0,1,sat
/Users/e35480/git/kn-yices2-2/tests/regress/coverage/smtlib/QF_UFLRA/cpachecker-bmc-svcomp14/cpachecker-bmc.alias_of_return.c_true-unreach-call_1.i.smt2,esat-2007,0.005656,1,0,0,unsat
/Users/e35480/git/kn-yices2-2/tests/regress/coverage/smtlib/QF_UFLRA/cpachecker-bmc-svcomp14/cpachecker-bmc.alias_of_return.c_true-unreach-call_1.i.smt2,vanilla-yices2,0.006082,1,0,1,unsat
/Users/e35480/git/kn-yices2-2/tests/regress/coverage/smtlib/QF_UFLRA/cpachecker-bmc-svcomp14/cpachecker-bmc.elevator_spec14_product03_true-unreach-call.cil.c.smt2,vanilla-yices2,0.006126,1,0,0,unsat
/Users/e35480/git/kn-yices2-2/tests/regress/coverage/smtlib/QF_UFLRA/cpachecker-bmc-svcomp14/cpachecker-bmc.elevator_spec14_product03_true-unreach-call.cil.c.smt2,esat-2007,0.006468,1,0,1,unsat
/Users/e35480/git/kn-yices2-2/tests/regress/coverage/smtlib/QF_UFLRA/cpachecker-bmc-svcomp14/cpachecker-bmc.merge_sort_false-unreach-call.i.smt2,esat-2007,0.006933,1,0,0,unsat
/Users/e35480/git/kn-yices2-2/tests/regress/coverage/smtlib/QF_UFLRA/cpachecker-bmc-svcomp14/cpachecker-bmc.merge_sort_false-unreach-call.i.smt2,vanilla-yices2,0.006133,1,0,1,unsat
/Users/e35480/git/kn-yices2-2/tests/regress/coverage/smtlib/QF_UFLRA/cpachecker-bmc-svcomp14/cpachecker-bmc.rule57_ebda_blast.c_false-unreach-call.i.smt2,vanilla-yices2,0.006457,1,0,0,sat
/Users/e35480/git/kn-yices2-2/tests/regress/coverage/smtlib/QF_UFLRA/cpachecker-bmc-svcomp14/cpachecker-bmc.rule57_ebda_blast.c_false-unreach-call.i.smt2,esat-2007,0.005675,1,0,1,sat
/Users/e35480/git/kn-yices2-2/tests/regress/coverage/smtlib/QF_UFLRA/cpachecker-bmc-svcomp14/cpachecker-bmc.sum02_true-unreach-call.i.smt2,esat-2007,0.005506,1,0,0,unsat
/Users/e35480/git/kn-yices2-2/tests/regress/coverage/smtlib/QF_UFLRA/cpachecker-bmc-svcomp14/cpachecker-bmc.sum02_true-unreach-call.i.smt2,vanilla-yices2,0.006188,1,0,1,unsat
/Users/e35480/git/kn-yices2-2/tests/regress/coverage/smtlib/QF_UFLRA/cpachecker-bmc-svcomp14/media-video-cx88-cx88-vp3054-i2c.ko-ldv_main0_sequence_infinite_withcheck_stateful.cil.out.c.smt2,vanilla-yices2,0.005427,1,0,0,unsat
/Users/e35480/git/kn-yices2-2/tests/regress/coverage/smtlib/QF_UFLRA/cpachecker-bmc-svcomp14/media-video-cx88-cx88-vp3054-i2c.ko-ldv_main0_sequence_infinite_withcheck_stateful.cil.out.c.smt2,esat-2007,0.005733,1,0,1,unsat
/Users/e35480/git/kn-yices2-2/tests/regress/coverage/smtlib/QF_UFLRA/cpachecker-bmc-svcomp14/platform-x86-intel_menlow.ko-ldv_main0_sequence_infinite_withcheck_stateful.cil.out.c.smt2,esat-2007,0.006892,1,0,0,unsat
/Users/e35480/git/kn-yices2-2/tests/regress/coverage/smtlib/QF_UFLRA/cpachecker-bmc-svcomp14/platform-x86-intel_menlow.ko-ldv_main0_sequence_infinite_withcheck_stateful.cil.out.c.smt2,vanilla-yices2,0.005449,1,0,1,unsat
/Users/e35480/git/kn-yices2-2/tests/regress/coverage/smtlib/QF_UFLRA/cpachecker-induction-svcomp14/cpachecker-induction.cdaudio_simpl1_false-unreach-call_true-termination.cil.c.smt2,vanilla-yices2,0.006533,1,0,0,sat
/Users/e35480/git/kn-yices2-2/tests/regress/coverage/smtlib/QF_UFLRA/cpachecker-induction-svcomp14/cpachecker-induction.cdaudio_simpl1_false-unreach-call_true-termination.cil.c.smt2,esat-2007,0.006215,1,0,1,sat
/Users/e35480/git/kn-yices2-2/tests/regress/coverage/smtlib/QF_UFLRA/cpachecker-induction-svcomp14/cpachecker-induction.count_up_down_true-unreach-call_true-termination.i.smt2,esat-2007,0.005102,1,0,0,sat
/Users/e35480/git/kn-yices2-2/tests/regress/coverage/smtlib/QF_UFLRA/cpachecker-induction-svcomp14/cpachecker-induction.count_up_down_true-unreach-call_true-termination.i.smt2,vanilla-yices2,0.005949,1,0,1,sat
/Users/e35480/git/kn-yices2-2/tests/regress/coverage/smtlib/QF_UFLRA/cpachecker-induction-svcomp14/cpachecker-induction.jain_7_true-unreach-call.i.smt2,vanilla-yices2,0.005303,1,0,0,sat
/Users/e35480/git/kn-yices2-2/tests/regress/coverage/smtlib/QF_UFLRA/cpachecker-induction-svcomp14/cpachecker-induction.jain_7_true-unreach-call.i.smt2,esat-2007,0.005150,1,0,1,sat
/Users/e35480/git/kn-yices2-2/tests/regress/coverage/smtlib/QF_UFLRA/mathsat/RandomCoupled/pb_real_10_0200_10_25.smt2,esat-2007,0.006284,1,0,0,unsat
/Users/e35480/git/kn-yices2-2/tests/regress/coverage/smtlib/QF_UFLRA/mathsat/RandomCoupled/pb_real_10_0200_10_25.smt2,vanilla-yices2,0.005473,1,0,1,unsat
/Users/e35480/git/kn-yices2-2/tests/regress/coverage/smtlib/QF_UFLRA/mathsat/RandomDecoupled/pb_real_50_100_30_02.smt2,vanilla-yices2,0.018211,1,0,0,sat
/Users/e35480/git/kn-yices2-2/tests/regress/coverage/smtlib/QF_UFLRA/mathsat/RandomDecoupled/pb_real_50_100_30_02.smt2,esat-2007,0.019012,1,0,1,sat
/Users/e35480/git/kn-yices2-2/tests/regress/efsmt/bv/ranking_2012246_kernel_agplib_init.c.smt2,esat-2007,0.006538,1,0,0,sat
/Users/e35480/git/kn-yices2-2/tests/regress/efsmt/bv/ranking_2012246_kernel_agplib_init.c.smt2,vanilla-yices2,0.005363,1,0,1,sat
/Users/e35480/git/kn-yices2-2/tests/regress/efsmt/bv/ranking_2012247_filesys_smbmrx_cvsndrcv.c.smt2,vanilla-yices2,0.005498,1,0,0,unsat
/Users/e35480/git/kn-yices2-2/tests/regress/efsmt/bv/ranking_2012247_filesys_smbmrx_cvsndrcv.c.smt2,esat-2007,0.006023,1,0,1,unsat
/Users/e35480/git/kn-yices2-2/tests/regress/efsmt/bv/ranking_2012248_audio_ac97_wavepcistream3.cpp.smt2,esat-2007,0.005047,1,0,0,unsat
/Users/e35480/git/kn-yices2-2/tests/regress/efsmt/bv/ranking_2012248_audio_ac97_wavepcistream3.cpp.smt2,vanilla-yices2,0.006596,1,0,1,unsat
/Users/e35480/git/kn-yices2-2/tests/regress/efsmt/bv/ranking_2012249_mmedia_gsm610_gsm6102.c.smt2,vanilla-yices2,0.005888,1,0,0,unsat
/Users/e35480/git/kn-yices2-2/tests/regress/efsmt/bv/ranking_2012249_mmedia_gsm610_gsm6102.c.smt2,esat-2007,0.004990,1,0,1,unsat
/Users/e35480/git/kn-yices2-2/tests/regress/efsmt/bv/ranking_2012250_kmdf_pcidrv_sys_hw_physet.c.smt2,esat-2007,0.007196,1,0,0,sat
/Users/e35480/git/kn-yices2-2/tests/regress/efsmt/bv/ranking_2012250_kmdf_pcidrv_sys_hw_physet.c.smt2,vanilla-yices2,0.007563,1,0,1,sat
/Users/e35480/git/kn-yices2-2/tests/regress/efsmt/bv/ranking_2012251_mmedia_gsm610_gsm6103.c.smt2,vanilla-yices2,0.005011,1,0,0,unsat
/Users/e35480/git/kn-yices2-2/tests/regress/efsmt/bv/ranking_2012251_mmedia_gsm610_gsm6103.c.smt2,esat-2007,0.006370,1,0,1,unsat
/Users/e35480/git/kn-yices2-2/tests/regress/efsmt/bv/ranking_2012252_network_trans_sys_notify.c.smt2,esat-2007,0.005444,1,0,0,unsat
/Users/e35480/git/kn-yices2-2/tests/regress/efsmt/bv/ranking_2012252_network_trans_sys_notify.c.smt2,vanilla-yices2,0.005307,1,0,1,unsat
/Users/e35480/git/kn-yices2-2/tests/regress/efsmt/ef-tests/issue207.smt2,vanilla-yices2,0.005947,1,0,0,sat
/Users/e35480/git/kn-yices2-2/tests/regress/efsmt/ef-tests/issue207.smt2,esat-2007,0.005168,1,0,1,sat
/Users/e35480/git/kn-yices2-2/tests/regress/efsmt/ef-tests/test1.unsat.smt2,esat-2007,0.005155,1,0,0,unsat
/Users/e35480/git/kn-yices2-2/tests/regress/efsmt/ef-tests/test1.unsat.smt2,vanilla-yices2,0.005674,1,0,1,unsat
/Users/e35480/git/kn-yices2-2/tests/regress/efsmt/ef-tests/test10.unsat.smt2,vanilla-yices2,0.004746,1,0,0,unsat
/Users/e35480/git/kn-yices2-2/tests/regress/efsmt/ef-tests/test10.unsat.smt2,esat-2007,0.004831,1,0,1,unsat
/Users/e35480/git/kn-yices2-2/tests/regress/efsmt/ef-tests/test11.sat.smt2,esat-2007,0.005894,1,0,0,sat
/Users/e35480/git/kn-yices2-2/tests/regress/efsmt/ef-tests/test11.sat.smt2,vanilla-yices2,0.004887,1,0,1,sat
/Users/e35480/git/kn-yices2-2/tests/regress/efsmt/ef-tests/test11b.sat.smt2,vanilla-yices2,0.145657,1,0,0,sat
/Users/e35480/git/kn-yices2-2/tests/regress/efsmt/ef-tests/test11b.sat.smt2,esat-2007,0.157758,1,0,1,sat
/Users/e35480/git/kn-yices2-2/tests/regress/efsmt/ef-tests/test11c.sat.smt2,esat-2007,0.029462,1,0,0,sat
/Users/e35480/git/kn-yices2-2/tests/regress/efsmt/ef-tests/test11c.sat.smt2,vanilla-yices2,0.026926,1,0,1,sat
/Users/e35480/git/kn-yices2-2/tests/regress/efsmt/ef-tests/test2.sat.smt2,vanilla-yices2,0.006198,1,0,0,sat
/Users/e35480/git/kn-yices2-2/tests/regress/efsmt/ef-tests/test2.sat.smt2,esat-2007,0.005483,1,0,1,sat
/Users/e35480/git/kn-yices2-2/tests/regress/efsmt/ef-tests/test3.sat.smt2,esat-2007,0.005864,1,0,0,sat
/Users/e35480/git/kn-yices2-2/tests/regress/efsmt/ef-tests/test3.sat.smt2,vanilla-yices2,0.005084,1,0,1,sat
/Users/e35480/git/kn-yices2-2/tests/regress/efsmt/ef-tests/test4.sat.smt2,vanilla-yices2,0.005239,1,0,0,sat
/Users/e35480/git/kn-yices2-2/tests/regress/efsmt/ef-tests/test4.sat.smt2,esat-2007,0.005638,1,0,1,sat
/Users/e35480/git/kn-yices2-2/tests/regress/efsmt/ef-tests/test5.sat.smt2,esat-2007,0.004785,1,0,0,sat
/Users/e35480/git/kn-yices2-2/tests/regress/efsmt/ef-tests/test5.sat.smt2,vanilla-yices2,0.004991,1,0,1,sat
/Users/e35480/git/kn-yices2-2/tests/regress/efsmt/ef-tests/test6.sat.smt2,vanilla-yices2,0.005903,1,0,0,sat
/Users/e35480/git/kn-yices2-2/tests/regress/efsmt/ef-tests/test6.sat.smt2,esat-2007,0.004925,1,0,1,sat
/Users/e35480/git/kn-yices2-2/tests/regress/efsmt/ef-tests/test7.sat.smt2,esat-2007,0.004791,1,0,0,sat
/Users/e35480/git/kn-yices2-2/tests/regress/efsmt/ef-tests/test7.sat.smt2,vanilla-yices2,0.005769,1,0,1,sat
/Users/e35480/git/kn-yices2-2/tests/regress/efsmt/ef-tests/test8.unsat.smt2,vanilla-yices2,0.004817,1,0,0,unsat
/Users/e35480/git/kn-yices2-2/tests/regress/efsmt/ef-tests/test8.unsat.smt2,esat-2007,0.004878,1,0,1,unsat
/Users/e35480/git/kn-yices2-2/tests/regress/efsmt/ef-tests/test9.sat.smt2,esat-2007,0.005815,1,0,0,sat
/Users/e35480/git/kn-yices2-2/tests/regress/efsmt/ef-tests/test9.sat.smt2,vanilla-yices2,0.004826,1,0,1,sat
/Users/e35480/git/kn-yices2-2/tests/regress/efsmt/ematch/issue329.smt2,vanilla-yices2,0.004835,1,0,0,unsat
/Users/e35480/git/kn-yices2-2/tests/regress/efsmt/ematch/issue329.smt2,esat-2007,0.005546,1,0,1,unsat
/Users/e35480/git/kn-yices2-2/tests/regress/efsmt/ematch/issue329_2.smt2,esat-2007,0.004547,1,0,0,unsat
/Users/e35480/git/kn-yices2-2/tests/regress/efsmt/ematch/issue329_2.smt2,vanilla-yices2,0.004688,1,0,1,unsat
/Users/e35480/git/kn-yices2-2/tests/regress/efsmt/ematch/issue332.smt2,vanilla-yices2,0.005367,1,0,0,sat
/Users/e35480/git/kn-yices2-2/tests/regress/efsmt/ematch/issue332.smt2,esat-2007,0.005221,1,0,1,sat
/Users/e35480/git/kn-yices2-2/tests/regress/efsmt/ematch/issue333.smt2,esat-2007,0.005141,1,0,0,sat
/Users/e35480/git/kn-yices2-2/tests/regress/efsmt/ematch/issue333.smt2,vanilla-yices2,0.005502,1,0,1,sat
/Users/e35480/git/kn-yices2-2/tests/regress/efsmt/ematch/list2.smt2,vanilla-yices2,0.005915,1,0,0,sat
/Users/e35480/git/kn-yices2-2/tests/regress/efsmt/ematch/list2.smt2,esat-2007,0.005197,1,0,1,sat
/Users/e35480/git/kn-yices2-2/tests/regress/efsmt/ematch/set10.smt2,esat-2007,0.006628,1,0,0,unsat
/Users/e35480/git/kn-yices2-2/tests/regress/efsmt/ematch/set10.smt2,vanilla-yices2,0.005717,1,0,1,unsat
/Users/e35480/git/kn-yices2-2/tests/regress/efsmt/ematch/set11.smt2,vanilla-yices2,0.005124,1,0,0,unsat
/Users/e35480/git/kn-yices2-2/tests/regress/efsmt/ematch/set11.smt2,esat-2007,0.005903,1,0,1,unsat
/Users/e35480/git/kn-yices2-2/tests/regress/efsmt/ematch/set12.smt2,esat-2007,0.015945,1,0,0,unsat
/Users/e35480/git/kn-yices2-2/tests/regress/efsmt/ematch/set12.smt2,vanilla-yices2,0.016675,1,0,1,unsat
/Users/e35480/git/kn-yices2-2/tests/regress/efsmt/ematch/set13.smt2,vanilla-yices2,0.012520,1,0,0,unsat
/Users/e35480/git/kn-yices2-2/tests/regress/efsmt/ematch/set13.smt2,esat-2007,0.012813,1,0,1,unsat
/Users/e35480/git/kn-yices2-2/tests/regress/efsmt/ematch/set15.smt2,esat-2007,0.006833,1,0,0,unsat
/Users/e35480/git/kn-yices2-2/tests/regress/efsmt/ematch/set15.smt2,vanilla-yices2,0.005602,1,0,1,unsat
/Users/e35480/git/kn-yices2-2/tests/regress/efsmt/ematch/set17.smt2,vanilla-yices2,0.013190,1,0,0,unsat
/Users/e35480/git/kn-yices2-2/tests/regress/efsmt/ematch/set17.smt2,esat-2007,0.011828,1,0,1,unsat
/Users/e35480/git/kn-yices2-2/tests/regress/efsmt/ematch/set18.smt2,esat-2007,0.006397,1,0,0,unsat
/Users/e35480/git/kn-yices2-2/tests/regress/efsmt/ematch/set18.smt2,vanilla-yices2,0.005254,1,0,1,unsat
/Users/e35480/git/kn-yices2-2/tests/regress/efsmt/ematch/set20.smt2,vanilla-yices2,0.006399,1,0,0,unsat
/Users/e35480/git/kn-yices2-2/tests/regress/efsmt/ematch/set20.smt2,esat-2007,0.005774,1,0,1,unsat
/Users/e35480/git/kn-yices2-2/tests/regress/efsmt/ematch/set4.smt2,esat-2007,0.004977,1,0,0,unsat
/Users/e35480/git/kn-yices2-2/tests/regress/efsmt/ematch/set4.smt2,vanilla-yices2,0.005731,1,0,1,unsat
/Users/e35480/git/kn-yices2-2/tests/regress/efsmt/ematch/set5.smt2,vanilla-yices2,0.005145,1,0,0,unsat
/Users/e35480/git/kn-yices2-2/tests/regress/efsmt/ematch/set5.smt2,esat-2007,0.005057,1,0,1,unsat
/Users/e35480/git/kn-yices2-2/tests/regress/efsmt/ematch/set5_pattern.smt2,esat-2007,0.006028,1,0,0,unsat
/Users/e35480/git/kn-yices2-2/tests/regress/efsmt/ematch/set5_pattern.smt2,vanilla-yices2,0.005137,1,0,1,unsat
/Users/e35480/git/kn-yices2-2/tests/regress/efsmt/ematch/set6.smt2,vanilla-yices2,0.039986,1,0,0,unsat
/Users/e35480/git/kn-yices2-2/tests/regress/efsmt/ematch/set6.smt2,esat-2007,0.041933,1,0,1,unsat
/Users/e35480/git/kn-yices2-2/tests/regress/efsmt/ematch/set6_pattern.smt2,esat-2007,0.007231,1,0,0,unsat
/Users/e35480/git/kn-yices2-2/tests/regress/efsmt/ematch/set6_pattern.smt2,vanilla-yices2,0.006575,1,0,1,unsat
/Users/e35480/git/kn-yices2-2/tests/regress/efsmt/ematch/set7.smt2,vanilla-yices2,0.005015,1,0,0,unsat
/Users/e35480/git/kn-yices2-2/tests/regress/efsmt/ematch/set7.smt2,esat-2007,0.005487,1,0,1,unsat
/Users/e35480/git/kn-yices2-2/tests/regress/efsmt/ematch/set8.smt2,esat-2007,0.005890,1,0,0,unsat
/Users/e35480/git/kn-yices2-2/tests/regress/efsmt/ematch/set8.smt2,vanilla-yices2,0.005164,1,0,1,unsat
/Users/e35480/git/kn-yices2-2/tests/regress/efsmt/lia/issue258.smt2,vanilla-yices2,0.005043,1,0,0,sat
/Users/e35480/git/kn-yices2-2/tests/regress/efsmt/lia/issue258.smt2,esat-2007,0.006166,1,0,1,sat
/Users/e35480/git/kn-yices2-2/tests/regress/efsmt/lia/psyco001.smt2,esat-2007,0.006433,1,0,0,sat
/Users/e35480/git/kn-yices2-2/tests/regress/efsmt/lia/psyco001.smt2,vanilla-yices2,0.006464,1,0,1,sat
/Users/e35480/git/kn-yices2-2/tests/regress/efsmt/lia/psyco002.smt2,vanilla-yices2,0.006731,1,0,0,unsat
/Users/e35480/git/kn-yices2-2/tests/regress/efsmt/lia/psyco002.smt2,esat-2007,0.006835,1,0,1,unsat
/Users/e35480/git/kn-yices2-2/tests/regress/efsmt/lia/test001.smt2,esat-2007,0.005941,1,0,0,sat
/Users/e35480/git/kn-yices2-2/tests/regress/efsmt/lia/test001.smt2,vanilla-yices2,0.004820,1,0,1,sat
/Users/e35480/git/kn-yices2-2/tests/regress/efsmt/lia/test002.smt2,vanilla-yices2,0.004966,1,0,0,sat
/Users/e35480/git/kn-yices2-2/tests/regress/efsmt/lia/test002.smt2,esat-2007,0.006059,1,0,1,sat
/Users/e35480/git/kn-yices2-2/tests/regress/efsmt/lia/test003.smt2,esat-2007,0.005136,1,0,0,unsat
/Users/e35480/git/kn-yices2-2/tests/regress/efsmt/lia/test003.smt2,vanilla-yices2,0.005508,1,0,1,unsat
/Users/e35480/git/kn-yices2-2/tests/regress/efsmt/lia/tptpNUM870.smt2,vanilla-yices2,0.005736,1,0,0,sat
/Users/e35480/git/kn-yices2-2/tests/regress/efsmt/lia/tptpNUM870.smt2,esat-2007,0.004762,1,0,1,sat
/Users/e35480/git/kn-yices2-2/tests/regress/efsmt/lia/tptpNUM918.smt2,esat-2007,0.004903,1,0,0,unsat
/Users/e35480/git/kn-yices2-2/tests/regress/efsmt/lia/tptpNUM918.smt2,vanilla-yices2,0.006430,1,0,1,unsat
/Users/e35480/git/kn-yices2-2/tests/regress/efsmt/lra/scholl-smt08_RND_2012364_RND_3_5.smt2,vanilla-yices2,0.005831,1,0,0,unsat
/Users/e35480/git/kn-yices2-2/tests/regress/efsmt/lra/scholl-smt08_RND_2012364_RND_3_5.smt2,esat-2007,0.006105,1,0,1,unsat
/Users/e35480/git/kn-yices2-2/tests/regress/efsmt/lra/scholl-smt08_RND_2012368_RND_3_25.smt2,esat-2007,0.044781,1,0,0,unsat
/Users/e35480/git/kn-yices2-2/tests/regress/efsmt/lra/scholl-smt08_RND_2012368_RND_3_25.smt2,vanilla-yices2,0.016600,1,0,1,unsat
/Users/e35480/git/kn-yices2-2/tests/regress/efsmt/mbqi/epr.smt2,vanilla-yices2,0.007845,1,0,0,sat
/Users/e35480/git/kn-yices2-2/tests/regress/efsmt/mbqi/epr.smt2,esat-2007,0.006617,1,0,1,sat
/Users/e35480/git/kn-yices2-2/tests/regress/efsmt/mbqi/issue256.smt2,esat-2007,0.005231,1,0,0,sat
/Users/e35480/git/kn-yices2-2/tests/regress/efsmt/mbqi/issue256.smt2,vanilla-yices2,0.005913,1,0,1,sat
/Users/e35480/git/kn-yices2-2/tests/regress/efsmt/mbqi/issue315.smt2,vanilla-yices2,0.005244,1,0,0,sat
/Users/e35480/git/kn-yices2-2/tests/regress/efsmt/mbqi/issue315.smt2,esat-2007,0.005071,1,0,1,sat
/Users/e35480/git/kn-yices2-2/tests/regress/efsmt/mbqi/issue315_2.smt2,esat-2007,0.005712,1,0,0,sat
/Users/e35480/git/kn-yices2-2/tests/regress/efsmt/mbqi/issue315_2.smt2,vanilla-yices2,0.004885,1,0,1,sat
/Users/e35480/git/kn-yices2-2/tests/regress/efsmt/mbqi/list1.smt2,vanilla-yices2,0.005262,1,0,0,unsat
/Users/e35480/git/kn-yices2-2/tests/regress/efsmt/mbqi/list1.smt2,esat-2007,0.005829,1,0,1,unsat
/Users/e35480/git/kn-yices2-2/tests/regress/efsmt/mbqi/pvs_example1.smt2,esat-2007,0.005999,1,0,0,unsat
/Users/e35480/git/kn-yices2-2/tests/regress/efsmt/mbqi/pvs_example1.smt2,vanilla-yices2,0.006209,1,0,1,unsat
/Users/e35480/git/kn-yices2-2/tests/regress/efsmt/mbqi/pvs_example2.smt2,vanilla-yices2,0.005628,1,0,0,unsat
/Users/e35480/git/kn-yices2-2/tests/regress/efsmt/mbqi/pvs_example2.smt2,esat-2007,0.005395,1,0,1,unsat
/Users/e35480/git/kn-yices2-2/tests/regress/efsmt/mbqi/set_1.smt2,esat-2007,0.006087,1,0,0,unsat
/Users/e35480/git/kn-yices2-2/tests/regress/efsmt/mbqi/set_1.smt2,vanilla-yices2,0.004942,1,0,1,unsat
/Users/e35480/git/kn-yices2-2/tests/regress/efsmt/mbqi/set_2.smt2,vanilla-yices2,0.004863,1,0,0,sat
/Users/e35480/git/kn-yices2-2/tests/regress/efsmt/mbqi/set_2.smt2,esat-2007,0.005524,1,0,1,sat
/Users/e35480/git/kn-yices2-2/tests/regress/efsmt/mbqi/subtypes.smt2,esat-2007,0.005465,1,0,0,sat
/Users/e35480/git/kn-yices2-2/tests/regress/efsmt/mbqi/subtypes.smt2,vanilla-yices2,0.005169,1,0,1,sat
/Users/e35480/git/kn-yices2-2/tests/regress/efsmt/mbqi/test1.smt2,vanilla-yices2,0.005418,1,0,0,sat
/Users/e35480/git/kn-yices2-2/tests/regress/efsmt/mbqi/test1.smt2,esat-2007,0.004885,1,0,1,sat
/Users/e35480/git/kn-yices2-2/tests/regress/efsmt/mbqi/test10.smt2,esat-2007,0.004643,1,0,0,unsat
/Users/e35480/git/kn-yices2-2/tests/regress/efsmt/mbqi/test10.smt2,vanilla-yices2,0.005071,1,0,1,unsat
/Users/e35480/git/kn-yices2-2/tests/regress/efsmt/mbqi/test11.smt2,vanilla-yices2,0.005776,1,0,0,unsat
/Users/e35480/git/kn-yices2-2/tests/regress/efsmt/mbqi/test11.smt2,esat-2007,0.004736,1,0,1,unsat
/Users/e35480/git/kn-yices2-2/tests/regress/efsmt/mbqi/test12.smt2,esat-2007,0.005116,1,0,0,unsat
/Users/e35480/git/kn-yices2-2/tests/regress/efsmt/mbqi/test12.smt2,vanilla-yices2,0.005803,1,0,1,unsat
/Users/e35480/git/kn-yices2-2/tests/regress/efsmt/mbqi/test13.smt2,vanilla-yices2,0.004736,1,0,0,unsat
/Users/e35480/git/kn-yices2-2/tests/regress/efsmt/mbqi/test13.smt2,esat-2007,0.005017,1,0,1,unsat
/Users/e35480/git/kn-yices2-2/tests/regress/efsmt/mbqi/test14.smt2,esat-2007,0.005823,1,0,0,sat
/Users/e35480/git/kn-yices2-2/tests/regress/efsmt/mbqi/test14.smt2,vanilla-yices2,0.004898,1,0,1,sat
/Users/e35480/git/kn-yices2-2/tests/regress/efsmt/mbqi/test15.smt2,vanilla-yices2,0.005079,1,0,0,unsat
/Users/e35480/git/kn-yices2-2/tests/regress/efsmt/mbqi/test15.smt2,esat-2007,0.006005,1,0,1,unsat
/Users/e35480/git/kn-yices2-2/tests/regress/efsmt/mbqi/test2.smt2,esat-2007,0.004952,1,0,0,sat
/Users/e35480/git/kn-yices2-2/tests/regress/efsmt/mbqi/test2.smt2,vanilla-yices2,0.005371,1,0,1,sat
/Users/e35480/git/kn-yices2-2/tests/regress/efsmt/mbqi/test3.smt2,vanilla-yices2,0.005692,1,0,0,unsat
/Users/e35480/git/kn-yices2-2/tests/regress/efsmt/mbqi/test3.smt2,esat-2007,0.004647,1,0,1,unsat
/Users/e35480/git/kn-yices2-2/tests/regress/efsmt/mbqi/test4.smt2,esat-2007,0.004728,1,0,0,sat
/Users/e35480/git/kn-yices2-2/tests/regress/efsmt/mbqi/test4.smt2,vanilla-yices2,0.005863,1,0,1,sat
/Users/e35480/git/kn-yices2-2/tests/regress/efsmt/mbqi/test5.smt2,vanilla-yices2,0.004793,1,0,0,unsat
/Users/e35480/git/kn-yices2-2/tests/regress/efsmt/mbqi/test5.smt2,esat-2007,0.004864,1,0,1,unsat
/Users/e35480/git/kn-yices2-2/tests/regress/efsmt/mbqi/test6.smt2,esat-2007,0.005643,1,0,0,unsat
/Users/e35480/git/kn-yices2-2/tests/regress/efsmt/mbqi/test6.smt2,vanilla-yices2,0.004775,1,0,1,unsat
/Users/e35480/git/kn-yices2-2/tests/regress/efsmt/mbqi/test7.smt2,vanilla-yices2,0.004712,1,0,0,sat
/Users/e35480/git/kn-yices2-2/tests/regress/efsmt/mbqi/test7.smt2,esat-2007,0.005644,1,0,1,sat
/Users/e35480/git/kn-yices2-2/tests/regress/efsmt/mbqi/test8.smt2,esat-2007,0.004741,1,0,0,unsat
/Users/e35480/git/kn-yices2-2/tests/regress/efsmt/mbqi/test8.smt2,vanilla-yices2,0.004808,1,0,1,unsat
/Users/e35480/git/kn-yices2-2/tests/regress/efsmt/mbqi/test9.smt2,vanilla-yices2,0.005600,1,0,0,unsat
/Users/e35480/git/kn-yices2-2/tests/regress/efsmt/mbqi/test9.smt2,esat-2007,0.005100,1,0,1,unsat
/Users/e35480/git/kn-yices2-2/tests/regress/efsmt/mbqi/test_identity.smt2,esat-2007,0.004812,1,0,0,sat
/Users/e35480/git/kn-yices2-2/tests/regress/efsmt/mbqi/test_identity.smt2,vanilla-yices2,0.004888,1,0,1,sat
/Users/e35480/git/kn-yices2-2/tests/regress/efsmt/mbqi/test_multisorts.smt2,vanilla-yices2,0.005586,1,0,0,sat
/Users/e35480/git/kn-yices2-2/tests/regress/efsmt/mbqi/test_multisorts.smt2,esat-2007,0.004539,1,0,1,sat
/Users/e35480/git/kn-yices2-2/tests/regress/efsmt/mbqi/uf_ef.smt2,esat-2007,0.004737,1,0,0,sat
/Users/e35480/git/kn-yices2-2/tests/regress/efsmt/mbqi/uf_ef.smt2,vanilla-yices2,0.005723,1,0,1,sat
/Users/e35480/git/kn-yices2-2/tests/regress/efsmt/mbqi/uf_epr.smt2,vanilla-yices2,0.004890,1,0,0,sat
/Users/e35480/git/kn-yices2-2/tests/regress/efsmt/mbqi/uf_epr.smt2,esat-2007,0.004808,1,0,1,sat
/Users/e35480/git/kn-yices2-2/tests/regress/efsmt/mbqi/uf_eq.smt2,esat-2007,0.005652,1,0,0,sat
/Users/e35480/git/kn-yices2-2/tests/regress/efsmt/mbqi/uf_eq.smt2,vanilla-yices2,0.005029,1,0,1,sat
/Users/e35480/git/kn-yices2-2/tests/regress/efsmt/mbqi/uf_fe.smt2,vanilla-yices2,0.004969,1,0,0,sat
/Users/e35480/git/kn-yices2-2/tests/regress/efsmt/mbqi/uf_fe.smt2,esat-2007,0.005697,1,0,1,sat
/Users/e35480/git/kn-yices2-2/tests/regress/efsmt/mbqi/ut_e.smt2,esat-2007,0.004985,1,0,0,sat
/Users/e35480/git/kn-yices2-2/tests/regress/efsmt/mbqi/ut_e.smt2,vanilla-yices2,0.004818,1,0,1,sat
/Users/e35480/git/kn-yices2-2/tests/regress/efsmt/mbqi/ut_ef.smt2,vanilla-yices2,0.005371,1,0,0,unsat
/Users/e35480/git/kn-yices2-2/tests/regress/efsmt/mbqi/ut_ef.smt2,esat-2007,0.005345,1,0,1,unsat
/Users/e35480/git/kn-yices2-2/tests/regress/efsmt/mbqi/ut_fe.smt2,esat-2007,0.004943,1,0,0,unsat
/Users/e35480/git/kn-yices2-2/tests/regress/efsmt/mbqi/ut_fe.smt2,vanilla-yices2,0.005347,1,0,1,unsat
/Users/e35480/git/kn-yices2-2/tests/regress/iss433.smt2,vanilla-yices2,0.005365,1,0,0,unsat
/Users/e35480/git/kn-yices2-2/tests/regress/iss433.smt2,esat-2007,0.004783,1,0,1,unsat
/Users/e35480/git/kn-yices2-2/tests/regress/iss433b.smt2,esat-2007,0.005187,1,0,0,unsat
/Users/e35480/git/kn-yices2-2/tests/regress/iss433b.smt2,vanilla-yices2,0.005704,1,0,1,unsat
/Users/e35480/git/kn-yices2-2/tests/regress/iss517.smt2,vanilla-yices2,1.124161,1,0,0,unknown
/Users/e35480/git/kn-yices2-2/tests/regress/iss517.smt2,esat-2007,1.166206,1,0,1,unknown
/Users/e35480/git/kn-yices2-2/tests/regress/iss547.smt2,esat-2007,1.014131,1,0,0,unknown
/Users/e35480/git/kn-yices2-2/tests/regress/iss547.smt2,vanilla-yices2,1.013307,1,0,1,unknown
/Users/e35480/git/kn-yices2-2/tests/regress/keymaera/keymaera_2012253_water_tank-node22259.smt2,vanilla-yices2,0.006754,1,0,0,unsat
/Users/e35480/git/kn-yices2-2/tests/regress/keymaera/keymaera_2012253_water_tank-node22259.smt2,esat-2007,0.006079,1,0,1,unsat
/Users/e35480/git/kn-yices2-2/tests/regress/keymaera/keymaera_2012254_water_tank-node16086.smt2,esat-2007,0.004941,1,0,0,unsat
/Users/e35480/git/kn-yices2-2/tests/regress/keymaera/keymaera_2012254_water_tank-node16086.smt2,vanilla-yices2,0.005438,1,0,1,unsat
/Users/e35480/git/kn-yices2-2/tests/regress/keymaera/keymaera_2012255_water_tank-node23031.smt2,vanilla-yices2,0.005505,1,0,0,unsat
/Users/e35480/git/kn-yices2-2/tests/regress/keymaera/keymaera_2012255_water_tank-node23031.smt2,esat-2007,0.004983,1,0,1,unsat
/Users/e35480/git/kn-yices2-2/tests/regress/keymaera/keymaera_2012256_water_tank-node12581.smt2,esat-2007,0.005180,1,0,0,unsat
/Users/e35480/git/kn-yices2-2/tests/regress/keymaera/keymaera_2012256_water_tank-node12581.smt2,vanilla-yices2,0.005622,1,0,1,unsat
/Users/e35480/git/kn-yices2-2/tests/regress/keymaera/keymaera_2012257_water_tank-node16056.smt2,vanilla-yices2,0.005356,1,0,0,unsat
/Users/e35480/git/kn-yices2-2/tests/regress/keymaera/keymaera_2012257_water_tank-node16056.smt2,esat-2007,0.005396,1,0,1,unsat
/Users/e35480/git/kn-yices2-2/tests/regress/keymaera/keymaera_2012258_water_tank-node28824.smt2,esat-2007,0.005612,1,0,0,unsat
/Users/e35480/git/kn-yices2-2/tests/regress/keymaera/keymaera_2012258_water_tank-node28824.smt2,vanilla-yices2,0.004901,1,0,1,unsat
/Users/e35480/git/kn-yices2-2/tests/regress/keymaera/keymaera_2012259_water_tank-node31001.smt2,vanilla-yices2,0.005082,1,0,0,unsat
/Users/e35480/git/kn-yices2-2/tests/regress/keymaera/keymaera_2012259_water_tank-node31001.smt2,esat-2007,0.005675,1,0,1,unsat
/Users/e35480/git/kn-yices2-2/tests/regress/keymaera/keymaera_2012260_water_tank-node30869.smt2,esat-2007,0.004813,1,0,0,unsat
/Users/e35480/git/kn-yices2-2/tests/regress/keymaera/keymaera_2012260_water_tank-node30869.smt2,vanilla-yices2,0.005241,1,0,1,unsat
/Users/e35480/git/kn-yices2-2/tests/regress/keymaera/keymaera_2012261_water_tank-node29317.smt2,vanilla-yices2,0.005751,1,0,0,unsat
/Users/e35480/git/kn-yices2-2/tests/regress/keymaera/keymaera_2012261_water_tank-node29317.smt2,esat-2007,0.004731,1,0,1,unsat
/Users/e35480/git/kn-yices2-2/tests/regress/keymaera/keymaera_2012262_water_tank-node22228.smt2,esat-2007,0.004938,1,0,0,unsat
/Users/e35480/git/kn-yices2-2/tests/regress/keymaera/keymaera_2012262_water_tank-node22228.smt2,vanilla-yices2,0.006045,1,0,1,unsat
/Users/e35480/git/kn-yices2-2/tests/regress/keymaera/keymaera_2012263_water_tank-node14879.smt2,vanilla-yices2,0.004783,1,0,0,unsat
/Users/e35480/git/kn-yices2-2/tests/regress/keymaera/keymaera_2012263_water_tank-node14879.smt2,esat-2007,0.004920,1,0,1,unsat
/Users/e35480/git/kn-yices2-2/tests/regress/keymaera/keymaera_2012264_water_tank-node30102.smt2,esat-2007,0.005735,1,0,0,unsat
/Users/e35480/git/kn-yices2-2/tests/regress/keymaera/keymaera_2012264_water_tank-node30102.smt2,vanilla-yices2,0.004864,1,0,1,unsat
/Users/e35480/git/kn-yices2-2/tests/regress/keymaera/keymaera_2012265_water_tank-node9351.smt2,vanilla-yices2,0.004888,1,0,0,unsat
/Users/e35480/git/kn-yices2-2/tests/regress/keymaera/keymaera_2012265_water_tank-node9351.smt2,esat-2007,0.005956,1,0,1,unsat
/Users/e35480/git/kn-yices2-2/tests/regress/keymaera/keymaera_2012266_water_tank-node25649.smt2,esat-2007,0.004862,1,0,0,unsat
/Users/e35480/git/kn-yices2-2/tests/regress/keymaera/keymaera_2012266_water_tank-node25649.smt2,vanilla-yices2,0.004832,1,0,1,unsat
/Users/e35480/git/kn-yices2-2/tests/regress/keymaera/keymaera_2012267_water_tank-node24658.smt2,vanilla-yices2,0.005546,1,0,0,unsat
/Users/e35480/git/kn-yices2-2/tests/regress/keymaera/keymaera_2012267_water_tank-node24658.smt2,esat-2007,0.004759,1,0,1,unsat
/Users/e35480/git/kn-yices2-2/tests/regress/keymaera/keymaera_2012268_water_tank-node28794.smt2,esat-2007,0.004728,1,0,0,unsat
/Users/e35480/git/kn-yices2-2/tests/regress/keymaera/keymaera_2012268_water_tank-node28794.smt2,vanilla-yices2,0.005583,1,0,1,unsat
/Users/e35480/git/kn-yices2-2/tests/regress/keymaera/keymaera_2012269_water_tank-node21166.smt2,vanilla-yices2,0.005049,1,0,0,unsat
/Users/e35480/git/kn-yices2-2/tests/regress/keymaera/keymaera_2012269_water_tank-node21166.smt2,esat-2007,0.004839,1,0,1,unsat
/Users/e35480/git/kn-yices2-2/tests/regress/keymaera/keymaera_2012270_water_tank-node30133.smt2,esat-2007,0.005254,1,0,0,unsat
/Users/e35480/git/kn-yices2-2/tests/regress/keymaera/keymaera_2012270_water_tank-node30133.smt2,vanilla-yices2,0.005357,1,0,1,unsat
/Users/e35480/git/kn-yices2-2/tests/regress/keymaera/keymaera_2012271_water_tank-node27679.smt2,vanilla-yices2,0.004785,1,0,0,unsat
/Users/e35480/git/kn-yices2-2/tests/regress/keymaera/keymaera_2012271_water_tank-node27679.smt2,esat-2007,0.005015,1,0,1,unsat
/Users/e35480/git/kn-yices2-2/tests/regress/keymaera/keymaera_2012272_water_tank-node19175.smt2,esat-2007,0.005575,1,0,0,unsat
/Users/e35480/git/kn-yices2-2/tests/regress/keymaera/keymaera_2012272_water_tank-node19175.smt2,vanilla-yices2,0.004801,1,0,1,unsat
/Users/e35480/git/kn-yices2-2/tests/regress/keymaera/keymaera_2012273_water_tank-node29292.smt2,vanilla-yices2,0.004928,1,0,0,unsat
/Users/e35480/git/kn-yices2-2/tests/regress/keymaera/keymaera_2012273_water_tank-node29292.smt2,esat-2007,0.005769,1,0,1,unsat
/Users/e35480/git/kn-yices2-2/tests/regress/keymaera/keymaera_2012274_water_tank-node10186.smt2,esat-2007,0.004706,1,0,0,unsat
/Users/e35480/git/kn-yices2-2/tests/regress/keymaera/keymaera_2012274_water_tank-node10186.smt2,vanilla-yices2,0.004730,1,0,1,unsat
/Users/e35480/git/kn-yices2-2/tests/regress/keymaera/keymaera_2012275_water_tank-node19206.smt2,vanilla-yices2,0.005984,1,0,0,unsat
/Users/e35480/git/kn-yices2-2/tests/regress/keymaera/keymaera_2012275_water_tank-node19206.smt2,esat-2007,0.004777,1,0,1,unsat
/Users/e35480/git/kn-yices2-2/tests/regress/keymaera/keymaera_2012276_water_tank-node21140.smt2,esat-2007,0.004943,1,0,0,unsat
/Users/e35480/git/kn-yices2-2/tests/regress/keymaera/keymaera_2012276_water_tank-node21140.smt2,vanilla-yices2,0.006059,1,0,1,unsat
/Users/e35480/git/kn-yices2-2/tests/regress/keymaera/keymaera_2012277_water_tank-node8198.smt2,vanilla-yices2,0.005089,1,0,0,unsat
/Users/e35480/git/kn-yices2-2/tests/regress/keymaera/keymaera_2012277_water_tank-node8198.smt2,esat-2007,0.004885,1,0,1,unsat
/Users/e35480/git/kn-yices2-2/tests/regress/keymaera/keymaera_2012278_water_tank-node28520.smt2,esat-2007,0.005575,1,0,0,unsat
/Users/e35480/git/kn-yices2-2/tests/regress/keymaera/keymaera_2012278_water_tank-node28520.smt2,vanilla-yices2,0.004831,1,0,1,unsat
/Users/e35480/git/kn-yices2-2/tests/regress/keymaera/keymaera_2012279_water_tank-node7173.smt2,vanilla-yices2,0.005145,1,0,0,unsat
/Users/e35480/git/kn-yices2-2/tests/regress/keymaera/keymaera_2012279_water_tank-node7173.smt2,esat-2007,0.005542,1,0,1,unsat
/Users/e35480/git/kn-yices2-2/tests/regress/keymaera/keymaera_2012280_water_tank-node24598.smt2,esat-2007,0.005072,1,0,0,unsat
/Users/e35480/git/kn-yices2-2/tests/regress/keymaera/keymaera_2012280_water_tank-node24598.smt2,vanilla-yices2,0.004751,1,0,1,unsat
/Users/e35480/git/kn-yices2-2/tests/regress/keymaera/keymaera_2012281_water_tank-node28793.smt2,vanilla-yices2,0.005537,1,0,0,unsat
/Users/e35480/git/kn-yices2-2/tests/regress/keymaera/keymaera_2012281_water_tank-node28793.smt2,esat-2007,0.005338,1,0,1,unsat
/Users/e35480/git/kn-yices2-2/tests/regress/keymaera/keymaera_2012282_water_tank-node30870.smt2,esat-2007,0.004705,1,0,0,unsat
/Users/e35480/git/kn-yices2-2/tests/regress/keymaera/keymaera_2012282_water_tank-node30870.smt2,vanilla-yices2,0.005204,1,0,1,unsat
/Users/e35480/git/kn-yices2-2/tests/regress/keymaera/keymaera_2012283_water_tank-node23061.smt2,vanilla-yices2,0.005360,1,0,0,unsat
/Users/e35480/git/kn-yices2-2/tests/regress/keymaera/keymaera_2012283_water_tank-node23061.smt2,esat-2007,0.004852,1,0,1,unsat
/Users/e35480/git/kn-yices2-2/tests/regress/keymaera/keymaera_2012284_water_tank-node25679.smt2,esat-2007,0.005115,1,0,0,unsat
/Users/e35480/git/kn-yices2-2/tests/regress/keymaera/keymaera_2012284_water_tank-node25679.smt2,vanilla-yices2,0.005827,1,0,1,unsat
/Users/e35480/git/kn-yices2-2/tests/regress/keymaera/keymaera_2012285_water_tank-node27709.smt2,vanilla-yices2,0.004776,1,0,0,unsat
/Users/e35480/git/kn-yices2-2/tests/regress/keymaera/keymaera_2012285_water_tank-node27709.smt2,esat-2007,0.005238,1,0,1,unsat
/Users/e35480/git/kn-yices2-2/tests/regress/keymaera/keymaera_2012286_water_tank-node9381.smt2,esat-2007,0.005698,1,0,0,unsat
/Users/e35480/git/kn-yices2-2/tests/regress/keymaera/keymaera_2012286_water_tank-node9381.smt2,vanilla-yices2,0.004550,1,0,1,unsat
/Users/e35480/git/kn-yices2-2/tests/regress/keymaera/keymaera_2012287_water_tank-node14909.smt2,vanilla-yices2,0.004434,1,0,0,unsat
/Users/e35480/git/kn-yices2-2/tests/regress/keymaera/keymaera_2012287_water_tank-node14909.smt2,esat-2007,0.005450,1,0,1,unsat
/Users/e35480/git/kn-yices2-2/tests/regress/keymaera/keymaera_2012288_water_tank-node13854.smt2,esat-2007,0.004800,1,0,0,unsat
/Users/e35480/git/kn-yices2-2/tests/regress/keymaera/keymaera_2012288_water_tank-node13854.smt2,vanilla-yices2,0.004876,1,0,1,unsat
/Users/e35480/git/kn-yices2-2/tests/regress/keymaera/keymaera_2012289_water_tank-node28519.smt2,vanilla-yices2,0.005641,1,0,0,unsat
/Users/e35480/git/kn-yices2-2/tests/regress/keymaera/keymaera_2012289_water_tank-node28519.smt2,esat-2007,0.004836,1,0,1,unsat
/Users/e35480/git/kn-yices2-2/tests/regress/keymaera/keymaera_2012290_water_tank-node18158.smt2,esat-2007,0.004753,1,0,0,unsat
/Users/e35480/git/kn-yices2-2/tests/regress/keymaera/keymaera_2012290_water_tank-node18158.smt2,vanilla-yices2,0.005690,1,0,1,unsat
/Users/e35480/git/kn-yices2-2/tests/regress/keymaera/keymaera_2012291_water_tank-node23030.smt2,vanilla-yices2,0.004832,1,0,0,unsat
/Users/e35480/git/kn-yices2-2/tests/regress/keymaera/keymaera_2012291_water_tank-node23030.smt2,esat-2007,0.004875,1,0,1,unsat
/Users/e35480/git/kn-yices2-2/tests/regress/keymaera/keymaera_2012292_water_tank-node22229.smt2,esat-2007,0.005193,1,0,0,unsat
/Users/e35480/git/kn-yices2-2/tests/regress/keymaera/keymaera_2012292_water_tank-node22229.smt2,vanilla-yices2,0.005510,1,0,1,unsat
/Users/e35480/git/kn-yices2-2/tests/regress/keymaera/keymaera_2012293_water_tank-node31031.smt2,vanilla-yices2,0.004752,1,0,0,unsat
/Users/e35480/git/kn-yices2-2/tests/regress/keymaera/keymaera_2012293_water_tank-node31031.smt2,esat-2007,0.005080,1,0,1,unsat
/Users/e35480/git/kn-yices2-2/tests/regress/keymaera/keymaera_2012294_water_tank-node7174.smt2,esat-2007,0.005538,1,0,0,unsat
/Users/e35480/git/kn-yices2-2/tests/regress/keymaera/keymaera_2012294_water_tank-node7174.smt2,vanilla-yices2,0.004788,1,0,1,unsat
/Users/e35480/git/kn-yices2-2/tests/regress/keymaera/keymaera_2012295_water_tank-node19176.smt2,vanilla-yices2,0.005110,1,0,0,unsat
/Users/e35480/git/kn-yices2-2/tests/regress/keymaera/keymaera_2012295_water_tank-node19176.smt2,esat-2007,0.005746,1,0,1,unsat
/Users/e35480/git/kn-yices2-2/tests/regress/keymaera/keymaera_2012296_water_tank-node5019.smt2,esat-2007,0.004659,1,0,0,unsat
/Users/e35480/git/kn-yices2-2/tests/regress/keymaera/keymaera_2012296_water_tank-node5019.smt2,vanilla-yices2,0.005039,1,0,1,unsat
/Users/e35480/git/kn-yices2-2/tests/regress/keymaera/keymaera_2012297_water_tank-node11755.smt2,vanilla-yices2,0.005820,1,0,0,unsat
/Users/e35480/git/kn-yices2-2/tests/regress/keymaera/keymaera_2012297_water_tank-node11755.smt2,esat-2007,0.004682,1,0,1,unsat
/Users/e35480/git/kn-yices2-2/tests/regress/keymaera/keymaera_2012298_water_tank-node24597.smt2,esat-2007,0.004902,1,0,0,unsat
/Users/e35480/git/kn-yices2-2/tests/regress/keymaera/keymaera_2012298_water_tank-node24597.smt2,vanilla-yices2,0.005673,1,0,1,unsat
/Users/e35480/git/kn-yices2-2/tests/regress/keymaera/keymaera_2012299_water_tank-node30895.smt2,vanilla-yices2,0.004831,1,0,0,unsat
/Users/e35480/git/kn-yices2-2/tests/regress/keymaera/keymaera_2012299_water_tank-node30895.smt2,esat-2007,0.004818,1,0,1,unsat
/Users/e35480/git/kn-yices2-2/tests/regress/keymaera/keymaera_2012300_water_tank-node25618.smt2,esat-2007,0.005601,1,0,0,unsat
/Users/e35480/git/kn-yices2-2/tests/regress/keymaera/keymaera_2012300_water_tank-node25618.smt2,vanilla-yices2,0.004891,1,0,1,unsat
/Users/e35480/git/kn-yices2-2/tests/regress/keymaera/keymaera_2012301_water_tank-node22289.smt2,vanilla-yices2,0.004703,1,0,0,unsat
/Users/e35480/git/kn-yices2-2/tests/regress/keymaera/keymaera_2012301_water_tank-node22289.smt2,esat-2007,0.005532,1,0,1,unsat
/Users/e35480/git/kn-yices2-2/tests/regress/keymaera/keymaera_2012302_water_tank-node21141.smt2,esat-2007,0.005023,1,0,0,unsat
/Users/e35480/git/kn-yices2-2/tests/regress/keymaera/keymaera_2012302_water_tank-node21141.smt2,vanilla-yices2,0.004764,1,0,1,unsat
/Users/e35480/git/kn-yices2-2/tests/regress/keymaera/keymaera_2012303_water_tank-node16055.smt2,vanilla-yices2,0.005099,1,0,0,unsat
/Users/e35480/git/kn-yices2-2/tests/regress/keymaera/keymaera_2012303_water_tank-node16055.smt2,esat-2007,0.005531,1,0,1,unsat
/Users/e35480/git/kn-yices2-2/tests/regress/keymaera/keymaera_2012304_water_tank-node24628.smt2,esat-2007,0.004737,1,0,0,unsat
/Users/e35480/git/kn-yices2-2/tests/regress/keymaera/keymaera_2012304_water_tank-node24628.smt2,vanilla-yices2,0.004914,1,0,1,unsat
/Users/e35480/git/kn-yices2-2/tests/regress/keymaera/keymaera_2012305_water_tank-node5020.smt2,vanilla-yices2,0.005712,1,0,0,unsat
/Users/e35480/git/kn-yices2-2/tests/regress/keymaera/keymaera_2012305_water_tank-node5020.smt2,esat-2007,0.004611,1,0,1,unsat
/Users/e35480/git/kn-yices2-2/tests/regress/keymaera/keymaera_2012306_water_tank-node10156.smt2,esat-2007,0.004984,1,0,0,unsat
/Users/e35480/git/kn-yices2-2/tests/regress/keymaera/keymaera_2012306_water_tank-node10156.smt2,vanilla-yices2,0.005810,1,0,1,unsat
/Users/e35480/git/kn-yices2-2/tests/regress/keymaera/keymaera_2012307_water_tank-node30158.smt2,vanilla-yices2,0.004783,1,0,0,unsat
/Users/e35480/git/kn-yices2-2/tests/regress/keymaera/keymaera_2012307_water_tank-node30158.smt2,esat-2007,0.004838,1,0,1,unsat
/Users/e35480/git/kn-yices2-2/tests/regress/keymaera/keymaera_2012308_water_tank-node29291.smt2,esat-2007,0.005956,1,0,0,unsat
/Users/e35480/git/kn-yices2-2/tests/regress/keymaera/keymaera_2012308_water_tank-node29291.smt2,vanilla-yices2,0.004855,1,0,1,unsat
/Users/e35480/git/kn-yices2-2/tests/regress/keymaera/keymaera_2012309_water_tank-node26754.smt2,vanilla-yices2,0.004808,1,0,0,unsat
/Users/e35480/git/kn-yices2-2/tests/regress/keymaera/keymaera_2012309_water_tank-node26754.smt2,esat-2007,0.005403,1,0,1,unsat
/Users/e35480/git/kn-yices2-2/tests/regress/keymaera/keymaera_2012310_water_tank-node9350.smt2,esat-2007,0.004846,1,0,0,unsat
/Users/e35480/git/kn-yices2-2/tests/regress/keymaera/keymaera_2012310_water_tank-node9350.smt2,vanilla-yices2,0.004808,1,0,1,unsat
/Users/e35480/git/kn-yices2-2/tests/regress/keymaera/keymaera_2012311_water_tank-node31000.smt2,vanilla-yices2,0.005541,1,0,0,unsat
/Users/e35480/git/kn-yices2-2/tests/regress/keymaera/keymaera_2012311_water_tank-node31000.smt2,esat-2007,0.005090,1,0,1,unsat
/Users/e35480/git/kn-yices2-2/tests/regress/keymaera/keymaera_2012312_water_tank-node8199.smt2,esat-2007,0.004757,1,0,0,unsat
/Users/e35480/git/kn-yices2-2/tests/regress/keymaera/keymaera_2012312_water_tank-node8199.smt2,vanilla-yices2,0.005150,1,0,1,unsat
/Users/e35480/git/kn-yices2-2/tests/regress/keymaera/keymaera_2012313_water_tank-node12555.smt2,vanilla-yices2,0.005462,1,0,0,unsat
/Users/e35480/git/kn-yices2-2/tests/regress/keymaera/keymaera_2012313_water_tank-node12555.smt2,esat-2007,0.004865,1,0,1,unsat
/Users/e35480/git/kn-yices2-2/tests/regress/keymaera/keymaera_2012314_water_tank-node23091.smt2,esat-2007,0.005044,1,0,0,unsat
/Users/e35480/git/kn-yices2-2/tests/regress/keymaera/keymaera_2012314_water_tank-node23091.smt2,vanilla-yices2,0.005569,1,0,1,unsat
/Users/e35480/git/kn-yices2-2/tests/regress/keymaera/keymaera_2012315_water_tank-node25619.smt2,vanilla-yices2,0.004918,1,0,0,unsat
/Users/e35480/git/kn-yices2-2/tests/regress/keymaera/keymaera_2012315_water_tank-node25619.smt2,esat-2007,0.005068,1,0,1,unsat
/Users/e35480/git/kn-yices2-2/tests/regress/keymaera/keymaera_2012316_water_tank-node11781.smt2,esat-2007,0.005664,1,0,0,unsat
/Users/e35480/git/kn-yices2-2/tests/regress/keymaera/keymaera_2012316_water_tank-node11781.smt2,vanilla-yices2,0.004688,1,0,1,unsat
/Users/e35480/git/kn-yices2-2/tests/regress/keymaera/keymaera_2012317_water_tank-node27654.smt2,vanilla-yices2,0.004931,1,0,0,unsat
/Users/e35480/git/kn-yices2-2/tests/regress/keymaera/keymaera_2012317_water_tank-node27654.smt2,esat-2007,0.005593,1,0,1,unsat
/Users/e35480/git/kn-yices2-2/tests/regress/keymaera/keymaera_2012318_water_tank-node18188.smt2,esat-2007,0.004734,1,0,0,unsat
/Users/e35480/git/kn-yices2-2/tests/regress/keymaera/keymaera_2012318_water_tank-node18188.smt2,vanilla-yices2,0.004927,1,0,1,unsat
/Users/e35480/git/kn-yices2-2/tests/regress/keymaera/keymaera_2012319_water_tank-node14878.smt2,vanilla-yices2,0.005852,1,0,0,unsat
/Users/e35480/git/kn-yices2-2/tests/regress/keymaera/keymaera_2012319_water_tank-node14878.smt2,esat-2007,0.004624,1,0,1,unsat
/Users/e35480/git/kn-yices2-2/tests/regress/keymaera/keymaera_2012320_water_tank-node31056.smt2,esat-2007,0.005151,1,0,0,unsat
/Users/e35480/git/kn-yices2-2/tests/regress/keymaera/keymaera_2012320_water_tank-node31056.smt2,vanilla-yices2,0.005377,1,0,1,unsat
/Users/e35480/git/kn-yices2-2/tests/regress/keymaera/keymaera_2012321_water_tank-node12556.smt2,vanilla-yices2,0.004868,1,0,0,unsat
/Users/e35480/git/kn-yices2-2/tests/regress/keymaera/keymaera_2012321_water_tank-node12556.smt2,esat-2007,0.004794,1,0,1,unsat
/Users/e35480/git/kn-yices2-2/tests/regress/keymaera/keymaera_2012322_water_tank-node27653.smt2,esat-2007,0.005809,1,0,0,unsat
/Users/e35480/git/kn-yices2-2/tests/regress/keymaera/keymaera_2012322_water_tank-node27653.smt2,vanilla-yices2,0.005037,1,0,1,unsat
/Users/e35480/git/kn-yices2-2/tests/regress/keymaera/keymaera_2012323_water_tank-node18157.smt2,vanilla-yices2,0.004810,1,0,0,unsat
/Users/e35480/git/kn-yices2-2/tests/regress/keymaera/keymaera_2012323_water_tank-node18157.smt2,esat-2007,0.005226,1,0,1,unsat
/Users/e35480/git/kn-yices2-2/tests/regress/keymaera/keymaera_2012324_water_tank-node13855.smt2,esat-2007,0.005433,1,0,0,unsat
/Users/e35480/git/kn-yices2-2/tests/regress/keymaera/keymaera_2012324_water_tank-node13855.smt2,vanilla-yices2,0.004808,1,0,1,unsat
/Users/e35480/git/kn-yices2-2/tests/regress/keymaera/keymaera_2012325_water_tank-node13885.smt2,vanilla-yices2,0.005117,1,0,0,unsat
/Users/e35480/git/kn-yices2-2/tests/regress/keymaera/keymaera_2012325_water_tank-node13885.smt2,esat-2007,0.005616,1,0,1,unsat
/Users/e35480/git/kn-yices2-2/tests/regress/keymaera/keymaera_2012326_water_tank-node10155.smt2,esat-2007,0.004828,1,0,0,unsat
/Users/e35480/git/kn-yices2-2/tests/regress/keymaera/keymaera_2012326_water_tank-node10155.smt2,vanilla-yices2,0.005066,1,0,1,unsat
/Users/e35480/git/kn-yices2-2/tests/regress/keymaera/keymaera_894071_intersection-example-simple.proof-node85544.smt2,vanilla-yices2,0.005613,1,0,0,unsat
/Users/e35480/git/kn-yices2-2/tests/regress/keymaera/keymaera_894071_intersection-example-simple.proof-node85544.smt2,esat-2007,0.004732,1,0,1,unsat
/Users/e35480/git/kn-yices2-2/tests/regress/keymaera/keymaera_894072_intersection-example-simple.proof-node22267.smt2,esat-2007,0.004778,1,0,0,unsat
/Users/e35480/git/kn-yices2-2/tests/regress/keymaera/keymaera_894072_intersection-example-simple.proof-node22267.smt2,vanilla-yices2,0.005699,1,0,1,unsat
/Users/e35480/git/kn-yices2-2/tests/regress/keymaera/keymaera_894073_intersection-example-simple.proof-node432116.smt2,vanilla-yices2,0.004784,1,0,0,unsat
/Users/e35480/git/kn-yices2-2/tests/regress/keymaera/keymaera_894073_intersection-example-simple.proof-node432116.smt2,esat-2007,0.004781,1,0,1,unsat
/Users/e35480/git/kn-yices2-2/tests/regress/keymaera/keymaera_894074_intersection-example-simple.proof-node22058.smt2,esat-2007,0.005775,1,0,0,unsat
/Users/e35480/git/kn-yices2-2/tests/regress/keymaera/keymaera_894074_intersection-example-simple.proof-node22058.smt2,vanilla-yices2,0.004749,1,0,1,unsat
/Users/e35480/git/kn-yices2-2/tests/regress/keymaera/keymaera_894075_intersection-example-simple.proof-node453137.smt2,vanilla-yices2,0.004811,1,0,0,unsat
/Users/e35480/git/kn-yices2-2/tests/regress/keymaera/keymaera_894075_intersection-example-simple.proof-node453137.smt2,esat-2007,0.005656,1,0,1,unsat
/Users/e35480/git/kn-yices2-2/tests/regress/keymaera/keymaera_894076_intersection-example-simple.proof-node71792.smt2,esat-2007,0.004831,1,0,0,unsat
/Users/e35480/git/kn-yices2-2/tests/regress/keymaera/keymaera_894076_intersection-example-simple.proof-node71792.smt2,vanilla-yices2,0.004778,1,0,1,unsat
/Users/e35480/git/kn-yices2-2/tests/regress/keymaera/keymaera_894078_intersection-example-simple.proof-node47049.smt2,vanilla-yices2,0.005565,1,0,0,unsat
/Users/e35480/git/kn-yices2-2/tests/regress/keymaera/keymaera_894078_intersection-example-simple.proof-node47049.smt2,esat-2007,0.005166,1,0,1,unsat
/Users/e35480/git/kn-yices2-2/tests/regress/keymaera/keymaera_894079_intersection-example-simple.proof-node462796.smt2,esat-2007,0.004742,1,0,0,unsat
/Users/e35480/git/kn-yices2-2/tests/regress/keymaera/keymaera_894079_intersection-example-simple.proof-node462796.smt2,vanilla-yices2,0.004931,1,0,1,unsat
/Users/e35480/git/kn-yices2-2/tests/regress/keymaera/keymaera_894081_intersection-example-simple.proof-node406896.smt2,vanilla-yices2,0.005551,1,0,0,unsat
/Users/e35480/git/kn-yices2-2/tests/regress/keymaera/keymaera_894081_intersection-example-simple.proof-node406896.smt2,esat-2007,0.004901,1,0,1,unsat
/Users/e35480/git/kn-yices2-2/tests/regress/keymaera/keymaera_894085_intersection-example-simple.proof-node75451.smt2,esat-2007,0.005214,1,0,0,unsat
/Users/e35480/git/kn-yices2-2/tests/regress/keymaera/keymaera_894085_intersection-example-simple.proof-node75451.smt2,vanilla-yices2,0.005498,1,0,1,unsat
/Users/e35480/git/kn-yices2-2/tests/regress/keymaera/keymaera_894086_intersection-example-simple.proof-node393141.smt2,vanilla-yices2,0.004822,1,0,0,unsat
/Users/e35480/git/kn-yices2-2/tests/regress/keymaera/keymaera_894086_intersection-example-simple.proof-node393141.smt2,esat-2007,0.005133,1,0,1,unsat
/Users/e35480/git/kn-yices2-2/tests/regress/keymaera/keymaera_894088_intersection-example-simple.proof-node688433.smt2,esat-2007,0.005436,1,0,0,unsat
/Users/e35480/git/kn-yices2-2/tests/regress/keymaera/keymaera_894088_intersection-example-simple.proof-node688433.smt2,vanilla-yices2,0.004590,1,0,1,unsat
/Users/e35480/git/kn-yices2-2/tests/regress/keymaera/keymaera_894090_intersection-example-simple.proof-node432437.smt2,vanilla-yices2,0.004747,1,0,0,unsat
/Users/e35480/git/kn-yices2-2/tests/regress/keymaera/keymaera_894090_intersection-example-simple.proof-node432437.smt2,esat-2007,0.005865,1,0,1,unsat
/Users/e35480/git/kn-yices2-2/tests/regress/keymaera/keymaera_894091_intersection-example-simple.proof-node403405.smt2,esat-2007,0.004835,1,0,0,unsat
/Users/e35480/git/kn-yices2-2/tests/regress/keymaera/keymaera_894091_intersection-example-simple.proof-node403405.smt2,vanilla-yices2,0.004951,1,0,1,unsat
/Users/e35480/git/kn-yices2-2/tests/regress/keymaera/keymaera_894092_intersection-example-simple.proof-node679290.smt2,vanilla-yices2,0.005643,1,0,0,unsat
/Users/e35480/git/kn-yices2-2/tests/regress/keymaera/keymaera_894092_intersection-example-simple.proof-node679290.smt2,esat-2007,0.004760,1,0,1,unsat
/Users/e35480/git/kn-yices2-2/tests/regress/keymaera/keymaera_894093_intersection-example-simple.proof-node13023.smt2,esat-2007,0.004857,1,0,0,unsat
/Users/e35480/git/kn-yices2-2/tests/regress/keymaera/keymaera_894093_intersection-example-simple.proof-node13023.smt2,vanilla-yices2,0.005607,1,0,1,unsat
/Users/e35480/git/kn-yices2-2/tests/regress/keymaera/keymaera_894094_intersection-example-simple.proof-node59054.smt2,vanilla-yices2,0.005084,1,0,0,unsat
/Users/e35480/git/kn-yices2-2/tests/regress/keymaera/keymaera_894094_intersection-example-simple.proof-node59054.smt2,esat-2007,0.004565,1,0,1,unsat
/Users/e35480/git/kn-yices2-2/tests/regress/keymaera/keymaera_894095_intersection-example-simple.proof-node396678.smt2,esat-2007,0.004798,1,0,0,unsat
/Users/e35480/git/kn-yices2-2/tests/regress/keymaera/keymaera_894095_intersection-example-simple.proof-node396678.smt2,vanilla-yices2,0.005335,1,0,1,unsat
/Users/e35480/git/kn-yices2-2/tests/regress/keymaera/keymaera_894096_intersection-example-simple.proof-node679466.smt2,vanilla-yices2,0.004847,1,0,0,unsat
/Users/e35480/git/kn-yices2-2/tests/regress/keymaera/keymaera_894096_intersection-example-simple.proof-node679466.smt2,esat-2007,0.004904,1,0,1,unsat
/Users/e35480/git/kn-yices2-2/tests/regress/keymaera/keymaera_894097_intersection-example-simple.proof-node398905.smt2,esat-2007,0.005765,1,0,0,unsat
/Users/e35480/git/kn-yices2-2/tests/regress/keymaera/keymaera_894097_intersection-example-simple.proof-node398905.smt2,vanilla-yices2,0.004640,1,0,1,unsat
/Users/e35480/git/kn-yices2-2/tests/regress/keymaera/keymaera_894098_intersection-example-simple.proof-node43741.smt2,vanilla-yices2,0.005160,1,0,0,unsat
/Users/e35480/git/kn-yices2-2/tests/regress/keymaera/keymaera_894098_intersection-example-simple.proof-node43741.smt2,esat-2007,0.005889,1,0,1,unsat
/Users/e35480/git/kn-yices2-2/tests/regress/keymaera/keymaera_894099_intersection-example-simple.proof-node463847.smt2,esat-2007,0.004731,1,0,0,unsat
/Users/e35480/git/kn-yices2-2/tests/regress/keymaera/keymaera_894099_intersection-example-simple.proof-node463847.smt2,vanilla-yices2,0.004858,1,0,1,unsat
/Users/e35480/git/kn-yices2-2/tests/regress/keymaera/keymaera_894100_intersection-example-simple.proof-node422254.smt2,vanilla-yices2,0.005702,1,0,0,unsat
/Users/e35480/git/kn-yices2-2/tests/regress/keymaera/keymaera_894100_intersection-example-simple.proof-node422254.smt2,esat-2007,0.004753,1,0,1,unsat
/Users/e35480/git/kn-yices2-2/tests/regress/keymaera/keymaera_894103_intersection-example-simple.proof-node86313.smt2,esat-2007,0.004826,1,0,0,unsat
/Users/e35480/git/kn-yices2-2/tests/regress/keymaera/keymaera_894103_intersection-example-simple.proof-node86313.smt2,vanilla-yices2,0.005689,1,0,1,unsat
/Users/e35480/git/kn-yices2-2/tests/regress/keymaera/keymaera_894104_intersection-example-simple.proof-node12702.smt2,vanilla-yices2,0.004766,1,0,0,unsat
/Users/e35480/git/kn-yices2-2/tests/regress/keymaera/keymaera_894104_intersection-example-simple.proof-node12702.smt2,esat-2007,0.004820,1,0,1,unsat
/Users/e35480/git/kn-yices2-2/tests/regress/keymaera/keymaera_894106_intersection-example-simple.proof-node679744.smt2,esat-2007,0.005491,1,0,0,unsat
/Users/e35480/git/kn-yices2-2/tests/regress/keymaera/keymaera_894106_intersection-example-simple.proof-node679744.smt2,vanilla-yices2,0.005092,1,0,1,unsat
/Users/e35480/git/kn-yices2-2/tests/regress/keymaera/keymaera_894107_intersection-example-simple.proof-node427730.smt2,vanilla-yices2,0.004761,1,0,0,unsat
/Users/e35480/git/kn-yices2-2/tests/regress/keymaera/keymaera_894107_intersection-example-simple.proof-node427730.smt2,esat-2007,0.005076,1,0,1,unsat
/Users/e35480/git/kn-yices2-2/tests/regress/keymaera/keymaera_894109_intersection-example-simple.proof-node431299.smt2,esat-2007,0.005303,1,0,0,unsat
/Users/e35480/git/kn-yices2-2/tests/regress/keymaera/keymaera_894109_intersection-example-simple.proof-node431299.smt2,vanilla-yices2,0.004748,1,0,1,unsat
/Users/e35480/git/kn-yices2-2/tests/regress/keymaera/keymaera_894111_intersection-example-simple.proof-node44607.smt2,vanilla-yices2,0.005236,1,0,0,unsat
/Users/e35480/git/kn-yices2-2/tests/regress/keymaera/keymaera_894111_intersection-example-simple.proof-node44607.smt2,esat-2007,0.005480,1,0,1,unsat
/Users/e35480/git/kn-yices2-2/tests/regress/keymaera/keymaera_894113_intersection-example-simple.proof-node70716.smt2,esat-2007,0.004903,1,0,0,unsat
/Users/e35480/git/kn-yices2-2/tests/regress/keymaera/keymaera_894113_intersection-example-simple.proof-node70716.smt2,vanilla-yices2,0.005075,1,0,1,unsat
/Users/e35480/git/kn-yices2-2/tests/regress/keymaera/keymaera_894114_intersection-example-simple.proof-node98721.smt2,vanilla-yices2,0.005759,1,0,0,unsat
/Users/e35480/git/kn-yices2-2/tests/regress/keymaera/keymaera_894114_intersection-example-simple.proof-node98721.smt2,esat-2007,0.004710,1,0,1,unsat
/Users/e35480/git/kn-yices2-2/tests/regress/keymaera/keymaera_894115_intersection-example-simple.proof-node16357.smt2,esat-2007,0.004797,1,0,0,unsat
/Users/e35480/git/kn-yices2-2/tests/regress/keymaera/keymaera_894115_intersection-example-simple.proof-node16357.smt2,vanilla-yices2,0.005744,1,0,1,unsat
/Users/e35480/git/kn-yices2-2/tests/regress/keymaera/keymaera_894116_intersection-example-simple.proof-node427939.smt2,vanilla-yices2,0.004703,1,0,0,unsat
/Users/e35480/git/kn-yices2-2/tests/regress/keymaera/keymaera_894116_intersection-example-simple.proof-node427939.smt2,esat-2007,0.004707,1,0,1,unsat
/Users/e35480/git/kn-yices2-2/tests/regress/keymaera/keymaera_894117_intersection-example-simple.proof-node733141.smt2,esat-2007,0.005502,1,0,0,unsat
/Users/e35480/git/kn-yices2-2/tests/regress/keymaera/keymaera_894117_intersection-example-simple.proof-node733141.smt2,vanilla-yices2,0.004769,1,0,1,unsat
/Users/e35480/git/kn-yices2-2/tests/regress/keymaera/keymaera_894118_intersection-example-simple.proof-node12911.smt2,vanilla-yices2,0.004815,1,0,0,unsat
/Users/e35480/git/kn-yices2-2/tests/regress/keymaera/keymaera_894118_intersection-example-simple.proof-node12911.smt2,esat-2007,0.005679,1,0,1,unsat
/Users/e35480/git/kn-yices2-2/tests/regress/keymaera/keymaera_894119_intersection-example-simple.proof-node680612.smt2,esat-2007,0.004915,1,0,0,unsat
/Users/e35480/git/kn-yices2-2/tests/regress/keymaera/keymaera_894119_intersection-example-simple.proof-node680612.smt2,vanilla-yices2,0.004676,1,0,1,unsat
/Users/e35480/git/kn-yices2-2/tests/regress/keymaera/keymaera_894120_intersection-example-simple.proof-node53134.smt2,vanilla-yices2,0.004940,1,0,0,unsat
/Users/e35480/git/kn-yices2-2/tests/regress/keymaera/keymaera_894120_intersection-example-simple.proof-node53134.smt2,esat-2007,0.005670,1,0,1,unsat
/Users/e35480/git/kn-yices2-2/tests/regress/keymaera/keymaera_894121_intersection-example-simple.proof-node15586.smt2,esat-2007,0.004753,1,0,0,unsat
/Users/e35480/git/kn-yices2-2/tests/regress/keymaera/keymaera_894121_intersection-example-simple.proof-node15586.smt2,vanilla-yices2,0.005180,1,0,1,unsat
/Users/e35480/git/kn-yices2-2/tests/regress/keymaera/keymaera_894123_intersection-example-simple.proof-node684597.smt2,vanilla-yices2,0.005569,1,0,0,unsat
/Users/e35480/git/kn-yices2-2/tests/regress/keymaera/keymaera_894123_intersection-example-simple.proof-node684597.smt2,esat-2007,0.004780,1,0,1,unsat
/Users/e35480/git/kn-yices2-2/tests/regress/keymaera/keymaera_894124_intersection-example-simple.proof-node459874.smt2,esat-2007,0.004990,1,0,0,unsat
/Users/e35480/git/kn-yices2-2/tests/regress/keymaera/keymaera_894124_intersection-example-simple.proof-node459874.smt2,vanilla-yices2,0.005549,1,0,1,unsat
/Users/e35480/git/kn-yices2-2/tests/regress/keymaera/keymaera_894126_intersection-example-simple.proof-node450267.smt2,vanilla-yices2,0.004695,1,0,0,unsat
/Users/e35480/git/kn-yices2-2/tests/regress/keymaera/keymaera_894126_intersection-example-simple.proof-node450267.smt2,esat-2007,0.004906,1,0,1,unsat
/Users/e35480/git/kn-yices2-2/tests/regress/keymaera/keymaera_894128_intersection-example-simple.proof-node680933.smt2,esat-2007,0.007332,1,0,0,unsat
/Users/e35480/git/kn-yices2-2/tests/regress/keymaera/keymaera_894128_intersection-example-simple.proof-node680933.smt2,vanilla-yices2,0.005775,1,0,1,unsat
/Users/e35480/git/kn-yices2-2/tests/regress/keymaera/keymaera_894130_intersection-example-simple.proof-node688613.smt2,vanilla-yices2,0.004969,1,0,0,unsat
/Users/e35480/git/kn-yices2-2/tests/regress/keymaera/keymaera_894130_intersection-example-simple.proof-node688613.smt2,esat-2007,0.005607,1,0,1,unsat
/Users/e35480/git/kn-yices2-2/tests/regress/keymaera/keymaera_894131_intersection-example-simple.proof-node431090.smt2,esat-2007,0.006467,1,0,0,unsat
/Users/e35480/git/kn-yices2-2/tests/regress/keymaera/keymaera_894131_intersection-example-simple.proof-node431090.smt2,vanilla-yices2,0.006518,1,0,1,unsat
/Users/e35480/git/kn-yices2-2/tests/regress/keymaera/keymaera_894132_intersection-example-simple.proof-node46397.smt2,vanilla-yices2,0.005497,1,0,0,unsat
/Users/e35480/git/kn-yices2-2/tests/regress/keymaera/keymaera_894132_intersection-example-simple.proof-node46397.smt2,esat-2007,0.004984,1,0,1,unsat
/Users/e35480/git/kn-yices2-2/tests/regress/keymaera/keymaera_894133_intersection-example-simple.proof-node99528.smt2,esat-2007,0.006117,1,0,0,unsat
/Users/e35480/git/kn-yices2-2/tests/regress/keymaera/keymaera_894133_intersection-example-simple.proof-node99528.smt2,vanilla-yices2,0.005292,1,0,1,unsat
/Users/e35480/git/kn-yices2-2/tests/regress/keymaera/keymaera_894134_intersection-example-simple.proof-node405951.smt2,vanilla-yices2,0.005630,1,0,0,unsat
/Users/e35480/git/kn-yices2-2/tests/regress/keymaera/keymaera_894134_intersection-example-simple.proof-node405951.smt2,esat-2007,0.007112,1,0,1,unsat
/Users/e35480/git/kn-yices2-2/tests/regress/keymaera/keymaera_894135_intersection-example-simple.proof-node403143.smt2,esat-2007,0.005252,1,0,0,unsat
/Users/e35480/git/kn-yices2-2/tests/regress/keymaera/keymaera_894135_intersection-example-simple.proof-node403143.smt2,vanilla-yices2,0.006329,1,0,1,unsat
/Users/e35480/git/kn-yices2-2/tests/regress/keymaera/keymaera_894137_intersection-example-simple.proof-node404096.smt2,vanilla-yices2,0.005760,1,0,0,unsat
/Users/e35480/git/kn-yices2-2/tests/regress/keymaera/keymaera_894137_intersection-example-simple.proof-node404096.smt2,esat-2007,0.005276,1,0,1,unsat
/Users/e35480/git/kn-yices2-2/tests/regress/keymaera/keymaera_894139_intersection-example-simple.proof-node57616.smt2,esat-2007,0.006082,1,0,0,unsat
/Users/e35480/git/kn-yices2-2/tests/regress/keymaera/keymaera_894139_intersection-example-simple.proof-node57616.smt2,vanilla-yices2,0.006120,1,0,1,unsat
/Users/e35480/git/kn-yices2-2/tests/regress/keymaera/keymaera_894141_intersection-example-simple.proof-node6298.smt2,vanilla-yices2,0.005256,1,0,0,unsat
/Users/e35480/git/kn-yices2-2/tests/regress/keymaera/keymaera_894141_intersection-example-simple.proof-node6298.smt2,esat-2007,0.006799,1,0,1,unsat
/Users/e35480/git/kn-yices2-2/tests/regress/keymaera/keymaera_894142_intersection-example-simple.proof-node412027.smt2,esat-2007,0.005525,1,0,0,unsat
/Users/e35480/git/kn-yices2-2/tests/regress/keymaera/keymaera_894142_intersection-example-simple.proof-node412027.smt2,vanilla-yices2,0.005608,1,0,1,unsat
/Users/e35480/git/kn-yices2-2/tests/regress/keymaera/keymaera_894143_intersection-example-simple.proof-node98609.smt2,vanilla-yices2,0.006372,1,0,0,unsat
/Users/e35480/git/kn-yices2-2/tests/regress/keymaera/keymaera_894143_intersection-example-simple.proof-node98609.smt2,esat-2007,0.004987,1,0,1,unsat
/Users/e35480/git/kn-yices2-2/tests/regress/keymaera/keymaera_894144_intersection-example-simple.proof-node683187.smt2,esat-2007,0.004488,1,0,0,unsat
/Users/e35480/git/kn-yices2-2/tests/regress/keymaera/keymaera_894144_intersection-example-simple.proof-node683187.smt2,vanilla-yices2,0.005521,1,0,1,unsat
/Users/e35480/git/kn-yices2-2/tests/regress/keymaera/keymaera_894147_intersection-example-simple.proof-node26275.smt2,vanilla-yices2,0.005904,1,0,0,unsat
/Users/e35480/git/kn-yices2-2/tests/regress/keymaera/keymaera_894147_intersection-example-simple.proof-node26275.smt2,esat-2007,0.004613,1,0,1,unsat
/Users/e35480/git/kn-yices2-2/tests/regress/keymaera/keymaera_894148_intersection-example-simple.proof-node451347.smt2,esat-2007,0.006321,1,0,0,unsat
/Users/e35480/git/kn-yices2-2/tests/regress/keymaera/keymaera_894148_intersection-example-simple.proof-node451347.smt2,vanilla-yices2,0.006787,1,0,1,unsat
/Users/e35480/git/kn-yices2-2/tests/regress/keymaera/keymaera_894149_intersection-example-simple.proof-node2545.smt2,vanilla-yices2,0.008677,1,0,0,unsat
/Users/e35480/git/kn-yices2-2/tests/regress/keymaera/keymaera_894149_intersection-example-simple.proof-node2545.smt2,esat-2007,0.006061,1,0,1,unsat
/Users/e35480/git/kn-yices2-2/tests/regress/keymaera/keymaera_894150_intersection-example-simple.proof-node85758.smt2,esat-2007,0.006041,1,0,0,unsat
/Users/e35480/git/kn-yices2-2/tests/regress/keymaera/keymaera_894150_intersection-example-simple.proof-node85758.smt2,vanilla-yices2,0.006441,1,0,1,unsat
/Users/e35480/git/kn-yices2-2/tests/regress/keymaera/keymaera_894152_intersection-example-simple.proof-node22930.smt2,vanilla-yices2,0.005166,1,0,0,unsat
/Users/e35480/git/kn-yices2-2/tests/regress/keymaera/keymaera_894152_intersection-example-simple.proof-node22930.smt2,esat-2007,0.005451,1,0,1,unsat
/Users/e35480/git/kn-yices2-2/tests/regress/keymaera/keymaera_894154_intersection-example-simple.proof-node81001.smt2,esat-2007,0.005279,1,0,0,unsat
/Users/e35480/git/kn-yices2-2/tests/regress/keymaera/keymaera_894154_intersection-example-simple.proof-node81001.smt2,vanilla-yices2,0.004508,1,0,1,unsat
/Users/e35480/git/kn-yices2-2/tests/regress/keymaera/keymaera_894155_intersection-example-simple.proof-node409710.smt2,vanilla-yices2,0.004594,1,0,0,unsat
/Users/e35480/git/kn-yices2-2/tests/regress/keymaera/keymaera_894155_intersection-example-simple.proof-node409710.smt2,esat-2007,0.005844,1,0,1,unsat
/Users/e35480/git/kn-yices2-2/tests/regress/keymaera/keymaera_894156_intersection-example-simple.proof-node461247.smt2,esat-2007,0.005173,1,0,0,unsat
/Users/e35480/git/kn-yices2-2/tests/regress/keymaera/keymaera_894156_intersection-example-simple.proof-node461247.smt2,vanilla-yices2,0.004860,1,0,1,unsat
/Users/e35480/git/kn-yices2-2/tests/regress/keymaera/keymaera_894157_intersection-example-simple.proof-node681835.smt2,vanilla-yices2,0.005890,1,0,0,unsat
/Users/e35480/git/kn-yices2-2/tests/regress/keymaera/keymaera_894157_intersection-example-simple.proof-node681835.smt2,esat-2007,0.005050,1,0,1,unsat
/Users/e35480/git/kn-yices2-2/tests/regress/keymaera/keymaera_894159_intersection-example-simple.proof-node84760.smt2,esat-2007,0.004553,1,0,0,unsat
/Users/e35480/git/kn-yices2-2/tests/regress/keymaera/keymaera_894159_intersection-example-simple.proof-node84760.smt2,vanilla-yices2,0.005303,1,0,1,unsat
/Users/e35480/git/kn-yices2-2/tests/regress/keymaera/keymaera_894160_intersection-example-simple.proof-node680821.smt2,vanilla-yices2,0.005364,1,0,0,unsat
/Users/e35480/git/kn-yices2-2/tests/regress/keymaera/keymaera_894160_intersection-example-simple.proof-node680821.smt2,esat-2007,0.005023,1,0,1,unsat
/Users/e35480/git/kn-yices2-2/tests/regress/keymaera/keymaera_894161_intersection-example-simple.proof-node54186.smt2,esat-2007,0.006063,1,0,0,unsat
/Users/e35480/git/kn-yices2-2/tests/regress/keymaera/keymaera_894161_intersection-example-simple.proof-node54186.smt2,vanilla-yices2,0.004731,1,0,1,unsat
/Users/e35480/git/kn-yices2-2/tests/regress/keymaera/keymaera_894163_intersection-example-simple.proof-node404555.smt2,vanilla-yices2,0.005471,1,0,0,unsat
/Users/e35480/git/kn-yices2-2/tests/regress/keymaera/keymaera_894163_intersection-example-simple.proof-node404555.smt2,esat-2007,0.006110,1,0,1,unsat
/Users/e35480/git/kn-yices2-2/tests/regress/keymaera/keymaera_894167_intersection-example-simple.proof-node419176.smt2,esat-2007,0.005311,1,0,0,unsat
/Users/e35480/git/kn-yices2-2/tests/regress/keymaera/keymaera_894167_intersection-example-simple.proof-node419176.smt2,vanilla-yices2,0.005109,1,0,1,unsat
/Users/e35480/git/kn-yices2-2/tests/regress/keymaera/keymaera_894168_intersection-example-simple.proof-node451133.smt2,vanilla-yices2,0.006278,1,0,0,unsat
/Users/e35480/git/kn-yices2-2/tests/regress/keymaera/keymaera_894168_intersection-example-simple.proof-node451133.smt2,esat-2007,0.005341,1,0,1,unsat
/Users/e35480/git/kn-yices2-2/tests/regress/keymaera/keymaera_894169_intersection-example-simple.proof-node80003.smt2,esat-2007,0.005834,1,0,0,unsat
/Users/e35480/git/kn-yices2-2/tests/regress/keymaera/keymaera_894169_intersection-example-simple.proof-node80003.smt2,vanilla-yices2,0.006940,1,0,1,unsat
/Users/e35480/git/kn-yices2-2/tests/regress/keymaera/keymaera_894171_intersection-example-simple.proof-node465124.smt2,vanilla-yices2,0.006849,1,0,0,unsat
/Users/e35480/git/kn-yices2-2/tests/regress/keymaera/keymaera_894171_intersection-example-simple.proof-node465124.smt2,esat-2007,0.007224,1,0,1,unsat
/Users/e35480/git/kn-yices2-2/tests/regress/keymaera/keymaera_894175_intersection-example-simple.proof-node454003.smt2,esat-2007,0.006342,1,0,0,unsat
/Users/e35480/git/kn-yices2-2/tests/regress/keymaera/keymaera_894175_intersection-example-simple.proof-node454003.smt2,vanilla-yices2,0.007742,1,0,1,unsat
/Users/e35480/git/kn-yices2-2/tests/regress/keymaera/keymaera_894176_intersection-example-simple.proof-node6512.smt2,vanilla-yices2,0.013442,1,0,0,unsat
/Users/e35480/git/kn-yices2-2/tests/regress/keymaera/keymaera_894176_intersection-example-simple.proof-node6512.smt2,esat-2007,0.009099,1,0,1,unsat
/Users/e35480/git/kn-yices2-2/tests/regress/keymaera/keymaera_894180_intersection-example-simple.proof-node462599.smt2,esat-2007,0.009806,1,0,0,unsat
/Users/e35480/git/kn-yices2-2/tests/regress/keymaera/keymaera_894180_intersection-example-simple.proof-node462599.smt2,vanilla-yices2,0.008006,1,0,1,unsat
/Users/e35480/git/kn-yices2-2/tests/regress/keymaera/keymaera_894181_intersection-example-simple.proof-node80217.smt2,vanilla-yices2,0.008616,1,0,0,unsat
/Users/e35480/git/kn-yices2-2/tests/regress/keymaera/keymaera_894181_intersection-example-simple.proof-node80217.smt2,esat-2007,0.008735,1,0,1,unsat
/Users/e35480/git/kn-yices2-2/tests/regress/keymaera/keymaera_894182_intersection-example-simple.proof-node679020.smt2,esat-2007,0.007902,1,0,0,unsat
/Users/e35480/git/kn-yices2-2/tests/regress/keymaera/keymaera_894182_intersection-example-simple.proof-node679020.smt2,vanilla-yices2,0.005831,1,0,1,unsat
/Users/e35480/git/kn-yices2-2/tests/regress/keymaera/keymaera_894183_intersection-example-simple.proof-node44393.smt2,vanilla-yices2,0.006100,1,0,0,unsat
/Users/e35480/git/kn-yices2-2/tests/regress/keymaera/keymaera_894183_intersection-example-simple.proof-node44393.smt2,esat-2007,0.006664,1,0,1,unsat
/Users/e35480/git/kn-yices2-2/tests/regress/keymaera/keymaera_894184_intersection-example-simple.proof-node683401.smt2,esat-2007,0.005984,1,0,0,unsat
/Users/e35480/git/kn-yices2-2/tests/regress/keymaera/keymaera_894184_intersection-example-simple.proof-node683401.smt2,vanilla-yices2,0.006631,1,0,1,unsat
/Users/e35480/git/kn-yices2-2/tests/regress/keymaera/keymaera_894185_intersection-example-simple.proof-node24909.smt2,vanilla-yices2,0.005427,1,0,0,unsat
/Users/e35480/git/kn-yices2-2/tests/regress/keymaera/keymaera_894185_intersection-example-simple.proof-node24909.smt2,esat-2007,0.005143,1,0,1,unsat
/Users/e35480/git/kn-yices2-2/tests/regress/keymaera/keymaera_894187_intersection-example-simple.proof-node408839.smt2,esat-2007,0.006464,1,0,0,unsat
/Users/e35480/git/kn-yices2-2/tests/regress/keymaera/keymaera_894187_intersection-example-simple.proof-node408839.smt2,vanilla-yices2,0.005267,1,0,1,unsat
/Users/e35480/git/kn-yices2-2/tests/regress/keymaera/keymaera_894188_intersection-example-simple.proof-node75660.smt2,vanilla-yices2,0.004756,1,0,0,unsat
/Users/e35480/git/kn-yices2-2/tests/regress/keymaera/keymaera_894188_intersection-example-simple.proof-node75660.smt2,esat-2007,0.005955,1,0,1,unsat
/Users/e35480/git/kn-yices2-2/tests/regress/keymaera/keymaera_894190_intersection-example-simple.proof-node396021.smt2,esat-2007,0.005991,1,0,0,unsat
/Users/e35480/git/kn-yices2-2/tests/regress/keymaera/keymaera_894190_intersection-example-simple.proof-node396021.smt2,vanilla-yices2,0.004663,1,0,1,unsat
/Users/e35480/git/kn-yices2-2/tests/regress/keymaera/keymaera_894192_intersection-example-simple.proof-node25118.smt2,vanilla-yices2,0.008407,1,0,0,unsat
/Users/e35480/git/kn-yices2-2/tests/regress/keymaera/keymaera_894192_intersection-example-simple.proof-node25118.smt2,esat-2007,0.006808,1,0,1,unsat
/Users/e35480/git/kn-yices2-2/tests/regress/keymaera/keymaera_894196_intersection-example-simple.proof-node460926.smt2,esat-2007,0.007626,1,0,0,unsat
/Users/e35480/git/kn-yices2-2/tests/regress/keymaera/keymaera_894196_intersection-example-simple.proof-node460926.smt2,vanilla-yices2,0.006473,1,0,1,unsat
/Users/e35480/git/kn-yices2-2/tests/regress/keymaera/keymaera_894197_intersection-example-simple.proof-node25230.smt2,vanilla-yices2,0.007057,1,0,0,unsat
/Users/e35480/git/kn-yices2-2/tests/regress/keymaera/keymaera_894197_intersection-example-simple.proof-node25230.smt2,esat-2007,0.007345,1,0,1,unsat
/Users/e35480/git/kn-yices2-2/tests/regress/keymaera/keymaera_894198_intersection-example-simple.proof-node407008.smt2,esat-2007,0.007241,1,0,0,unsat
/Users/e35480/git/kn-yices2-2/tests/regress/keymaera/keymaera_894198_intersection-example-simple.proof-node407008.smt2,vanilla-yices2,0.006953,1,0,1,unsat
/Users/e35480/git/kn-yices2-2/tests/regress/keymaera/keymaera_894199_intersection-example-simple.proof-node396892.smt2,vanilla-yices2,0.006588,1,0,0,unsat
/Users/e35480/git/kn-yices2-2/tests/regress/keymaera/keymaera_894199_intersection-example-simple.proof-node396892.smt2,esat-2007,0.007149,1,0,1,unsat
/Users/e35480/git/kn-yices2-2/tests/regress/keymaera/keymaera_894200_intersection-example-simple.proof-node404749.smt2,esat-2007,0.006930,1,0,0,unsat
/Users/e35480/git/kn-yices2-2/tests/regress/keymaera/keymaera_894200_intersection-example-simple.proof-node404749.smt2,vanilla-yices2,0.008459,1,0,1,unsat
/Users/e35480/git/kn-yices2-2/tests/regress/keymaera/keymaera_894201_intersection-example-simple.proof-node461135.smt2,vanilla-yices2,0.007309,1,0,0,unsat
/Users/e35480/git/kn-yices2-2/tests/regress/keymaera/keymaera_894201_intersection-example-simple.proof-node461135.smt2,esat-2007,0.010008,1,0,1,unsat
/Users/e35480/git/kn-yices2-2/tests/regress/keymaera/keymaera_894203_intersection-example-simple.proof-node464724.smt2,esat-2007,0.009792,1,0,0,unsat
/Users/e35480/git/kn-yices2-2/tests/regress/keymaera/keymaera_894203_intersection-example-simple.proof-node464724.smt2,vanilla-yices2,0.010697,1,0,1,unsat
/Users/e35480/git/kn-yices2-2/tests/regress/keymaera/keymaera_894204_intersection-example-simple.proof-node3202.smt2,vanilla-yices2,0.007941,1,0,0,unsat
/Users/e35480/git/kn-yices2-2/tests/regress/keymaera/keymaera_894204_intersection-example-simple.proof-node3202.smt2,esat-2007,0.005861,1,0,1,unsat
/Users/e35480/git/kn-yices2-2/tests/regress/keymaera/keymaera_894206_intersection-example-simple.proof-node62694.smt2,esat-2007,0.005462,1,0,0,unsat
/Users/e35480/git/kn-yices2-2/tests/regress/keymaera/keymaera_894206_intersection-example-simple.proof-node62694.smt2,vanilla-yices2,0.006549,1,0,1,unsat
/Users/e35480/git/kn-yices2-2/tests/regress/keymaera/keymaera_894207_intersection-example-simple.proof-node422040.smt2,vanilla-yices2,0.005245,1,0,0,unsat
/Users/e35480/git/kn-yices2-2/tests/regress/keymaera/keymaera_894207_intersection-example-simple.proof-node422040.smt2,esat-2007,0.004841,1,0,1,unsat
/Users/e35480/git/kn-yices2-2/tests/regress/keymaera/keymaera_894208_intersection-example-simple.proof-node81556.smt2,esat-2007,0.006189,1,0,0,unsat
/Users/e35480/git/kn-yices2-2/tests/regress/keymaera/keymaera_894208_intersection-example-simple.proof-node81556.smt2,vanilla-yices2,0.005275,1,0,1,unsat
/Users/e35480/git/kn-yices2-2/tests/regress/keymaera/keymaera_894212_intersection-example-simple.proof-node93874.smt2,vanilla-yices2,0.005467,1,0,0,unsat
/Users/e35480/git/kn-yices2-2/tests/regress/keymaera/keymaera_894212_intersection-example-simple.proof-node93874.smt2,esat-2007,0.006167,1,0,1,unsat
/Users/e35480/git/kn-yices2-2/tests/regress/keymaera/keymaera_894216_intersection-example-simple.proof-node93665.smt2,esat-2007,0.004928,1,0,0,unsat
/Users/e35480/git/kn-yices2-2/tests/regress/keymaera/keymaera_894216_intersection-example-simple.proof-node93665.smt2,vanilla-yices2,0.005384,1,0,1,unsat
/Users/e35480/git/kn-yices2-2/tests/regress/keymaera/keymaera_894217_intersection-example-simple.proof-node70925.smt2,vanilla-yices2,0.006281,1,0,0,unsat
/Users/e35480/git/kn-yices2-2/tests/regress/keymaera/keymaera_894217_intersection-example-simple.proof-node70925.smt2,esat-2007,0.004849,1,0,1,unsat
/Users/e35480/git/kn-yices2-2/tests/regress/keymaera/keymaera_894218_intersection-example-simple.proof-node43527.smt2,esat-2007,0.005480,1,0,0,unsat
/Users/e35480/git/kn-yices2-2/tests/regress/keymaera/keymaera_894218_intersection-example-simple.proof-node43527.smt2,vanilla-yices2,0.006597,1,0,1,unsat
/Users/e35480/git/kn-yices2-2/tests/regress/keymaera/keymaera_894221_intersection-example-simple.proof-node419390.smt2,vanilla-yices2,0.005177,1,0,0,unsat
/Users/e35480/git/kn-yices2-2/tests/regress/keymaera/keymaera_894221_intersection-example-simple.proof-node419390.smt2,esat-2007,0.005222,1,0,1,unsat
/Users/e35480/git/kn-yices2-2/tests/regress/keymaera/keymaera_894222_intersection-example-simple.proof-node409496.smt2,esat-2007,0.006038,1,0,0,unsat
/Users/e35480/git/kn-yices2-2/tests/regress/keymaera/keymaera_894222_intersection-example-simple.proof-node409496.smt2,vanilla-yices2,0.004944,1,0,1,unsat
/Users/e35480/git/kn-yices2-2/tests/regress/keymaera/keymaera_894223_intersection-example-simple.proof-node15800.smt2,vanilla-yices2,0.005489,1,0,0,unsat
/Users/e35480/git/kn-yices2-2/tests/regress/keymaera/keymaera_894223_intersection-example-simple.proof-node15800.smt2,esat-2007,0.006915,1,0,1,unsat
/Users/e35480/git/kn-yices2-2/tests/regress/keymaera/keymaera_894224_intersection-example-simple.proof-node58499.smt2,esat-2007,0.006308,1,0,0,unsat
/Users/e35480/git/kn-yices2-2/tests/regress/keymaera/keymaera_894224_intersection-example-simple.proof-node58499.smt2,vanilla-yices2,0.006826,1,0,1,unsat
/Users/e35480/git/kn-yices2-2/tests/regress/keymaera/keymaera_894225_intersection-example-simple.proof-node683817.smt2,vanilla-yices2,0.004529,1,0,0,unsat
/Users/e35480/git/kn-yices2-2/tests/regress/keymaera/keymaera_894225_intersection-example-simple.proof-node683817.smt2,esat-2007,0.005143,1,0,1,unsat
/Users/e35480/git/kn-yices2-2/tests/regress/keymaera/keymaera_894226_intersection-example-simple.proof-node94741.smt2,esat-2007,0.005859,1,0,0,unsat
/Users/e35480/git/kn-yices2-2/tests/regress/keymaera/keymaera_894226_intersection-example-simple.proof-node94741.smt2,vanilla-yices2,0.007928,1,0,1,unsat
/Users/e35480/git/kn-yices2-2/tests/regress/keymaera/keymaera_894227_intersection-example-simple.proof-node453789.smt2,vanilla-yices2,0.005742,1,0,0,unsat
/Users/e35480/git/kn-yices2-2/tests/regress/keymaera/keymaera_894227_intersection-example-simple.proof-node453789.smt2,esat-2007,0.005849,1,0,1,unsat
/Users/e35480/git/kn-yices2-2/tests/regress/keymaera/keymaera_894229_intersection-example-simple.proof-node432325.smt2,esat-2007,0.005605,1,0,0,unsat
/Users/e35480/git/kn-yices2-2/tests/regress/keymaera/keymaera_894229_intersection-example-simple.proof-node432325.smt2,vanilla-yices2,0.006481,1,0,1,unsat
/Users/e35480/git/kn-yices2-2/tests/regress/keymaera/keymaera_894230_intersection-example-simple.proof-node5741.smt2,vanilla-yices2,0.005525,1,0,0,unsat
/Users/e35480/git/kn-yices2-2/tests/regress/keymaera/keymaera_894230_intersection-example-simple.proof-node5741.smt2,esat-2007,0.004923,1,0,1,unsat
/Users/e35480/git/kn-yices2-2/tests/regress/keymaera/keymaera_894231_intersection-example-simple.proof-node76467.smt2,esat-2007,0.005857,1,0,0,unsat
/Users/e35480/git/kn-yices2-2/tests/regress/keymaera/keymaera_894231_intersection-example-simple.proof-node76467.smt2,vanilla-yices2,0.005079,1,0,1,unsat
/Users/e35480/git/kn-yices2-2/tests/regress/keymaera/keymaera_894232_intersection-example-simple.proof-node11938.smt2,vanilla-yices2,0.004785,1,0,0,unsat
/Users/e35480/git/kn-yices2-2/tests/regress/keymaera/keymaera_894232_intersection-example-simple.proof-node11938.smt2,esat-2007,0.005583,1,0,1,unsat
/Users/e35480/git/kn-yices2-2/tests/regress/keymaera/keymaera_894233_intersection-example-simple.proof-node63249.smt2,esat-2007,0.005238,1,0,0,unsat
/Users/e35480/git/kn-yices2-2/tests/regress/keymaera/keymaera_894233_intersection-example-simple.proof-node63249.smt2,vanilla-yices2,0.004774,1,0,1,unsat
/Users/e35480/git/kn-yices2-2/tests/regress/keymaera/keymaera_894234_intersection-example-simple.proof-node81770.smt2,vanilla-yices2,0.006444,1,0,0,unsat
/Users/e35480/git/kn-yices2-2/tests/regress/keymaera/keymaera_894234_intersection-example-simple.proof-node81770.smt2,esat-2007,0.005433,1,0,1,unsat
/Users/e35480/git/kn-yices2-2/tests/regress/keymaera/keymaera_894237_intersection-example-simple.proof-node681626.smt2,esat-2007,0.004860,1,0,0,unsat
/Users/e35480/git/kn-yices2-2/tests/regress/keymaera/keymaera_894237_intersection-example-simple.proof-node681626.smt2,vanilla-yices2,0.005494,1,0,1,unsat
/Users/e35480/git/kn-yices2-2/tests/regress/keymaera/keymaera_894238_intersection-example-simple.proof-node53427.smt2,vanilla-yices2,0.004956,1,0,0,unsat
/Users/e35480/git/kn-yices2-2/tests/regress/keymaera/keymaera_894238_intersection-example-simple.proof-node53427.smt2,esat-2007,0.004788,1,0,1,unsat
/Users/e35480/git/kn-yices2-2/tests/regress/keymaera/keymaera_894239_intersection-example-simple.proof-node406687.smt2,esat-2007,0.005170,1,0,0,unsat
/Users/e35480/git/kn-yices2-2/tests/regress/keymaera/keymaera_894239_intersection-example-simple.proof-node406687.smt2,vanilla-yices2,0.005560,1,0,1,unsat
/Users/e35480/git/kn-yices2-2/tests/regress/keymaera/keymaera_894240_intersection-example-simple.proof-node47263.smt2,vanilla-yices2,0.004639,1,0,0,unsat
/Users/e35480/git/kn-yices2-2/tests/regress/keymaera/keymaera_894240_intersection-example-simple.proof-node47263.smt2,esat-2007,0.005155,1,0,1,unsat
/Users/e35480/git/kn-yices2-2/tests/regress/keymaera/keymaera_894242_intersection-example-simple.proof-node412241.smt2,esat-2007,0.005460,1,0,0,unsat
/Users/e35480/git/kn-yices2-2/tests/regress/keymaera/keymaera_894242_intersection-example-simple.proof-node412241.smt2,vanilla-yices2,0.004635,1,0,1,unsat
/Users/e35480/git/kn-yices2-2/tests/regress/keymaera/keymaera_894243_intersection-example-simple.proof-node679178.smt2,vanilla-yices2,0.004683,1,0,0,unsat
/Users/e35480/git/kn-yices2-2/tests/regress/keymaera/keymaera_894243_intersection-example-simple.proof-node679178.smt2,esat-2007,0.006140,1,0,1,unsat
/Users/e35480/git/kn-yices2-2/tests/regress/keymaera/keymaera_894244_intersection-example-simple.proof-node464836.smt2,esat-2007,0.004838,1,0,0,unsat
/Users/e35480/git/kn-yices2-2/tests/regress/keymaera/keymaera_894244_intersection-example-simple.proof-node464836.smt2,vanilla-yices2,0.004816,1,0,1,unsat
/Users/e35480/git/kn-yices2-2/tests/regress/keymaera/keymaera_894245_intersection-example-simple.proof-node403899.smt2,vanilla-yices2,0.005772,1,0,0,unsat
/Users/e35480/git/kn-yices2-2/tests/regress/keymaera/keymaera_894245_intersection-example-simple.proof-node403899.smt2,esat-2007,0.004921,1,0,1,unsat
/Users/e35480/git/kn-yices2-2/tests/regress/keymaera/keymaera_894247_intersection-example-simple.proof-node431411.smt2,esat-2007,0.004994,1,0,0,unsat
/Users/e35480/git/kn-yices2-2/tests/regress/keymaera/keymaera_894247_intersection-example-simple.proof-node431411.smt2,vanilla-yices2,0.005489,1,0,1,unsat
/Users/e35480/git/kn-yices2-2/tests/regress/keymaera/keymaera_894252_intersection-example-simple.proof-node98400.smt2,vanilla-yices2,0.004937,1,0,0,unsat
/Users/e35480/git/kn-yices2-2/tests/regress/keymaera/keymaera_894252_intersection-example-simple.proof-node98400.smt2,esat-2007,0.004888,1,0,1,unsat
/Users/e35480/git/kn-yices2-2/tests/regress/keymaera/keymaera_894253_intersection-example-simple.proof-node2331.smt2,esat-2007,0.005761,1,0,0,unsat
/Users/e35480/git/kn-yices2-2/tests/regress/keymaera/keymaera_894253_intersection-example-simple.proof-node2331.smt2,vanilla-yices2,0.004899,1,0,1,unsat
/Users/e35480/git/kn-yices2-2/tests/regress/keymaera/keymaera_894256_intersection-example-simple.proof-node464056.smt2,vanilla-yices2,0.004680,1,0,0,unsat
/Users/e35480/git/kn-yices2-2/tests/regress/keymaera/keymaera_894256_intersection-example-simple.proof-node464056.smt2,esat-2007,0.005438,1,0,1,unsat
/Users/e35480/git/kn-yices2-2/tests/regress/keymaera/keymaera_894257_intersection-example-simple.proof-node394346.smt2,esat-2007,0.005192,1,0,0,unsat
/Users/e35480/git/kn-yices2-2/tests/regress/keymaera/keymaera_894257_intersection-example-simple.proof-node394346.smt2,vanilla-yices2,0.004868,1,0,1,unsat
/Users/e35480/git/kn-yices2-2/tests/regress/keymaera/keymaera_894258_intersection-example-simple.proof-node464515.smt2,vanilla-yices2,0.005299,1,0,0,unsat
/Users/e35480/git/kn-yices2-2/tests/regress/keymaera/keymaera_894258_intersection-example-simple.proof-node464515.smt2,esat-2007,0.005824,1,0,1,unsat
/Users/e35480/git/kn-yices2-2/tests/regress/keymaera/keymaera_894259_intersection-example-simple.proof-node54507.smt2,esat-2007,0.004997,1,0,0,unsat
/Users/e35480/git/kn-yices2-2/tests/regress/keymaera/keymaera_894259_intersection-example-simple.proof-node54507.smt2,vanilla-yices2,0.005338,1,0,1,unsat
/Users/e35480/git/kn-yices2-2/tests/regress/keymaera/keymaera_894260_intersection-example-simple.proof-node25994.smt2,vanilla-yices2,0.005291,1,0,0,unsat
/Users/e35480/git/kn-yices2-2/tests/regress/keymaera/keymaera_894260_intersection-example-simple.proof-node25994.smt2,esat-2007,0.004730,1,0,1,unsat
/Users/e35480/git/kn-yices2-2/tests/regress/keymaera/keymaera_894261_intersection-example-simple.proof-node11645.smt2,esat-2007,0.005088,1,0,0,unsat
/Users/e35480/git/kn-yices2-2/tests/regress/keymaera/keymaera_894261_intersection-example-simple.proof-node11645.smt2,vanilla-yices2,0.005534,1,0,1,unsat
/Users/e35480/git/kn-yices2-2/tests/regress/keymaera/keymaera_894262_intersection-example-simple.proof-node94532.smt2,vanilla-yices2,0.005019,1,0,0,unsat
/Users/e35480/git/kn-yices2-2/tests/regress/keymaera/keymaera_894262_intersection-example-simple.proof-node94532.smt2,esat-2007,0.004979,1,0,1,unsat
/Users/e35480/git/kn-yices2-2/tests/regress/keymaera/keymaera_894263_intersection-example-simple.proof-node5527.smt2,esat-2007,0.005738,1,0,0,unsat
/Users/e35480/git/kn-yices2-2/tests/regress/keymaera/keymaera_894263_intersection-example-simple.proof-node5527.smt2,vanilla-yices2,0.004660,1,0,1,unsat
/Users/e35480/git/kn-yices2-2/tests/regress/keymaera/keymaera_894264_intersection-example-simple.proof-node54395.smt2,vanilla-yices2,0.004893,1,0,0,unsat
/Users/e35480/git/kn-yices2-2/tests/regress/keymaera/keymaera_894264_intersection-example-simple.proof-node54395.smt2,esat-2007,0.005817,1,0,1,unsat
/Users/e35480/git/kn-yices2-2/tests/regress/keymaera/keymaera_894265_intersection-example-simple.proof-node80787.smt2,esat-2007,0.004864,1,0,0,unsat
/Users/e35480/git/kn-yices2-2/tests/regress/keymaera/keymaera_894265_intersection-example-simple.proof-node80787.smt2,vanilla-yices2,0.004787,1,0,1,unsat
/Users/e35480/git/kn-yices2-2/tests/regress/keymaera/keymaera_894268_intersection-example-simple.proof-node58285.smt2,vanilla-yices2,0.006093,1,0,0,unsat
/Users/e35480/git/kn-yices2-2/tests/regress/keymaera/keymaera_894268_intersection-example-simple.proof-node58285.smt2,esat-2007,0.004852,1,0,1,unsat
/Users/e35480/git/kn-yices2-2/tests/regress/keymaera/keymaera_894269_intersection-example-simple.proof-node450481.smt2,esat-2007,0.005248,1,0,0,unsat
/Users/e35480/git/kn-yices2-2/tests/regress/keymaera/keymaera_894269_intersection-example-simple.proof-node450481.smt2,vanilla-yices2,0.005717,1,0,1,unsat
/Users/e35480/git/kn-yices2-2/tests/regress/keymaera/keymaera_894270_intersection-example-simple.proof-node684031.smt2,vanilla-yices2,0.004736,1,0,0,unsat
/Users/e35480/git/kn-yices2-2/tests/regress/keymaera/keymaera_894270_intersection-example-simple.proof-node684031.smt2,esat-2007,0.004858,1,0,1,unsat
/Users/e35480/git/kn-yices2-2/tests/regress/keymaera/keymaera_894272_intersection-example-simple.proof-node460167.smt2,esat-2007,0.005498,1,0,0,unsat
/Users/e35480/git/kn-yices2-2/tests/regress/keymaera/keymaera_894272_intersection-example-simple.proof-node460167.smt2,vanilla-yices2,0.004862,1,0,1,unsat
/Users/e35480/git/kn-yices2-2/tests/regress/keymaera/keymaera_894274_intersection-example-simple.proof-node75772.smt2,vanilla-yices2,0.004815,1,0,0,unsat
/Users/e35480/git/kn-yices2-2/tests/regress/keymaera/keymaera_894274_intersection-example-simple.proof-node75772.smt2,esat-2007,0.005447,1,0,1,unsat
/Users/e35480/git/kn-yices2-2/tests/regress/keymaera/keymaera_894275_intersection-example-simple.proof-node428602.smt2,esat-2007,0.005253,1,0,0,unsat
/Users/e35480/git/kn-yices2-2/tests/regress/keymaera/keymaera_894275_intersection-example-simple.proof-node428602.smt2,vanilla-yices2,0.004721,1,0,1,unsat
/Users/e35480/git/kn-yices2-2/tests/regress/keymaera/keymaera_894277_intersection-example-simple.proof-node62480.smt2,vanilla-yices2,0.005242,1,0,0,unsat
/Users/e35480/git/kn-yices2-2/tests/regress/keymaera/keymaera_894277_intersection-example-simple.proof-node62480.smt2,esat-2007,0.005335,1,0,1,unsat
/Users/e35480/git/kn-yices2-2/tests/regress/keymaera/keymaera_894282_intersection-example-simple.proof-node412898.smt2,esat-2007,0.004736,1,0,0,unsat
/Users/e35480/git/kn-yices2-2/tests/regress/keymaera/keymaera_894282_intersection-example-simple.proof-node412898.smt2,vanilla-yices2,0.006243,1,0,1,unsat
/Users/e35480/git/kn-yices2-2/tests/regress/keymaera/keymaera_894283_intersection-example-simple.proof-node99416.smt2,vanilla-yices2,0.005735,1,0,0,unsat
/Users/e35480/git/kn-yices2-2/tests/regress/keymaera/keymaera_894283_intersection-example-simple.proof-node99416.smt2,esat-2007,0.004806,1,0,1,unsat
/Users/e35480/git/kn-yices2-2/tests/regress/keymaera/keymaera_894284_intersection-example-simple.proof-node16571.smt2,esat-2007,0.005355,1,0,0,unsat
/Users/e35480/git/kn-yices2-2/tests/regress/keymaera/keymaera_894284_intersection-example-simple.proof-node16571.smt2,vanilla-yices2,0.005219,1,0,1,unsat
/Users/e35480/git/kn-yices2-2/tests/regress/keymaera/keymaera_894287_intersection-example-simple.proof-node681947.smt2,vanilla-yices2,0.004817,1,0,0,unsat
/Users/e35480/git/kn-yices2-2/tests/regress/keymaera/keymaera_894287_intersection-example-simple.proof-node681947.smt2,esat-2007,0.005238,1,0,1,unsat
/Users/e35480/git/kn-yices2-2/tests/regress/keymaera/keymaera_894288_intersection-example-simple.proof-node23139.smt2,esat-2007,0.005499,1,0,0,unsat
/Users/e35480/git/kn-yices2-2/tests/regress/keymaera/keymaera_894288_intersection-example-simple.proof-node23139.smt2,vanilla-yices2,0.004639,1,0,1,unsat
/Users/e35480/git/kn-yices2-2/tests/regress/keymaera/keymaera_894290_intersection-example-simple.proof-node76579.smt2,vanilla-yices2,0.005027,1,0,0,unsat
/Users/e35480/git/kn-yices2-2/tests/regress/keymaera/keymaera_894290_intersection-example-simple.proof-node76579.smt2,esat-2007,0.005724,1,0,1,unsat
/Users/e35480/git/kn-yices2-2/tests/regress/keymaera/keymaera_894291_intersection-example-simple.proof-node71583.smt2,esat-2007,0.004672,1,0,0,unsat
/Users/e35480/git/kn-yices2-2/tests/regress/keymaera/keymaera_894291_intersection-example-simple.proof-node71583.smt2,vanilla-yices2,0.004789,1,0,1,unsat
/Users/e35480/git/kn-yices2-2/tests/regress/mantis/0001.smt2,vanilla-yices2,0.006304,1,0,0,sat
/Users/e35480/git/kn-yices2-2/tests/regress/mantis/0001.smt2,esat-2007,0.005007,1,0,1,sat
/Users/e35480/git/kn-yices2-2/tests/regress/mantis/0002.smt2,esat-2007,0.005018,1,0,0,sat
/Users/e35480/git/kn-yices2-2/tests/regress/mantis/0002.smt2,vanilla-yices2,0.005941,1,0,1,sat
/Users/e35480/git/kn-yices2-2/tests/regress/mantis/0003.smt2,vanilla-yices2,0.005519,1,0,0,unsat
/Users/e35480/git/kn-yices2-2/tests/regress/mantis/0003.smt2,esat-2007,0.005804,1,0,1,unsat
/Users/e35480/git/kn-yices2-2/tests/regress/mantis/0004.smt2,esat-2007,0.005605,1,0,0,unsat
/Users/e35480/git/kn-yices2-2/tests/regress/mantis/0004.smt2,vanilla-yices2,0.004648,1,0,1,unsat
/Users/e35480/git/kn-yices2-2/tests/regress/mantis/0005.a.smt2,vanilla-yices2,0.005058,1,0,0,unsat
/Users/e35480/git/kn-yices2-2/tests/regress/mantis/0005.a.smt2,esat-2007,0.005739,1,0,1,unsat
/Users/e35480/git/kn-yices2-2/tests/regress/mantis/0005.b.smt2,esat-2007,0.004712,1,0,0,sat
/Users/e35480/git/kn-yices2-2/tests/regress/mantis/0005.b.smt2,vanilla-yices2,0.004931,1,0,1,sat
/Users/e35480/git/kn-yices2-2/tests/regress/mantis/0005.c.smt2,vanilla-yices2,0.005981,1,0,0,sat
/Users/e35480/git/kn-yices2-2/tests/regress/mantis/0005.c.smt2,esat-2007,0.005036,1,0,1,sat
/Users/e35480/git/kn-yices2-2/tests/regress/mantis/0005.d.smt2,esat-2007,0.005383,1,0,0,sat
/Users/e35480/git/kn-yices2-2/tests/regress/mantis/0005.d.smt2,vanilla-yices2,0.005998,1,0,1,sat
/Users/e35480/git/kn-yices2-2/tests/regress/mantis/0006.smt2,vanilla-yices2,0.007571,1,0,0,sat
/Users/e35480/git/kn-yices2-2/tests/regress/mantis/0006.smt2,esat-2007,0.007953,1,0,1,sat
/Users/e35480/git/kn-yices2-2/tests/regress/mantis/0007.smt2,esat-2007,0.006231,1,0,0,sat
/Users/e35480/git/kn-yices2-2/tests/regress/mantis/0007.smt2,vanilla-yices2,0.005713,1,0,1,sat
/Users/e35480/git/kn-yices2-2/tests/regress/mantis/0008.smt2,vanilla-yices2,0.005829,1,0,0,sat
/Users/e35480/git/kn-yices2-2/tests/regress/mantis/0008.smt2,esat-2007,0.004884,1,0,1,sat
/Users/e35480/git/kn-yices2-2/tests/regress/mantis/0009.smt2,esat-2007,0.004847,1,0,0,sat
/Users/e35480/git/kn-yices2-2/tests/regress/mantis/0009.smt2,vanilla-yices2,0.005983,1,0,1,sat
/Users/e35480/git/kn-yices2-2/tests/regress/mantis/0012.smt2,vanilla-yices2,0.007700,1,0,0,unsat
/Users/e35480/git/kn-yices2-2/tests/regress/mantis/0012.smt2,esat-2007,0.008693,1,0,1,unsat
/Users/e35480/git/kn-yices2-2/tests/regress/mantis/0013.a.smt2,esat-2007,0.005432,1,0,0,unsat
/Users/e35480/git/kn-yices2-2/tests/regress/mantis/0013.a.smt2,vanilla-yices2,0.005184,1,0,1,unsat
/Users/e35480/git/kn-yices2-2/tests/regress/mantis/0013.b.smt2,vanilla-yices2,0.006979,1,0,0,unsat
/Users/e35480/git/kn-yices2-2/tests/regress/mantis/0013.b.smt2,esat-2007,0.005727,1,0,1,unsat
/Users/e35480/git/kn-yices2-2/tests/regress/mantis/0014.smt2,esat-2007,0.260781,1,0,0,unsat
/Users/e35480/git/kn-yices2-2/tests/regress/mantis/0014.smt2,vanilla-yices2,0.260603,1,0,1,unsat
/Users/e35480/git/kn-yices2-2/tests/regress/mantis/0015.smt2,vanilla-yices2,0.034718,1,0,0,unsat
/Users/e35480/git/kn-yices2-2/tests/regress/mantis/0015.smt2,esat-2007,0.034494,1,0,1,unsat
/Users/e35480/git/kn-yices2-2/tests/regress/mantis/0018.a.smt2,esat-2007,0.006337,1,0,0,sat
/Users/e35480/git/kn-yices2-2/tests/regress/mantis/0018.a.smt2,vanilla-yices2,0.005494,1,0,1,sat
/Users/e35480/git/kn-yices2-2/tests/regress/mantis/0018.b.smt2,vanilla-yices2,0.005635,1,0,0,sat
/Users/e35480/git/kn-yices2-2/tests/regress/mantis/0018.b.smt2,esat-2007,0.004820,1,0,1,sat
/Users/e35480/git/kn-yices2-2/tests/regress/mantis/0019.smt2,esat-2007,0.007041,1,0,0,sat
/Users/e35480/git/kn-yices2-2/tests/regress/mantis/0019.smt2,vanilla-yices2,0.007155,1,0,1,sat
/Users/e35480/git/kn-yices2-2/tests/regress/mantis/0020.smt2,vanilla-yices2,0.005607,1,0,0,unsat
/Users/e35480/git/kn-yices2-2/tests/regress/mantis/0020.smt2,esat-2007,0.006221,1,0,1,unsat
/Users/e35480/git/kn-yices2-2/tests/regress/mantis/0022.smt2,esat-2007,0.004952,1,0,0,unsat
/Users/e35480/git/kn-yices2-2/tests/regress/mantis/0022.smt2,vanilla-yices2,0.004951,1,0,1,unsat
/Users/e35480/git/kn-yices2-2/tests/regress/mantis/0023.smt2,vanilla-yices2,0.006864,1,0,0,unsat
/Users/e35480/git/kn-yices2-2/tests/regress/mantis/0023.smt2,esat-2007,0.005805,1,0,1,unsat
/Users/e35480/git/kn-yices2-2/tests/regress/mantis/0025.smt2,esat-2007,0.005465,1,0,0,sat
/Users/e35480/git/kn-yices2-2/tests/regress/mantis/0025.smt2,vanilla-yices2,0.005362,1,0,1,sat
/Users/e35480/git/kn-yices2-2/tests/regress/mantis/0028.smt2,vanilla-yices2,0.004732,1,0,0,sat
/Users/e35480/git/kn-yices2-2/tests/regress/mantis/0028.smt2,esat-2007,0.005044,1,0,1,sat
/Users/e35480/git/kn-yices2-2/tests/regress/mantis/0029.smt2,esat-2007,0.005637,1,0,0,sat
/Users/e35480/git/kn-yices2-2/tests/regress/mantis/0029.smt2,vanilla-yices2,0.004810,1,0,1,sat
/Users/e35480/git/kn-yices2-2/tests/regress/mantis/0029b.smt2,vanilla-yices2,0.005143,1,0,0,sat
/Users/e35480/git/kn-yices2-2/tests/regress/mantis/0029b.smt2,esat-2007,0.005559,1,0,1,sat
/Users/e35480/git/kn-yices2-2/tests/regress/mantis/0030.smt2,esat-2007,0.048995,1,0,0,sat
/Users/e35480/git/kn-yices2-2/tests/regress/mantis/0030.smt2,vanilla-yices2,0.049826,1,0,1,sat
/Users/e35480/git/kn-yices2-2/tests/regress/mantis/0031.smt2,vanilla-yices2,0.006204,1,0,0,unsat
/Users/e35480/git/kn-yices2-2/tests/regress/mantis/0031.smt2,esat-2007,0.005549,1,0,1,unsat
/Users/e35480/git/kn-yices2-2/tests/regress/mantis/0032.smt2,esat-2007,0.016193,1,0,0,unsat
/Users/e35480/git/kn-yices2-2/tests/regress/mantis/0032.smt2,vanilla-yices2,0.015591,1,0,1,unsat
/Users/e35480/git/kn-yices2-2/tests/regress/mantis/0035.smt2,vanilla-yices2,0.007738,1,0,0,unsat
/Users/e35480/git/kn-yices2-2/tests/regress/mantis/0035.smt2,esat-2007,0.006099,1,0,1,unsat
/Users/e35480/git/kn-yices2-2/tests/regress/mantis/0036.smt2,esat-2007,0.005826,1,0,0,sat
/Users/e35480/git/kn-yices2-2/tests/regress/mantis/0036.smt2,vanilla-yices2,0.004890,1,0,1,sat
/Users/e35480/git/kn-yices2-2/tests/regress/mantis/0037.smt2,vanilla-yices2,0.006386,1,0,0,sat
/Users/e35480/git/kn-yices2-2/tests/regress/mantis/0037.smt2,esat-2007,0.008242,1,0,1,sat
/Users/e35480/git/kn-yices2-2/tests/regress/set-timeout.smt2,esat-2007,0.005081,1,0,0,
/Users/e35480/git/kn-yices2-2/tests/regress/set-timeout.smt2,vanilla-yices2,0.005042,1,0,1,
/Users/e35480/git/kn-yices2-2/tests/regress/test_qfaufbvlia.smt2,vanilla-yices2,0.005619,1,0,0,ok
/Users/e35480/git/kn-yices2-2/tests/regress/test_qfaufbvlia.smt2,esat-2007,0.004745,1,0,1,ok
/Users/e35480/git/kn-yices2-2/tests/regress/test_qfbvlra.smt2,esat-2007,0.006430,1,0,0,ok
/Users/e35480/git/kn-yices2-2/tests/regress/test_qfbvlra.smt2,vanilla-yices2,0.005669,1,0,1,ok
/Users/e35480/git/kn-yices2-2/tests/regress/test_qfufbvlia.smt2,vanilla-yices2,0.004660,1,0,0,ok
/Users/e35480/git/kn-yices2-2/tests/regress/test_qfufbvlia.smt2,esat-2007,0.004884,1,0,1,ok
/Users/e35480/git/kn-yices2-2/tests/regress/tptp/tptp_830326_ARI376=1.smt2,esat-2007,0.005569,1,0,0,unsat
/Users/e35480/git/kn-yices2-2/tests/regress/tptp/tptp_830326_ARI376=1.smt2,vanilla-yices2,0.004725,1,0,1,unsat
/Users/e35480/git/kn-yices2-2/tests/regress/tptp/tptp_830327_ARI369=1.smt2,vanilla-yices2,0.005204,1,0,0,unsat
/Users/e35480/git/kn-yices2-2/tests/regress/tptp/tptp_830327_ARI369=1.smt2,esat-2007,0.005555,1,0,1,unsat
/Users/e35480/git/kn-yices2-2/tests/regress/tptp/tptp_830328_ARI355=1.smt2,esat-2007,0.004776,1,0,0,unsat
/Users/e35480/git/kn-yices2-2/tests/regress/tptp/tptp_830328_ARI355=1.smt2,vanilla-yices2,0.004826,1,0,1,unsat
/Users/e35480/git/kn-yices2-2/tests/regress/tptp/tptp_830329_NUM914=1.smt2,vanilla-yices2,0.005693,1,0,0,unsat
/Users/e35480/git/kn-yices2-2/tests/regress/tptp/tptp_830329_NUM914=1.smt2,esat-2007,0.004748,1,0,1,unsat
/Users/e35480/git/kn-yices2-2/tests/regress/tptp/tptp_830330_NUM907=1.smt2,esat-2007,0.004890,1,0,0,unsat
/Users/e35480/git/kn-yices2-2/tests/regress/tptp/tptp_830330_NUM907=1.smt2,vanilla-yices2,0.005587,1,0,1,unsat
/Users/e35480/git/kn-yices2-2/tests/regress/tptp/tptp_830331_ARI389=1.smt2,vanilla-yices2,0.005049,1,0,0,unsat
/Users/e35480/git/kn-yices2-2/tests/regress/tptp/tptp_830331_ARI389=1.smt2,esat-2007,0.004833,1,0,1,unsat
/Users/e35480/git/kn-yices2-2/tests/regress/tptp/tptp_830332_ARI383=1.smt2,esat-2007,0.005870,1,0,0,unsat
/Users/e35480/git/kn-yices2-2/tests/regress/tptp/tptp_830332_ARI383=1.smt2,vanilla-yices2,0.004761,1,0,1,unsat
/Users/e35480/git/kn-yices2-2/tests/regress/tptp/tptp_830333_ARI398=1.smt2,vanilla-yices2,0.004764,1,0,0,unsat
/Users/e35480/git/kn-yices2-2/tests/regress/tptp/tptp_830333_ARI398=1.smt2,esat-2007,0.005331,1,0,1,unsat
/Users/e35480/git/kn-yices2-2/tests/regress/tptp/tptp_830334_ARI349=1.smt2,esat-2007,0.004825,1,0,0,unsat
/Users/e35480/git/kn-yices2-2/tests/regress/tptp/tptp_830334_ARI349=1.smt2,vanilla-yices2,0.004687,1,0,1,unsat
/Users/e35480/git/kn-yices2-2/tests/regress/tptp/tptp_830335_ARI362=1.smt2,vanilla-yices2,0.005089,1,0,0,unsat
/Users/e35480/git/kn-yices2-2/tests/regress/tptp/tptp_830335_ARI362=1.smt2,esat-2007,0.005336,1,0,1,unsat
/Users/e35480/git/kn-yices2-2/tests/regress/tptp/tptp_830336_ARI356=1.smt2,esat-2007,0.004681,1,0,0,unsat
/Users/e35480/git/kn-yices2-2/tests/regress/tptp/tptp_830336_ARI356=1.smt2,vanilla-yices2,0.004713,1,0,1,unsat
/Users/e35480/git/kn-yices2-2/tests/regress/tptp/tptp_830337_NUM910=1.smt2,vanilla-yices2,0.005683,1,0,0,unsat
/Users/e35480/git/kn-yices2-2/tests/regress/tptp/tptp_830337_NUM910=1.smt2,esat-2007,0.004614,1,0,1,unsat
/Users/e35480/git/kn-yices2-2/tests/regress/tptp/tptp_830338_ARI400=1.smt2,esat-2007,0.004795,1,0,0,unsat
/Users/e35480/git/kn-yices2-2/tests/regress/tptp/tptp_830338_ARI400=1.smt2,vanilla-yices2,0.005676,1,0,1,unsat
/Users/e35480/git/kn-yices2-2/tests/regress/tptp/tptp_830339_ARI370=1.smt2,vanilla-yices2,0.004894,1,0,0,unsat
/Users/e35480/git/kn-yices2-2/tests/regress/tptp/tptp_830339_ARI370=1.smt2,esat-2007,0.004795,1,0,1,unsat
/Users/e35480/git/kn-yices2-2/tests/regress/tptp/tptp_830340_ARI371=1.smt2,esat-2007,0.005806,1,0,0,unsat
/Users/e35480/git/kn-yices2-2/tests/regress/tptp/tptp_830340_ARI371=1.smt2,vanilla-yices2,0.004747,1,0,1,unsat
/Users/e35480/git/kn-yices2-2/tests/regress/tptp/tptp_830341_ARI361=1.smt2,vanilla-yices2,0.004681,1,0,0,unsat
/Users/e35480/git/kn-yices2-2/tests/regress/tptp/tptp_830341_ARI361=1.smt2,esat-2007,0.005643,1,0,1,unsat
/Users/e35480/git/kn-yices2-2/tests/regress/tptp/tptp_830342_ARI357=1.smt2,esat-2007,0.004750,1,0,0,unsat
/Users/e35480/git/kn-yices2-2/tests/regress/tptp/tptp_830342_ARI357=1.smt2,vanilla-yices2,0.004817,1,0,1,unsat
/Users/e35480/git/kn-yices2-2/tests/regress/tptp/tptp_830343_ARI396=1.smt2,vanilla-yices2,0.005060,1,0,0,unsat
/Users/e35480/git/kn-yices2-2/tests/regress/tptp/tptp_830343_ARI396=1.smt2,esat-2007,0.005312,1,0,1,unsat
/Users/e35480/git/kn-yices2-2/tests/regress/tptp/tptp_830344_ARI348=1.smt2,esat-2007,0.004781,1,0,0,unsat
/Users/e35480/git/kn-yices2-2/tests/regress/tptp/tptp_830344_ARI348=1.smt2,vanilla-yices2,0.004927,1,0,1,unsat
/Users/e35480/git/kn-yices2-2/tests/regress/tptp/tptp_830345_ARI397=1.smt2,vanilla-yices2,0.005396,1,0,0,unsat
/Users/e35480/git/kn-yices2-2/tests/regress/tptp/tptp_830345_ARI397=1.smt2,esat-2007,0.004707,1,0,1,unsat
/Users/e35480/git/kn-yices2-2/tests/regress/tptp/tptp_830346_ARI388=1.smt2,esat-2007,0.004885,1,0,0,unsat
/Users/e35480/git/kn-yices2-2/tests/regress/tptp/tptp_830346_ARI388=1.smt2,vanilla-yices2,0.005837,1,0,1,unsat
/Users/e35480/git/kn-yices2-2/tests/regress/tptp/tptp_830347_NUM903=1.smt2,vanilla-yices2,0.004599,1,0,0,unsat
/Users/e35480/git/kn-yices2-2/tests/regress/tptp/tptp_830347_NUM903=1.smt2,esat-2007,0.004715,1,0,1,unsat
/Users/e35480/git/kn-yices2-2/tests/regress/tptp/tptp_830348_ARI375=1.smt2,esat-2007,0.005720,1,0,0,unsat
/Users/e35480/git/kn-yices2-2/tests/regress/tptp/tptp_830348_ARI375=1.smt2,vanilla-yices2,0.004854,1,0,1,unsat
/Users/e35480/git/kn-yices2-2/tests/regress/tptp/tptp_830349_ARI384=1.smt2,vanilla-yices2,0.004711,1,0,0,unsat
/Users/e35480/git/kn-yices2-2/tests/regress/tptp/tptp_830349_ARI384=1.smt2,esat-2007,0.005616,1,0,1,unsat
/Users/e35480/git/kn-yices2-2/tests/regress/tptp/tptp_830350_ARI382=1.smt2,esat-2007,0.004819,1,0,0,unsat
/Users/e35480/git/kn-yices2-2/tests/regress/tptp/tptp_830350_ARI382=1.smt2,vanilla-yices2,0.004771,1,0,1,unsat
/Users/e35480/git/kn-yices2-2/tests/regress/unsat1.smt2,vanilla-yices2,0.005533,1,0,0,unsat
/Users/e35480/git/kn-yices2-2/tests/regress/unsat1.smt2,esat-2007,0.004929,1,0,1,unsat
/Users/e35480/git/kn-yices2-2/tests/regress/wd/39025_reduced.smt2,esat-2007,0.005656,1,0,0,sat
/Users/e35480/git/kn-yices2-2/tests/regress/wd/39025_reduced.smt2,vanilla-yices2,0.006178,1,0,1,sat
/Users/e35480/git/kn-yices2-2/tests/regress/wd/39025_reduced_more.smt2,vanilla-yices2,0.005100,1,0,0,sat
/Users/e35480/git/kn-yices2-2/tests/regress/wd/39025_reduced_more.smt2,esat-2007,0.004857,1,0,1,sat
/Users/e35480/git/kn-yices2-2/tests/regress/wd/c6b_i.smt2,esat-2007,0.026836,1,0,0,unsat
/Users/e35480/git/kn-yices2-2/tests/regress/wd/c6b_i.smt2,vanilla-yices2,0.027045,1,0,1,unsat
/Users/e35480/git/kn-yices2-2/tests/regress/wd/c6b_succ_i.smt2,vanilla-yices2,0.021319,1,0,0,unsat
/Users/e35480/git/kn-yices2-2/tests/regress/wd/c6b_succ_i.smt2,esat-2007,0.020878,1,0,1,unsat
/Users/e35480/git/kn-yices2-2/tests/regress/wd/c6b_succ_i_unint.smt2,esat-2007,0.044188,1,0,0,unsat
/Users/e35480/git/kn-yices2-2/tests/regress/wd/c6b_succ_i_unint.smt2,vanilla-yices2,0.044013,1,0,1,unsat
/Users/e35480/git/kn-yices2-2/tests/regress/wd/cliffordwolf2.smt2,vanilla-yices2,0.015778,1,0,0,sat
/Users/e35480/git/kn-yices2-2/tests/regress/wd/cliffordwolf2.smt2,esat-2007,0.014833,1,0,1,sat
/Users/e35480/git/kn-yices2-2/tests/regress/wd/example_mdl.smt2,esat-2007,0.006376,1,0,0,sat
/Users/e35480/git/kn-yices2-2/tests/regress/wd/example_mdl.smt2,vanilla-yices2,0.005081,1,0,1,sat
/Users/e35480/git/kn-yices2-2/tests/regress/wd/example_mdl2.smt2,vanilla-yices2,0.005344,1,0,0,sat
/Users/e35480/git/kn-yices2-2/tests/regress/wd/example_mdl2.smt2,esat-2007,0.005961,1,0,1,sat
/Users/e35480/git/kn-yices2-2/tests/regress/wd/issue167.smt2,esat-2007,0.005316,1,0,0,sat
/Users/e35480/git/kn-yices2-2/tests/regress/wd/issue167.smt2,vanilla-yices2,0.005591,1,0,1,sat
/Users/e35480/git/kn-yices2-2/tests/regress/wd/issue194.smt2,vanilla-yices2,0.005651,1,0,0,sat
/Users/e35480/git/kn-yices2-2/tests/regress/wd/issue194.smt2,esat-2007,0.004817,1,0,1,sat
/Users/e35480/git/kn-yices2-2/tests/regress/wd/issue195.smt2,esat-2007,0.005223,1,0,0,unsat
/Users/e35480/git/kn-yices2-2/tests/regress/wd/issue195.smt2,vanilla-yices2,0.005816,1,0,1,unsat
/Users/e35480/git/kn-yices2-2/tests/regress/wd/issue196.smt2,vanilla-yices2,0.004843,1,0,0,sat
/Users/e35480/git/kn-yices2-2/tests/regress/wd/issue196.smt2,esat-2007,0.005221,1,0,1,sat
/Users/e35480/git/kn-yices2-2/tests/regress/wd/issue201.smt2,esat-2007,0.007610,1,0,0,sat
/Users/e35480/git/kn-yices2-2/tests/regress/wd/issue201.smt2,vanilla-yices2,0.007406,1,0,1,sat
/Users/e35480/git/kn-yices2-2/tests/regress/wd/issue211.smt2,vanilla-yices2,0.005885,1,0,0,sat
/Users/e35480/git/kn-yices2-2/tests/regress/wd/issue211.smt2,esat-2007,0.004823,1,0,1,sat
/Users/e35480/git/kn-yices2-2/tests/regress/wd/issue218.smt2,esat-2007,0.005099,1,0,0,sat
/Users/e35480/git/kn-yices2-2/tests/regress/wd/issue218.smt2,vanilla-yices2,0.005678,1,0,1,sat
/Users/e35480/git/kn-yices2-2/tests/regress/wd/issue220.smt2,vanilla-yices2,0.004798,1,0,0,sat
/Users/e35480/git/kn-yices2-2/tests/regress/wd/issue220.smt2,esat-2007,0.004955,1,0,1,sat
/Users/e35480/git/kn-yices2-2/tests/regress/wd/issue221.smt2,esat-2007,0.005826,1,0,0,unsat
/Users/e35480/git/kn-yices2-2/tests/regress/wd/issue221.smt2,vanilla-yices2,0.004787,1,0,1,unsat
/Users/e35480/git/kn-yices2-2/tests/regress/wd/issue222.smt2,vanilla-yices2,0.005278,1,0,0,sat
/Users/e35480/git/kn-yices2-2/tests/regress/wd/issue222.smt2,esat-2007,0.006101,1,0,1,sat
/Users/e35480/git/kn-yices2-2/tests/regress/wd/issue229.smt2,esat-2007,0.005299,1,0,0,sat
/Users/e35480/git/kn-yices2-2/tests/regress/wd/issue229.smt2,vanilla-yices2,0.004886,1,0,1,sat
/Users/e35480/git/kn-yices2-2/tests/regress/wd/issue229b.smt2,vanilla-yices2,0.005240,1,0,0,sat
/Users/e35480/git/kn-yices2-2/tests/regress/wd/issue229b.smt2,esat-2007,0.004181,1,0,1,sat
/Users/e35480/git/kn-yices2-2/tests/regress/wd/issue236.smt2,esat-2007,0.004398,1,0,0,sat
/Users/e35480/git/kn-yices2-2/tests/regress/wd/issue236.smt2,vanilla-yices2,0.005386,1,0,1,sat
/Users/e35480/git/kn-yices2-2/tests/regress/wd/issue238.smt2,vanilla-yices2,0.004732,1,0,0,sat
/Users/e35480/git/kn-yices2-2/tests/regress/wd/issue238.smt2,esat-2007,0.004857,1,0,1,sat
/Users/e35480/git/kn-yices2-2/tests/regress/wd/issue240.smt2,esat-2007,0.008929,1,0,0,sat
/Users/e35480/git/kn-yices2-2/tests/regress/wd/issue240.smt2,vanilla-yices2,0.005836,1,0,1,sat
/Users/e35480/git/kn-yices2-2/tests/regress/wd/issue245.smt2,vanilla-yices2,0.005402,1,0,0,unsat
/Users/e35480/git/kn-yices2-2/tests/regress/wd/issue245.smt2,esat-2007,0.007003,1,0,1,unsat
/Users/e35480/git/kn-yices2-2/tests/regress/wd/issue246.smt2,esat-2007,0.006419,1,0,0,unsat
/Users/e35480/git/kn-yices2-2/tests/regress/wd/issue246.smt2,vanilla-yices2,0.007095,1,0,1,unsat
/Users/e35480/git/kn-yices2-2/tests/regress/wd/issue247.smt2,vanilla-yices2,0.005549,1,0,0,unsat
/Users/e35480/git/kn-yices2-2/tests/regress/wd/issue247.smt2,esat-2007,0.005152,1,0,1,unsat
/Users/e35480/git/kn-yices2-2/tests/regress/wd/issue247b.smt2,esat-2007,0.006397,1,0,0,unsat
/Users/e35480/git/kn-yices2-2/tests/regress/wd/issue247b.smt2,vanilla-yices2,0.005590,1,0,1,unsat
/Users/e35480/git/kn-yices2-2/tests/regress/wd/issue251.smt2,vanilla-yices2,0.005439,1,0,0,sat
/Users/e35480/git/kn-yices2-2/tests/regress/wd/issue251.smt2,esat-2007,0.005913,1,0,1,sat
/Users/e35480/git/kn-yices2-2/tests/regress/wd/issue252.smt2,esat-2007,0.005093,1,0,0,sat
/Users/e35480/git/kn-yices2-2/tests/regress/wd/issue252.smt2,vanilla-yices2,0.005313,1,0,1,sat
/Users/e35480/git/kn-yices2-2/tests/regress/wd/issue253.smt2,vanilla-yices2,0.005618,1,0,0,sat
/Users/e35480/git/kn-yices2-2/tests/regress/wd/issue253.smt2,esat-2007,0.005362,1,0,1,sat
/Users/e35480/git/kn-yices2-2/tests/regress/wd/issue255.smt2,esat-2007,0.007314,1,0,0,sat
/Users/e35480/git/kn-yices2-2/tests/regress/wd/issue255.smt2,vanilla-yices2,0.005870,1,0,1,sat
/Users/e35480/git/kn-yices2-2/tests/regress/wd/issue289.smt2,vanilla-yices2,0.004741,1,0,0,unsat
/Users/e35480/git/kn-yices2-2/tests/regress/wd/issue289.smt2,esat-2007,0.006355,1,0,1,unsat
/Users/e35480/git/kn-yices2-2/tests/regress/wd/issue289b.smt2,esat-2007,0.005324,1,0,0,unsat
/Users/e35480/git/kn-yices2-2/tests/regress/wd/issue289b.smt2,vanilla-yices2,0.004767,1,0,1,unsat
/Users/e35480/git/kn-yices2-2/tests/regress/wd/issue289c.smt2,vanilla-yices2,0.006225,1,0,0,unsat
/Users/e35480/git/kn-yices2-2/tests/regress/wd/issue289c.smt2,esat-2007,0.005944,1,0,1,unsat
/Users/e35480/git/kn-yices2-2/tests/regress/wd/issue293.smt2,esat-2007,0.005254,1,0,0,sat
/Users/e35480/git/kn-yices2-2/tests/regress/wd/issue293.smt2,vanilla-yices2,0.005830,1,0,1,sat
/Users/e35480/git/kn-yices2-2/tests/regress/wd/issue294.smt2,vanilla-yices2,0.005092,1,0,0,sat
/Users/e35480/git/kn-yices2-2/tests/regress/wd/issue294.smt2,esat-2007,0.005234,1,0,1,sat
/Users/e35480/git/kn-yices2-2/tests/regress/wd/issue297.smt2,esat-2007,0.005631,1,0,0,"(error ""division by zero not allowed in logic QF_AUFLIRA"")"
/Users/e35480/git/kn-yices2-2/tests/regress/wd/issue297.smt2,vanilla-yices2,0.004944,1,0,1,"(error ""division by zero not allowed in logic QF_AUFLIRA"")"
/Users/e35480/git/kn-yices2-2/tests/regress/wd/issue300.smt2,vanilla-yices2,0.006970,1,0,0,"(error ""division by zero not allowed in logic QF_ALIRA"")"
/Users/e35480/git/kn-yices2-2/tests/regress/wd/issue300.smt2,esat-2007,0.005650,1,0,1,"(error ""division by zero not allowed in logic QF_ALIRA"")"
/Users/e35480/git/kn-yices2-2/tests/regress/wd/issue301.smt2,esat-2007,0.005543,1,0,0,sat
/Users/e35480/git/kn-yices2-2/tests/regress/wd/issue301.smt2,vanilla-yices2,0.006794,1,0,1,sat
/Users/e35480/git/kn-yices2-2/tests/regress/wd/issue302.smt2,vanilla-yices2,0.005876,1,0,0,unsat
/Users/e35480/git/kn-yices2-2/tests/regress/wd/issue302.smt2,esat-2007,0.005390,1,0,1,unsat
/Users/e35480/git/kn-yices2-2/tests/regress/wd/issue302b.smt2,esat-2007,0.005642,1,0,0,unsat
/Users/e35480/git/kn-yices2-2/tests/regress/wd/issue302b.smt2,vanilla-yices2,0.004813,1,0,1,unsat
/Users/e35480/git/kn-yices2-2/tests/regress/wd/issue305.smt2,vanilla-yices2,0.005116,1,0,0,unsat
/Users/e35480/git/kn-yices2-2/tests/regress/wd/issue305.smt2,esat-2007,0.005967,1,0,1,unsat
/Users/e35480/git/kn-yices2-2/tests/regress/wd/issue308.smt2,esat-2007,0.005070,1,0,0,unsat
/Users/e35480/git/kn-yices2-2/tests/regress/wd/issue308.smt2,vanilla-yices2,0.005972,1,0,1,unsat
/Users/e35480/git/kn-yices2-2/tests/regress/wd/issue311g.smt2,vanilla-yices2,0.005959,1,0,0,sat
/Users/e35480/git/kn-yices2-2/tests/regress/wd/issue311g.smt2,esat-2007,0.004948,1,0,1,sat
/Users/e35480/git/kn-yices2-2/tests/regress/wd/issue312.smt2,esat-2007,0.343353,1,0,0,"(error ""invalid quantifier nesting (not an exists/forall problem)"")"
/Users/e35480/git/kn-yices2-2/tests/regress/wd/issue312.smt2,vanilla-yices2,0.340002,1,0,1,"(error ""invalid quantifier nesting (not an exists/forall problem)"")"
/Users/e35480/git/kn-yices2-2/tests/regress/wd/issue313.smt2,vanilla-yices2,0.008003,1,0,0,unsat
/Users/e35480/git/kn-yices2-2/tests/regress/wd/issue313.smt2,esat-2007,0.005729,1,0,1,unsat
/Users/e35480/git/kn-yices2-2/tests/regress/wd/issue314.smt2,esat-2007,0.006881,1,0,0,"(error ""invalid quantifier nesting (not an exists/forall problem)"")"
/Users/e35480/git/kn-yices2-2/tests/regress/wd/issue314.smt2,vanilla-yices2,0.006143,1,0,1,"(error ""invalid quantifier nesting (not an exists/forall problem)"")"
/Users/e35480/git/kn-yices2-2/tests/regress/wd/issue316.smt2,vanilla-yices2,0.005862,1,0,0,"(error ""high-order functions are not allowed in logic UF"")"
/Users/e35480/git/kn-yices2-2/tests/regress/wd/issue316.smt2,esat-2007,0.006597,1,0,1,"(error ""high-order functions are not allowed in logic UF"")"
/Users/e35480/git/kn-yices2-2/tests/regress/wd/issue316b.smt2,esat-2007,0.005769,1,0,0,"(error ""high-order functions are not allowed in logic QF_UF"")"
/Users/e35480/git/kn-yices2-2/tests/regress/wd/issue316b.smt2,vanilla-yices2,0.004849,1,0,1,"(error ""high-order functions are not allowed in logic QF_UF"")"
/Users/e35480/git/kn-yices2-2/tests/regress/wd/issue316c.smt2,vanilla-yices2,0.007139,1,0,0,sat
/Users/e35480/git/kn-yices2-2/tests/regress/wd/issue316c.smt2,esat-2007,0.005547,1,0,1,sat
/Users/e35480/git/kn-yices2-2/tests/regress/wd/issue316d.smt2,esat-2007,0.006475,1,0,0,"(error ""high-order functions are not allowed in logic UF"")"
/Users/e35480/git/kn-yices2-2/tests/regress/wd/issue316d.smt2,vanilla-yices2,0.005977,1,0,1,"(error ""high-order functions are not allowed in logic UF"")"
/Users/e35480/git/kn-yices2-2/tests/regress/wd/issue326.smt2,vanilla-yices2,0.005288,1,0,0,"(error ""invalid quantifier nesting (not an exists/forall problem)"")"
/Users/e35480/git/kn-yices2-2/tests/regress/wd/issue326.smt2,esat-2007,0.006933,1,0,1,"(error ""invalid quantifier nesting (not an exists/forall problem)"")"
/Users/e35480/git/kn-yices2-2/tests/regress/wd/issue330.smt2,esat-2007,0.006179,1,0,0,sat
/Users/e35480/git/kn-yices2-2/tests/regress/wd/issue330.smt2,vanilla-yices2,0.005273,1,0,1,sat
/Users/e35480/git/kn-yices2-2/tests/regress/wd/issue331.smt2,vanilla-yices2,0.006803,1,0,0,sat
/Users/e35480/git/kn-yices2-2/tests/regress/wd/issue331.smt2,esat-2007,0.005413,1,0,1,sat
/Users/e35480/git/kn-yices2-2/tests/regress/wd/issue335.smt2,esat-2007,0.006145,1,0,0,sat
/Users/e35480/git/kn-yices2-2/tests/regress/wd/issue335.smt2,vanilla-yices2,0.006206,1,0,1,sat
/Users/e35480/git/kn-yices2-2/tests/regress/wd/issue335b.smt2,vanilla-yices2,0.005035,1,0,0,sat
/Users/e35480/git/kn-yices2-2/tests/regress/wd/issue335b.smt2,esat-2007,0.006893,1,0,1,sat
/Users/e35480/git/kn-yices2-2/tests/regress/wd/issue349.smt2,esat-2007,0.006193,1,0,0,"(error ""uninterpreted functions are not supported by the exists/forall solver"")"
/Users/e35480/git/kn-yices2-2/tests/regress/wd/issue349.smt2,vanilla-yices2,0.005351,1,0,1,"(error ""uninterpreted functions are not supported by the exists/forall solver"")"
/Users/e35480/git/kn-yices2-2/tests/regress/wd/issue365.smt2,vanilla-yices2,0.007179,1,0,0,sat
/Users/e35480/git/kn-yices2-2/tests/regress/wd/issue365.smt2,esat-2007,0.005286,1,0,1,sat
/Users/e35480/git/kn-yices2-2/tests/regress/wd/issue401.smt2,esat-2007,2.016335,1,0,0,unknown
/Users/e35480/git/kn-yices2-2/tests/regress/wd/issue401.smt2,vanilla-yices2,2.026508,1,0,1,unknown
/Users/e35480/git/kn-yices2-2/tests/regress/wd/issue401b.smt2,vanilla-yices2,1.025491,1,0,0,unknown
/Users/e35480/git/kn-yices2-2/tests/regress/wd/issue401b.smt2,esat-2007,1.015990,1,0,1,unknown
/Users/e35480/git/kn-yices2-2/tests/regress/wd/issue404.smt2,esat-2007,0.006821,1,0,0,"(error ""lambdas are not allowed in logic QF_AUFBV"")"
/Users/e35480/git/kn-yices2-2/tests/regress/wd/issue404.smt2,vanilla-yices2,0.005039,1,0,1,"(error ""lambdas are not allowed in logic QF_AUFBV"")"
/Users/e35480/git/kn-yices2-2/tests/regress/wd/issue406.smt2,vanilla-yices2,0.005051,1,0,0,sat
/Users/e35480/git/kn-yices2-2/tests/regress/wd/issue406.smt2,esat-2007,0.005823,1,0,1,sat
/Users/e35480/git/kn-yices2-2/tests/regress/wd/prp-1-22.smt2,esat-2007,0.005701,1,0,0,sat
/Users/e35480/git/kn-yices2-2/tests/regress/wd/prp-1-22.smt2,vanilla-yices2,0.005704,1,0,1,sat
/Users/e35480/git/kn-yices2-2/tests/regress/wd/prp-1-31.smt2,vanilla-yices2,0.007968,1,0,0,sat
/Users/e35480/git/kn-yices2-2/tests/regress/wd/prp-1-31.smt2,esat-2007,0.006954,1,0,1,sat
/Users/e35480/git/kn-yices2-2/tests/regress/wd/prp-2-18.smt2,esat-2007,0.009108,1,0,0,sat
/Users/e35480/git/kn-yices2-2/tests/regress/wd/prp-2-18.smt2,vanilla-yices2,0.008683,1,0,1,sat
/Users/e35480/git/kn-yices2-2/tests/regress/wd/prp-24-47.smt2,vanilla-yices2,0.110729,1,0,0,sat
/Users/e35480/git/kn-yices2-2/tests/regress/wd/prp-24-47.smt2,esat-2007,0.160882,1,0,1,sat
/Users/e35480/git/kn-yices2-2/tests/regress/wd/prp-5-17.smt2,esat-2007,0.008195,1,0,0,sat
/Users/e35480/git/kn-yices2-2/tests/regress/wd/prp-5-17.smt2,vanilla-yices2,0.007703,1,0,1,sat
/Users/e35480/git/kn-yices2-2/tests/regress/wd/simple_startup_4nodes.abstract.base.smt2,vanilla-yices2,0.005835,1,0,0,unsat
/Users/e35480/git/kn-yices2-2/tests/regress/wd/simple_startup_4nodes.abstract.base.smt2,esat-2007,0.005635,1,0,1,unsat
/Users/e35480/git/kn-yices2-2/tests/regress/wd/simple_startup_4nodes.abstract.induct.smt2,esat-2007,0.269804,1,0,0,unsat
/Users/e35480/git/kn-yices2-2/tests/regress/wd/simple_startup_4nodes.abstract.induct.smt2,vanilla-yices2,0.238716,1,0,1,unsat
/Users/e35480/git/kn-yices2-2/tests/regress/wd/simple_startup_4nodes.bug.induct.smt2,vanilla-yices2,0.020362,1,0,0,sat
/Users/e35480/git/kn-yices2-2/tests/regress/wd/simple_startup_4nodes.bug.induct.smt2,esat-2007,0.012844,1,0,1,sat
/Users/e35480/git/kn-yices2-2/tests/regress/wd/simple_startup_4nodes.missing.induct.smt2,esat-2007,0.012804,1,0,0,sat
/Users/e35480/git/kn-yices2-2/tests/regress/wd/simple_startup_4nodes.missing.induct.smt2,vanilla-yices2,0.015716,1,0,1,sat
/Users/e35480/git/kn-yices2-2/tests/regress/wd/simple_startup_4nodes.synchro.base.smt2,vanilla-yices2,0.006845,1,0,0,unsat
/Users/e35480/git/kn-yices2-2/tests/regress/wd/simple_startup_4nodes.synchro.base.smt2,esat-2007,0.006963,1,0,1,unsat
/Users/e35480/git/kn-yices2-2/tests/regress/wd/simple_startup_4nodes.synchro.induct.smt2,esat-2007,0.009597,1,0,0,unsat
/Users/e35480/git/kn-yices2-2/tests/regress/wd/simple_startup_4nodes.synchro.induct.smt2,vanilla-yices2,0.008235,1,0,1,unsat
/Users/e35480/git/kn-yices2-2/tests/regress/wd/wintered.smt2,vanilla-yices2,0.005180,1,0,0,unsat
/Users/e35480/git/kn-yices2-2/tests/regress/wd/wintered.smt2,esat-2007,0.005155,1,0,1,unsat
