Benchmarking 916 SMT2 benchmarks
[1/916] /Users/e35480/git/kn-yices2-2/tests/regress/bv/crazy.smt2
  esat-2007: 0.0100s PASS
  vanilla-yices2: 0.0086s PASS
[2/916] /Users/e35480/git/kn-yices2-2/tests/regress/bv/issue124.smt2
  vanilla-yices2: 0.0057s PASS
  esat-2007: 0.0046s PASS
[3/916] /Users/e35480/git/kn-yices2-2/tests/regress/bv/issue126.smt2
  esat-2007: 0.0064s PASS
  vanilla-yices2: 0.0071s PASS
[4/916] /Users/e35480/git/kn-yices2-2/tests/regress/bv/issue139.smt2
  vanilla-yices2: 0.0047s PASS
  esat-2007: 0.0045s PASS
[5/916] /Users/e35480/git/kn-yices2-2/tests/regress/bv/issue146.smt2
  esat-2007: 0.0051s PASS
  vanilla-yices2: 0.0045s PASS
[6/916] /Users/e35480/git/kn-yices2-2/tests/regress/bv/issue146a.smt2
  vanilla-yices2: 0.0046s PASS
  esat-2007: 0.0051s PASS
[7/916] /Users/e35480/git/kn-yices2-2/tests/regress/bv/issue159b.smt2
  esat-2007: 0.0054s PASS
  vanilla-yices2: 0.0048s PASS
[8/916] /Users/e35480/git/kn-yices2-2/tests/regress/bv/issue159c.smt2
  vanilla-yices2: 0.0055s PASS
  esat-2007: 0.0059s PASS
[9/916] /Users/e35480/git/kn-yices2-2/tests/regress/bv/issue178.smt2
  esat-2007: 0.0052s PASS
  vanilla-yices2: 0.0054s PASS
[10/916] /Users/e35480/git/kn-yices2-2/tests/regress/bv/issue178b.smt2
  vanilla-yices2: 0.0057s PASS
  esat-2007: 0.0048s PASS
[11/916] /Users/e35480/git/kn-yices2-2/tests/regress/bv/issue190.smt2
  esat-2007: 0.0048s PASS
  vanilla-yices2: 0.0049s PASS
[12/916] /Users/e35480/git/kn-yices2-2/tests/regress/bv/issue190b.smt2
  vanilla-yices2: 0.0046s PASS
  esat-2007: 0.0046s PASS
[13/916] /Users/e35480/git/kn-yices2-2/tests/regress/bv/stanek.smt2
  esat-2007: 0.0052s PASS
  vanilla-yices2: 0.0048s PASS
[14/916] /Users/e35480/git/kn-yices2-2/tests/regress/coverage/random/QF_AUFBV/03267bc0.smt2
  vanilla-yices2: 0.0048s PASS
  esat-2007: 0.0055s PASS
[15/916] /Users/e35480/git/kn-yices2-2/tests/regress/coverage/random/QF_AUFBV/0c1da194.smt2
  esat-2007: 0.0058s PASS
  vanilla-yices2: 0.0055s PASS
[16/916] /Users/e35480/git/kn-yices2-2/tests/regress/coverage/random/QF_AUFBV/0d3e9e08.smt2
  vanilla-yices2: 0.0064s PASS
  esat-2007: 0.0057s PASS
[17/916] /Users/e35480/git/kn-yices2-2/tests/regress/coverage/random/QF_AUFBV/0deb358e.smt2
  esat-2007: 0.0047s PASS
  vanilla-yices2: 0.0052s PASS
[18/916] /Users/e35480/git/kn-yices2-2/tests/regress/coverage/random/QF_AUFBV/0e4fd0ab.smt2
  vanilla-yices2: 0.0050s PASS
  esat-2007: 0.0051s PASS
[19/916] /Users/e35480/git/kn-yices2-2/tests/regress/coverage/random/QF_AUFBV/0f7adf1b.smt2
  esat-2007: 0.0054s PASS
  vanilla-yices2: 0.0047s PASS
[20/916] /Users/e35480/git/kn-yices2-2/tests/regress/coverage/random/QF_AUFBV/172f87c4.smt2
  vanilla-yices2: 0.0052s PASS
  esat-2007: 0.0058s PASS
[21/916] /Users/e35480/git/kn-yices2-2/tests/regress/coverage/random/QF_AUFBV/1749e158.smt2
  esat-2007: 0.0079s PASS
  vanilla-yices2: 0.0078s PASS
[22/916] /Users/e35480/git/kn-yices2-2/tests/regress/coverage/random/QF_AUFBV/1a53f5d8.smt2
  vanilla-yices2: 0.0069s PASS
  esat-2007: 0.0062s PASS
[23/916] /Users/e35480/git/kn-yices2-2/tests/regress/coverage/random/QF_AUFBV/1bf8253b.smt2
  esat-2007: 0.0054s PASS
  vanilla-yices2: 0.0045s PASS
[24/916] /Users/e35480/git/kn-yices2-2/tests/regress/coverage/random/QF_AUFBV/1ff1f7d4.smt2
  vanilla-yices2: 0.0049s PASS
  esat-2007: 0.0057s PASS
[25/916] /Users/e35480/git/kn-yices2-2/tests/regress/coverage/random/QF_AUFBV/22770ca2.smt2
  esat-2007: 0.0107s PASS
  vanilla-yices2: 0.0109s PASS
[26/916] /Users/e35480/git/kn-yices2-2/tests/regress/coverage/random/QF_AUFBV/2668e3c6.smt2
  vanilla-yices2: 0.0283s PASS
  esat-2007: 0.0289s PASS
[27/916] /Users/e35480/git/kn-yices2-2/tests/regress/coverage/random/QF_AUFBV/270b8368.smt2
  esat-2007: 0.0077s PASS
  vanilla-yices2: 0.0053s PASS
[28/916] /Users/e35480/git/kn-yices2-2/tests/regress/coverage/random/QF_AUFBV/2ab0e766.smt2
  vanilla-yices2: 0.0050s PASS
  esat-2007: 0.0046s PASS
[29/916] /Users/e35480/git/kn-yices2-2/tests/regress/coverage/random/QF_AUFBV/2c76de8a.smt2
  esat-2007: 0.0067s PASS
  vanilla-yices2: 0.0073s PASS
[30/916] /Users/e35480/git/kn-yices2-2/tests/regress/coverage/random/QF_AUFBV/2e866d45.smt2
  vanilla-yices2: 0.0048s PASS
  esat-2007: 0.0048s PASS
[31/916] /Users/e35480/git/kn-yices2-2/tests/regress/coverage/random/QF_AUFBV/32954475.smt2
  esat-2007: 0.0070s PASS
  vanilla-yices2: 0.0062s PASS
[32/916] /Users/e35480/git/kn-yices2-2/tests/regress/coverage/random/QF_AUFBV/37357a34.smt2
  vanilla-yices2: 0.0056s PASS
  esat-2007: 0.0056s PASS
[33/916] /Users/e35480/git/kn-yices2-2/tests/regress/coverage/random/QF_AUFBV/39328554.smt2
  esat-2007: 0.0047s PASS
  vanilla-yices2: 0.0048s PASS
[34/916] /Users/e35480/git/kn-yices2-2/tests/regress/coverage/random/QF_AUFBV/3eae32b4.smt2
  vanilla-yices2: 0.0060s PASS
  esat-2007: 0.0052s PASS
[35/916] /Users/e35480/git/kn-yices2-2/tests/regress/coverage/random/QF_AUFBV/41594ca5.smt2
  esat-2007: 0.0085s PASS
  vanilla-yices2: 0.0090s PASS
[36/916] /Users/e35480/git/kn-yices2-2/tests/regress/coverage/random/QF_AUFBV/43176631.smt2
  vanilla-yices2: 0.0059s PASS
  esat-2007: 0.0053s PASS
[37/916] /Users/e35480/git/kn-yices2-2/tests/regress/coverage/random/QF_AUFBV/49f9b014.smt2
  esat-2007: 0.0055s PASS
  vanilla-yices2: 0.0062s PASS
[38/916] /Users/e35480/git/kn-yices2-2/tests/regress/coverage/random/QF_AUFBV/4b81b738.smt2
  vanilla-yices2: 0.0055s PASS
  esat-2007: 0.0051s PASS
[39/916] /Users/e35480/git/kn-yices2-2/tests/regress/coverage/random/QF_AUFBV/5170b14e.smt2
  esat-2007: 0.0053s PASS
  vanilla-yices2: 0.0046s PASS
[40/916] /Users/e35480/git/kn-yices2-2/tests/regress/coverage/random/QF_AUFBV/52a258ec.smt2
  vanilla-yices2: 0.0045s PASS
  esat-2007: 0.0049s PASS
[41/916] /Users/e35480/git/kn-yices2-2/tests/regress/coverage/random/QF_AUFBV/53dcff33.smt2
  esat-2007: 0.0055s PASS
  vanilla-yices2: 0.0047s PASS
[42/916] /Users/e35480/git/kn-yices2-2/tests/regress/coverage/random/QF_AUFBV/57777460.smt2
  vanilla-yices2: 0.0049s PASS
  esat-2007: 0.0054s PASS
[43/916] /Users/e35480/git/kn-yices2-2/tests/regress/coverage/random/QF_AUFBV/586bb135.smt2
  esat-2007: 0.0049s PASS
  vanilla-yices2: 0.0048s PASS
[44/916] /Users/e35480/git/kn-yices2-2/tests/regress/coverage/random/QF_AUFBV/5ae9e4e7.smt2
  vanilla-yices2: 0.0086s PASS
  esat-2007: 0.0084s PASS
[45/916] /Users/e35480/git/kn-yices2-2/tests/regress/coverage/random/QF_AUFBV/5d64bc1d.smt2
  esat-2007: 0.0063s PASS
  vanilla-yices2: 0.0052s PASS
[46/916] /Users/e35480/git/kn-yices2-2/tests/regress/coverage/random/QF_AUFBV/5f09e565.smt2
  vanilla-yices2: 0.0048s PASS
  esat-2007: 0.0053s PASS
[47/916] /Users/e35480/git/kn-yices2-2/tests/regress/coverage/random/QF_AUFBV/63888d14.smt2
  esat-2007: 0.0060s PASS
  vanilla-yices2: 0.0061s PASS
[48/916] /Users/e35480/git/kn-yices2-2/tests/regress/coverage/random/QF_AUFBV/63ec7fc8.smt2
  vanilla-yices2: 0.0084s PASS
  esat-2007: 0.0075s PASS
[49/916] /Users/e35480/git/kn-yices2-2/tests/regress/coverage/random/QF_AUFBV/654c97b0.smt2
  esat-2007: 0.0061s PASS
  vanilla-yices2: 0.0054s PASS
[50/916] /Users/e35480/git/kn-yices2-2/tests/regress/coverage/random/QF_AUFBV/6cd39892.smt2
  vanilla-yices2: 0.0077s PASS
  esat-2007: 0.0074s PASS
[51/916] /Users/e35480/git/kn-yices2-2/tests/regress/coverage/random/QF_AUFBV/7abd0745.smt2
  esat-2007: 0.0071s PASS
  vanilla-yices2: 0.0078s PASS
[52/916] /Users/e35480/git/kn-yices2-2/tests/regress/coverage/random/QF_AUFBV/80b4dce0.smt2
  vanilla-yices2: 0.1924s PASS
  esat-2007: 0.1870s PASS
[53/916] /Users/e35480/git/kn-yices2-2/tests/regress/coverage/random/QF_AUFBV/80ea6f10.smt2
  esat-2007: 0.0077s PASS
  vanilla-yices2: 0.0068s PASS
[54/916] /Users/e35480/git/kn-yices2-2/tests/regress/coverage/random/QF_AUFBV/858a9264.smt2
  vanilla-yices2: 0.0053s PASS
  esat-2007: 0.0054s PASS
[55/916] /Users/e35480/git/kn-yices2-2/tests/regress/coverage/random/QF_AUFBV/86314fa8.smt2
  esat-2007: 0.0073s PASS
  vanilla-yices2: 0.0067s PASS
[56/916] /Users/e35480/git/kn-yices2-2/tests/regress/coverage/random/QF_AUFBV/8feebc9e.smt2
  vanilla-yices2: 0.0065s PASS
  esat-2007: 0.0057s PASS
[57/916] /Users/e35480/git/kn-yices2-2/tests/regress/coverage/random/QF_AUFBV/933b4450.smt2
  esat-2007: 0.0087s PASS
  vanilla-yices2: 0.0096s PASS
[58/916] /Users/e35480/git/kn-yices2-2/tests/regress/coverage/random/QF_AUFBV/97511fe8.smt2
  vanilla-yices2: 0.0726s PASS
  esat-2007: 0.0788s PASS
[59/916] /Users/e35480/git/kn-yices2-2/tests/regress/coverage/random/QF_AUFBV/99aee03a.smt2
  esat-2007: 0.0076s PASS
  vanilla-yices2: 0.0059s PASS
[60/916] /Users/e35480/git/kn-yices2-2/tests/regress/coverage/random/QF_AUFBV/9df64187.smt2
  vanilla-yices2: 0.0059s PASS
  esat-2007: 0.0063s PASS
[61/916] /Users/e35480/git/kn-yices2-2/tests/regress/coverage/random/QF_AUFBV/9e0c46a1.smt2
  esat-2007: 0.0059s PASS
  vanilla-yices2: 0.0058s PASS
[62/916] /Users/e35480/git/kn-yices2-2/tests/regress/coverage/random/QF_AUFBV/a0a3239c.smt2
  vanilla-yices2: 0.0141s PASS
  esat-2007: 0.0138s PASS
[63/916] /Users/e35480/git/kn-yices2-2/tests/regress/coverage/random/QF_AUFBV/a2a02554.smt2
  esat-2007: 0.0065s PASS
  vanilla-yices2: 0.0062s PASS
[64/916] /Users/e35480/git/kn-yices2-2/tests/regress/coverage/random/QF_AUFBV/a622f772.smt2
  vanilla-yices2: 0.0071s PASS
  esat-2007: 0.0061s PASS
[65/916] /Users/e35480/git/kn-yices2-2/tests/regress/coverage/random/QF_AUFBV/a72f1c1c.smt2
  esat-2007: 0.0095s PASS
  vanilla-yices2: 0.0082s PASS
[66/916] /Users/e35480/git/kn-yices2-2/tests/regress/coverage/random/QF_AUFBV/aaa43879.smt2
  vanilla-yices2: 0.0060s PASS
  esat-2007: 0.0066s PASS
[67/916] /Users/e35480/git/kn-yices2-2/tests/regress/coverage/random/QF_AUFBV/ac344b01.smt2
  esat-2007: 0.0053s PASS
  vanilla-yices2: 0.0050s PASS
[68/916] /Users/e35480/git/kn-yices2-2/tests/regress/coverage/random/QF_AUFBV/b19c8789.smt2
  vanilla-yices2: 0.0053s PASS
  esat-2007: 0.0068s PASS
[69/916] /Users/e35480/git/kn-yices2-2/tests/regress/coverage/random/QF_AUFBV/b52823cd.smt2
  esat-2007: 0.0073s PASS
  vanilla-yices2: 0.0081s PASS
[70/916] /Users/e35480/git/kn-yices2-2/tests/regress/coverage/random/QF_AUFBV/b8607b9b.smt2
  vanilla-yices2: 0.0062s PASS
  esat-2007: 0.0061s PASS
[71/916] /Users/e35480/git/kn-yices2-2/tests/regress/coverage/random/QF_AUFBV/b863aad0.smt2
  esat-2007: 0.0055s PASS
  vanilla-yices2: 0.0077s PASS
[72/916] /Users/e35480/git/kn-yices2-2/tests/regress/coverage/random/QF_AUFBV/bb0991e9.smt2
  vanilla-yices2: 0.0111s PASS
  esat-2007: 0.0120s PASS
[73/916] /Users/e35480/git/kn-yices2-2/tests/regress/coverage/random/QF_AUFBV/bd5e390f.smt2
  esat-2007: 0.0433s PASS
  vanilla-yices2: 0.0425s PASS
[74/916] /Users/e35480/git/kn-yices2-2/tests/regress/coverage/random/QF_AUFBV/bfa29135.smt2
  vanilla-yices2: 0.0080s PASS
  esat-2007: 0.0069s PASS
[75/916] /Users/e35480/git/kn-yices2-2/tests/regress/coverage/random/QF_AUFBV/c1b83541.smt2
  esat-2007: 0.0079s PASS
  vanilla-yices2: 0.0089s PASS
[76/916] /Users/e35480/git/kn-yices2-2/tests/regress/coverage/random/QF_AUFBV/c3bc73cc.smt2
  vanilla-yices2: 0.0081s PASS
  esat-2007: 0.0084s PASS
[77/916] /Users/e35480/git/kn-yices2-2/tests/regress/coverage/random/QF_AUFBV/c41c02ed.smt2
  esat-2007: 0.0078s PASS
  vanilla-yices2: 0.0067s PASS
[78/916] /Users/e35480/git/kn-yices2-2/tests/regress/coverage/random/QF_AUFBV/c6211e84.smt2
  vanilla-yices2: 0.0084s PASS
  esat-2007: 0.0083s PASS
[79/916] /Users/e35480/git/kn-yices2-2/tests/regress/coverage/random/QF_AUFBV/c7c49023.smt2
  esat-2007: 0.0052s PASS
  vanilla-yices2: 0.0063s PASS
[80/916] /Users/e35480/git/kn-yices2-2/tests/regress/coverage/random/QF_AUFBV/c86e535a.smt2
  vanilla-yices2: 0.0063s PASS
  esat-2007: 0.0051s PASS
[81/916] /Users/e35480/git/kn-yices2-2/tests/regress/coverage/random/QF_AUFBV/d1a8114f.smt2
  esat-2007: 0.0085s PASS
  vanilla-yices2: 0.0095s PASS
[82/916] /Users/e35480/git/kn-yices2-2/tests/regress/coverage/random/QF_AUFBV/d3afe5ec.smt2
  vanilla-yices2: 0.0066s PASS
  esat-2007: 0.0067s PASS
[83/916] /Users/e35480/git/kn-yices2-2/tests/regress/coverage/random/QF_AUFBV/d461c286.smt2
  esat-2007: 0.0072s PASS
  vanilla-yices2: 0.0075s PASS
[84/916] /Users/e35480/git/kn-yices2-2/tests/regress/coverage/random/QF_AUFBV/d4bbb265.smt2
  vanilla-yices2: 0.0760s PASS
  esat-2007: 0.0784s PASS
[85/916] /Users/e35480/git/kn-yices2-2/tests/regress/coverage/random/QF_AUFBV/d5e688e7.smt2
  esat-2007: 0.0108s PASS
  vanilla-yices2: 0.0093s PASS
[86/916] /Users/e35480/git/kn-yices2-2/tests/regress/coverage/random/QF_AUFBV/d6c91c1f.smt2
  vanilla-yices2: 0.0079s PASS
  esat-2007: 0.0080s PASS
[87/916] /Users/e35480/git/kn-yices2-2/tests/regress/coverage/random/QF_AUFBV/d7570b15.smt2
  esat-2007: 0.1211s PASS
  vanilla-yices2: 0.1200s PASS
[88/916] /Users/e35480/git/kn-yices2-2/tests/regress/coverage/random/QF_AUFBV/d93370a7.smt2
  vanilla-yices2: 0.0079s PASS
  esat-2007: 0.0079s PASS
[89/916] /Users/e35480/git/kn-yices2-2/tests/regress/coverage/random/QF_AUFBV/da2ad2d3.smt2
  esat-2007: 0.0071s PASS
  vanilla-yices2: 0.0069s PASS
[90/916] /Users/e35480/git/kn-yices2-2/tests/regress/coverage/random/QF_AUFBV/e312f743.smt2
  vanilla-yices2: 0.0069s PASS
  esat-2007: 0.0068s PASS
[91/916] /Users/e35480/git/kn-yices2-2/tests/regress/coverage/random/QF_AUFBV/e85350b1.smt2
  esat-2007: 0.0062s PASS
  vanilla-yices2: 0.0071s PASS
[92/916] /Users/e35480/git/kn-yices2-2/tests/regress/coverage/random/QF_AUFBV/e89af5dc.smt2
  vanilla-yices2: 0.0087s PASS
  esat-2007: 0.0090s PASS
[93/916] /Users/e35480/git/kn-yices2-2/tests/regress/coverage/random/QF_AUFBV/eada58c7.smt2
  esat-2007: 0.0479s PASS
  vanilla-yices2: 0.0476s PASS
[94/916] /Users/e35480/git/kn-yices2-2/tests/regress/coverage/random/QF_AUFBV/ebcb7234.smt2
  vanilla-yices2: 0.0093s PASS
  esat-2007: 0.0093s PASS
[95/916] /Users/e35480/git/kn-yices2-2/tests/regress/coverage/random/QF_AUFBV/ec99dd8c.smt2
  esat-2007: 0.0066s PASS
  vanilla-yices2: 0.0067s PASS
[96/916] /Users/e35480/git/kn-yices2-2/tests/regress/coverage/random/QF_AUFBV/f5dcb284.smt2
  vanilla-yices2: 0.0074s PASS
  esat-2007: 0.0065s PASS
[97/916] /Users/e35480/git/kn-yices2-2/tests/regress/coverage/random/QF_AUFBV/ffac3a97.smt2
  esat-2007: 0.0066s PASS
  vanilla-yices2: 0.0056s PASS
[98/916] /Users/e35480/git/kn-yices2-2/tests/regress/coverage/random/QF_AUFBV/ffe57986.smt2
  vanilla-yices2: 0.0104s PASS
  esat-2007: 0.0101s PASS
[99/916] /Users/e35480/git/kn-yices2-2/tests/regress/coverage/random/QF_AUFLIA/046e3bb4.smt2
  esat-2007: 0.2288s PASS
  vanilla-yices2: 0.2347s PASS
[100/916] /Users/e35480/git/kn-yices2-2/tests/regress/coverage/random/QF_AUFLIA/0a6522a7.smt2
  vanilla-yices2: 0.0143s PASS
  esat-2007: 0.0132s PASS
[101/916] /Users/e35480/git/kn-yices2-2/tests/regress/coverage/random/QF_AUFLIA/17b567f5.smt2
  esat-2007: 0.0217s PASS
  vanilla-yices2: 0.0213s PASS
[102/916] /Users/e35480/git/kn-yices2-2/tests/regress/coverage/random/QF_AUFLIA/21ad7827.smt2
  vanilla-yices2: 0.0123s PASS
  esat-2007: 0.0110s PASS
[103/916] /Users/e35480/git/kn-yices2-2/tests/regress/coverage/random/QF_AUFLIA/2328a12f.smt2
  esat-2007: 0.0096s PASS
  vanilla-yices2: 0.0084s PASS
[104/916] /Users/e35480/git/kn-yices2-2/tests/regress/coverage/random/QF_AUFLIA/303b3ac9.smt2
  vanilla-yices2: 0.0166s PASS
  esat-2007: 0.0161s PASS
[105/916] /Users/e35480/git/kn-yices2-2/tests/regress/coverage/random/QF_AUFLIA/3354a931.smt2
  esat-2007: 0.0066s PASS
  vanilla-yices2: 0.0053s PASS
[106/916] /Users/e35480/git/kn-yices2-2/tests/regress/coverage/random/QF_AUFLIA/3ddb3130.smt2
  vanilla-yices2: 0.0100s PASS
  esat-2007: 0.0113s PASS
[107/916] /Users/e35480/git/kn-yices2-2/tests/regress/coverage/random/QF_AUFLIA/521b0803.smt2
  esat-2007: 0.0197s PASS
  vanilla-yices2: 0.0195s PASS
[108/916] /Users/e35480/git/kn-yices2-2/tests/regress/coverage/random/QF_AUFLIA/58720a10.smt2
  vanilla-yices2: 0.0068s PASS
  esat-2007: 0.0061s PASS
[109/916] /Users/e35480/git/kn-yices2-2/tests/regress/coverage/random/QF_AUFLIA/67802798.smt2
  esat-2007: 0.0078s PASS
  vanilla-yices2: 0.0073s PASS
[110/916] /Users/e35480/git/kn-yices2-2/tests/regress/coverage/random/QF_AUFLIA/6affd61f.smt2
  vanilla-yices2: 0.0137s PASS
  esat-2007: 0.0138s PASS
[111/916] /Users/e35480/git/kn-yices2-2/tests/regress/coverage/random/QF_AUFLIA/75834956.smt2
  esat-2007: 0.0063s PASS
  vanilla-yices2: 0.0057s PASS
[112/916] /Users/e35480/git/kn-yices2-2/tests/regress/coverage/random/QF_AUFLIA/89ba99c1.smt2
  vanilla-yices2: 0.0059s PASS
  esat-2007: 0.0064s PASS
[113/916] /Users/e35480/git/kn-yices2-2/tests/regress/coverage/random/QF_AUFLIA/8b993975.smt2
  esat-2007: 0.0068s PASS
  vanilla-yices2: 0.0062s PASS
[114/916] /Users/e35480/git/kn-yices2-2/tests/regress/coverage/random/QF_AUFLIA/8d791671.smt2
  vanilla-yices2: 0.0067s PASS
  esat-2007: 0.0052s PASS
[115/916] /Users/e35480/git/kn-yices2-2/tests/regress/coverage/random/QF_AUFLIA/960668fb.smt2
  esat-2007: 0.0089s PASS
  vanilla-yices2: 0.0087s PASS
[116/916] /Users/e35480/git/kn-yices2-2/tests/regress/coverage/random/QF_AUFLIA/a502aa90.smt2
  vanilla-yices2: 0.0061s PASS
  esat-2007: 0.0061s PASS
[117/916] /Users/e35480/git/kn-yices2-2/tests/regress/coverage/random/QF_AUFLIA/ac906f47.smt2
  esat-2007: 0.0595s PASS
  vanilla-yices2: 0.0599s PASS
[118/916] /Users/e35480/git/kn-yices2-2/tests/regress/coverage/random/QF_AUFLIA/ad0f28d2.smt2
  vanilla-yices2: 0.0113s PASS
  esat-2007: 0.0106s PASS
[119/916] /Users/e35480/git/kn-yices2-2/tests/regress/coverage/random/QF_AUFLIA/ba5143e3.smt2
  esat-2007: 0.2793s PASS
  vanilla-yices2: 0.2841s PASS
[120/916] /Users/e35480/git/kn-yices2-2/tests/regress/coverage/random/QF_AUFLIA/c74aefb7.smt2
  vanilla-yices2: 0.0096s PASS
  esat-2007: 0.0081s PASS
[121/916] /Users/e35480/git/kn-yices2-2/tests/regress/coverage/random/QF_AUFLIA/dca3b154.smt2
  esat-2007: 0.0122s PASS
  vanilla-yices2: 0.0108s PASS
[122/916] /Users/e35480/git/kn-yices2-2/tests/regress/coverage/random/QF_AUFLIA/ed9186b0.smt2
  vanilla-yices2: 0.0192s PASS
  esat-2007: 0.0202s PASS
[123/916] /Users/e35480/git/kn-yices2-2/tests/regress/coverage/random/QF_AUFLIA/edeb11da.smt2
  esat-2007: 0.0103s PASS
  vanilla-yices2: 0.0093s PASS
[124/916] /Users/e35480/git/kn-yices2-2/tests/regress/coverage/random/QF_AUFLIA/f31e4fe7.smt2
  vanilla-yices2: 0.0146s PASS
  esat-2007: 0.0150s PASS
[125/916] /Users/e35480/git/kn-yices2-2/tests/regress/coverage/random/QF_BV/003b74b7.smt2
  esat-2007: 0.3133s PASS
  vanilla-yices2: 0.3237s PASS
[126/916] /Users/e35480/git/kn-yices2-2/tests/regress/coverage/random/QF_BV/0045be1d.smt2
  vanilla-yices2: 0.0077s PASS
  esat-2007: 0.0072s PASS
[127/916] /Users/e35480/git/kn-yices2-2/tests/regress/coverage/random/QF_BV/023ce693.smt2
  esat-2007: 0.0069s PASS
  vanilla-yices2: 0.0074s PASS
[128/916] /Users/e35480/git/kn-yices2-2/tests/regress/coverage/random/QF_BV/038ef701.smt2
  vanilla-yices2: 0.0123s PASS
  esat-2007: 0.0108s PASS
[129/916] /Users/e35480/git/kn-yices2-2/tests/regress/coverage/random/QF_BV/0561eff2.smt2
  esat-2007: 0.0064s PASS
  vanilla-yices2: 0.0065s PASS
[130/916] /Users/e35480/git/kn-yices2-2/tests/regress/coverage/random/QF_BV/05cd27ff.smt2
  vanilla-yices2: 0.0078s PASS
  esat-2007: 0.0084s PASS
[131/916] /Users/e35480/git/kn-yices2-2/tests/regress/coverage/random/QF_BV/131df763.smt2
  esat-2007: 0.0059s PASS
  vanilla-yices2: 0.0057s PASS
[132/916] /Users/e35480/git/kn-yices2-2/tests/regress/coverage/random/QF_BV/138cd124.smt2
  vanilla-yices2: 0.0080s PASS
  esat-2007: 0.0068s PASS
[133/916] /Users/e35480/git/kn-yices2-2/tests/regress/coverage/random/QF_BV/151b32d2.smt2
  esat-2007: 0.0073s PASS
  vanilla-yices2: 0.0061s PASS
[134/916] /Users/e35480/git/kn-yices2-2/tests/regress/coverage/random/QF_BV/1e5e4c23.smt2
  vanilla-yices2: 0.0100s PASS
  esat-2007: 0.0094s PASS
[135/916] /Users/e35480/git/kn-yices2-2/tests/regress/coverage/random/QF_BV/2684cd0d.smt2
  esat-2007: 0.0072s PASS
  vanilla-yices2: 0.0055s PASS
[136/916] /Users/e35480/git/kn-yices2-2/tests/regress/coverage/random/QF_BV/2e56bb9d.smt2
  vanilla-yices2: 0.0056s PASS
  esat-2007: 0.0063s PASS
[137/916] /Users/e35480/git/kn-yices2-2/tests/regress/coverage/random/QF_BV/31187ae5.smt2
  esat-2007: 0.0053s PASS
  vanilla-yices2: 0.0065s PASS
[138/916] /Users/e35480/git/kn-yices2-2/tests/regress/coverage/random/QF_BV/3b10377d.smt2
  vanilla-yices2: 0.0116s PASS
  esat-2007: 0.0121s PASS
[139/916] /Users/e35480/git/kn-yices2-2/tests/regress/coverage/random/QF_BV/3cac4b03.smt2
  esat-2007: 0.0068s PASS
  vanilla-yices2: 0.0065s PASS
[140/916] /Users/e35480/git/kn-yices2-2/tests/regress/coverage/random/QF_BV/4268985f.smt2
  vanilla-yices2: 0.0052s PASS
  esat-2007: 0.0063s PASS
[141/916] /Users/e35480/git/kn-yices2-2/tests/regress/coverage/random/QF_BV/498202d5.smt2
  esat-2007: 0.0358s PASS
  vanilla-yices2: 0.0361s PASS
[142/916] /Users/e35480/git/kn-yices2-2/tests/regress/coverage/random/QF_BV/4f7dc4de.smt2
  vanilla-yices2: 0.0712s PASS
  esat-2007: 0.0713s PASS
[143/916] /Users/e35480/git/kn-yices2-2/tests/regress/coverage/random/QF_BV/54d3ba76.smt2
  esat-2007: 0.0066s PASS
  vanilla-yices2: 0.0061s PASS
[144/916] /Users/e35480/git/kn-yices2-2/tests/regress/coverage/random/QF_BV/550bbc63.smt2
  vanilla-yices2: 0.0076s PASS
  esat-2007: 0.0059s PASS
[145/916] /Users/e35480/git/kn-yices2-2/tests/regress/coverage/random/QF_BV/57445929.smt2
  esat-2007: 0.0061s PASS
  vanilla-yices2: 0.0060s PASS
[146/916] /Users/e35480/git/kn-yices2-2/tests/regress/coverage/random/QF_BV/6a16b42b.smt2
  vanilla-yices2: 0.0340s PASS
  esat-2007: 0.0356s PASS
[147/916] /Users/e35480/git/kn-yices2-2/tests/regress/coverage/random/QF_BV/6cafe1e1.smt2
  esat-2007: 0.0066s PASS
  vanilla-yices2: 0.0059s PASS
[148/916] /Users/e35480/git/kn-yices2-2/tests/regress/coverage/random/QF_BV/6df00913.smt2
  vanilla-yices2: 0.0055s PASS
  esat-2007: 0.0058s PASS
[149/916] /Users/e35480/git/kn-yices2-2/tests/regress/coverage/random/QF_BV/729f8e74.smt2
  esat-2007: 0.0056s PASS
  vanilla-yices2: 0.0051s PASS
[150/916] /Users/e35480/git/kn-yices2-2/tests/regress/coverage/random/QF_BV/73afa00a.smt2
  vanilla-yices2: 0.0055s PASS
  esat-2007: 0.0051s PASS
[151/916] /Users/e35480/git/kn-yices2-2/tests/regress/coverage/random/QF_BV/773dda52.smt2
  esat-2007: 0.0110s PASS
  vanilla-yices2: 0.0116s PASS
[152/916] /Users/e35480/git/kn-yices2-2/tests/regress/coverage/random/QF_BV/7b6e4602.smt2
  vanilla-yices2: 0.0066s PASS
  esat-2007: 0.0064s PASS
[153/916] /Users/e35480/git/kn-yices2-2/tests/regress/coverage/random/QF_BV/7ddcd554.smt2
  esat-2007: 0.0073s PASS
  vanilla-yices2: 0.0079s PASS
[154/916] /Users/e35480/git/kn-yices2-2/tests/regress/coverage/random/QF_BV/7f09a670.smt2
  vanilla-yices2: 0.0060s PASS
  esat-2007: 0.0060s PASS
[155/916] /Users/e35480/git/kn-yices2-2/tests/regress/coverage/random/QF_BV/873a1dbe.smt2
  esat-2007: 0.0053s PASS
  vanilla-yices2: 0.0052s PASS
[156/916] /Users/e35480/git/kn-yices2-2/tests/regress/coverage/random/QF_BV/8ad5b59b.smt2
  vanilla-yices2: 0.0068s PASS
  esat-2007: 0.0059s PASS
[157/916] /Users/e35480/git/kn-yices2-2/tests/regress/coverage/random/QF_BV/9753e26e.smt2
  esat-2007: 0.0056s PASS
  vanilla-yices2: 0.0055s PASS
[158/916] /Users/e35480/git/kn-yices2-2/tests/regress/coverage/random/QF_BV/97bcf334.smt2
  vanilla-yices2: 0.0048s PASS
  esat-2007: 0.0049s PASS
[159/916] /Users/e35480/git/kn-yices2-2/tests/regress/coverage/random/QF_BV/9ef3296a.smt2
  esat-2007: 0.0317s PASS
  vanilla-yices2: 0.0322s PASS
[160/916] /Users/e35480/git/kn-yices2-2/tests/regress/coverage/random/QF_BV/a007b83a.smt2
  vanilla-yices2: 0.0068s PASS
  esat-2007: 0.0058s PASS
[161/916] /Users/e35480/git/kn-yices2-2/tests/regress/coverage/random/QF_BV/a166e8af.smt2
  esat-2007: 0.0090s PASS
  vanilla-yices2: 0.0097s PASS
[162/916] /Users/e35480/git/kn-yices2-2/tests/regress/coverage/random/QF_BV/abd8ba61.smt2
  vanilla-yices2: 0.0060s PASS
  esat-2007: 0.0053s PASS
[163/916] /Users/e35480/git/kn-yices2-2/tests/regress/coverage/random/QF_BV/b0fd092c.smt2
  esat-2007: 0.0432s PASS
  vanilla-yices2: 0.0433s PASS
[164/916] /Users/e35480/git/kn-yices2-2/tests/regress/coverage/random/QF_BV/b45e9b79.smt2
  vanilla-yices2: 0.0069s PASS
  esat-2007: 0.0059s PASS
[165/916] /Users/e35480/git/kn-yices2-2/tests/regress/coverage/random/QF_BV/b6f7b06b.smt2
  esat-2007: 0.0062s PASS
  vanilla-yices2: 0.0066s PASS
[166/916] /Users/e35480/git/kn-yices2-2/tests/regress/coverage/random/QF_BV/ba0c4bc3.smt2
  vanilla-yices2: 0.0057s PASS
  esat-2007: 0.0060s PASS
[167/916] /Users/e35480/git/kn-yices2-2/tests/regress/coverage/random/QF_BV/bae10308.smt2
  esat-2007: 0.0066s PASS
  vanilla-yices2: 0.0057s PASS
[168/916] /Users/e35480/git/kn-yices2-2/tests/regress/coverage/random/QF_BV/bc292413.smt2
  vanilla-yices2: 0.0063s PASS
  esat-2007: 0.0055s PASS
[169/916] /Users/e35480/git/kn-yices2-2/tests/regress/coverage/random/QF_BV/bde61279.smt2
  esat-2007: 0.0091s PASS
  vanilla-yices2: 0.0097s PASS
[170/916] /Users/e35480/git/kn-yices2-2/tests/regress/coverage/random/QF_BV/cd9fc49e.smt2
  vanilla-yices2: 0.0125s PASS
  esat-2007: 0.0130s PASS
[171/916] /Users/e35480/git/kn-yices2-2/tests/regress/coverage/random/QF_BV/cdb8ba2a.smt2
  esat-2007: 0.0127s PASS
  vanilla-yices2: 0.0128s PASS
[172/916] /Users/e35480/git/kn-yices2-2/tests/regress/coverage/random/QF_BV/d2d9f16c.smt2
  vanilla-yices2: 0.0077s PASS
  esat-2007: 0.0066s PASS
[173/916] /Users/e35480/git/kn-yices2-2/tests/regress/coverage/random/QF_BV/d491559f.smt2
  esat-2007: 0.0069s PASS
  vanilla-yices2: 0.0071s PASS
[174/916] /Users/e35480/git/kn-yices2-2/tests/regress/coverage/random/QF_BV/d4af409b.smt2
  vanilla-yices2: 0.3106s PASS
  esat-2007: 0.2923s PASS
[175/916] /Users/e35480/git/kn-yices2-2/tests/regress/coverage/random/QF_BV/d55172aa.smt2
  esat-2007: 0.0068s PASS
  vanilla-yices2: 0.0073s PASS
[176/916] /Users/e35480/git/kn-yices2-2/tests/regress/coverage/random/QF_BV/dcf95ae7.smt2
  vanilla-yices2: 0.0081s PASS
  esat-2007: 0.0084s PASS
[177/916] /Users/e35480/git/kn-yices2-2/tests/regress/coverage/random/QF_BV/e0acb949.smt2
  esat-2007: 0.0070s PASS
  vanilla-yices2: 0.0063s PASS
[178/916] /Users/e35480/git/kn-yices2-2/tests/regress/coverage/random/QF_BV/e1ff5428.smt2
  vanilla-yices2: 0.0092s PASS
  esat-2007: 0.0058s PASS
[179/916] /Users/e35480/git/kn-yices2-2/tests/regress/coverage/random/QF_BV/e3140edc.smt2
  esat-2007: 0.0091s PASS
  vanilla-yices2: 0.0077s PASS
[180/916] /Users/e35480/git/kn-yices2-2/tests/regress/coverage/random/QF_BV/e73ce82d.smt2
  vanilla-yices2: 0.0062s PASS
  esat-2007: 0.0062s PASS
[181/916] /Users/e35480/git/kn-yices2-2/tests/regress/coverage/random/QF_BV/f48f163b.smt2
  esat-2007: 0.1338s PASS
  vanilla-yices2: 0.1336s PASS
[182/916] /Users/e35480/git/kn-yices2-2/tests/regress/coverage/random/QF_BV/f8e2a7ed.smt2
  vanilla-yices2: 0.0079s PASS
  esat-2007: 0.0092s PASS
[183/916] /Users/e35480/git/kn-yices2-2/tests/regress/coverage/random/QF_IDL/1b694516.smt2
  esat-2007: 0.0062s PASS
  vanilla-yices2: 0.0074s PASS
[184/916] /Users/e35480/git/kn-yices2-2/tests/regress/coverage/random/QF_IDL/268ed0cf.smt2
  vanilla-yices2: 0.0078s PASS
  esat-2007: 0.0061s PASS
[185/916] /Users/e35480/git/kn-yices2-2/tests/regress/coverage/random/QF_IDL/35d358eb.smt2
  esat-2007: 0.0065s PASS
  vanilla-yices2: 0.0067s PASS
[186/916] /Users/e35480/git/kn-yices2-2/tests/regress/coverage/random/QF_IDL/3e5e2e59.smt2
  vanilla-yices2: 0.0058s PASS
  esat-2007: 0.0068s PASS
[187/916] /Users/e35480/git/kn-yices2-2/tests/regress/coverage/random/QF_IDL/46b8879c.smt2
  esat-2007: 0.0069s PASS
  vanilla-yices2: 0.0067s PASS
[188/916] /Users/e35480/git/kn-yices2-2/tests/regress/coverage/random/QF_IDL/6b1e2414.smt2
  vanilla-yices2: 0.0093s PASS
  esat-2007: 0.0067s PASS
[189/916] /Users/e35480/git/kn-yices2-2/tests/regress/coverage/random/QF_IDL/6c610c66.smt2
  esat-2007: 0.0071s PASS
  vanilla-yices2: 0.0083s PASS
[190/916] /Users/e35480/git/kn-yices2-2/tests/regress/coverage/random/QF_IDL/6f0279df.smt2
  vanilla-yices2: 0.0058s PASS
  esat-2007: 0.0056s PASS
[191/916] /Users/e35480/git/kn-yices2-2/tests/regress/coverage/random/QF_IDL/74c47979.smt2
  esat-2007: 0.0074s PASS
  vanilla-yices2: 0.0061s PASS
[192/916] /Users/e35480/git/kn-yices2-2/tests/regress/coverage/random/QF_IDL/8e7bdc40.smt2
  vanilla-yices2: 0.0062s PASS
  esat-2007: 0.0071s PASS
[193/916] /Users/e35480/git/kn-yices2-2/tests/regress/coverage/random/QF_IDL/9f5469b5.smt2
  esat-2007: 0.0066s PASS
  vanilla-yices2: 0.0081s PASS
[194/916] /Users/e35480/git/kn-yices2-2/tests/regress/coverage/random/QF_IDL/af1527fd.smt2
  vanilla-yices2: 0.0082s PASS
  esat-2007: 0.0069s PASS
[195/916] /Users/e35480/git/kn-yices2-2/tests/regress/coverage/random/QF_IDL/b1b3b307.smt2
  esat-2007: 0.0077s PASS
  vanilla-yices2: 0.0070s PASS
[196/916] /Users/e35480/git/kn-yices2-2/tests/regress/coverage/random/QF_IDL/b7d34cf9.smt2
  vanilla-yices2: 0.0058s PASS
  esat-2007: 0.0063s PASS
[197/916] /Users/e35480/git/kn-yices2-2/tests/regress/coverage/random/QF_IDL/bee51410.smt2
  esat-2007: 0.0069s PASS
  vanilla-yices2: 0.0059s PASS
[198/916] /Users/e35480/git/kn-yices2-2/tests/regress/coverage/random/QF_IDL/dfab9e5b.smt2
  vanilla-yices2: 0.0064s PASS
  esat-2007: 0.0063s PASS
[199/916] /Users/e35480/git/kn-yices2-2/tests/regress/coverage/random/QF_IDL/e540ecd5.smt2
  esat-2007: 0.0058s PASS
  vanilla-yices2: 0.0059s PASS
[200/916] /Users/e35480/git/kn-yices2-2/tests/regress/coverage/random/QF_IDL/e570fcc3.smt2
  vanilla-yices2: 0.0106s PASS
  esat-2007: 0.0063s PASS
[201/916] /Users/e35480/git/kn-yices2-2/tests/regress/coverage/random/QF_IDL/eb040e6e.smt2
  esat-2007: 0.0052s PASS
  vanilla-yices2: 0.0066s PASS
[202/916] /Users/e35480/git/kn-yices2-2/tests/regress/coverage/random/QF_LIA/1ca974b6.smt2
  vanilla-yices2: 0.0387s PASS
  esat-2007: 0.0134s PASS
[203/916] /Users/e35480/git/kn-yices2-2/tests/regress/coverage/random/QF_LIA/2de4999d.smt2
  esat-2007: 0.0076s PASS
  vanilla-yices2: 0.0072s PASS
[204/916] /Users/e35480/git/kn-yices2-2/tests/regress/coverage/random/QF_LIA/3135426d.smt2
  vanilla-yices2: 0.0076s PASS
  esat-2007: 0.0074s PASS
[205/916] /Users/e35480/git/kn-yices2-2/tests/regress/coverage/random/QF_LIA/366b3fee.smt2
  esat-2007: 0.0223s PASS
  vanilla-yices2: 0.0191s PASS
[206/916] /Users/e35480/git/kn-yices2-2/tests/regress/coverage/random/QF_LIA/485ed27c.smt2
  vanilla-yices2: 0.0066s PASS
  esat-2007: 0.0055s PASS
[207/916] /Users/e35480/git/kn-yices2-2/tests/regress/coverage/random/QF_LIA/66958542.smt2
  esat-2007: 0.0064s PASS
  vanilla-yices2: 0.0055s PASS
[208/916] /Users/e35480/git/kn-yices2-2/tests/regress/coverage/random/QF_LIA/892ff7d6.smt2
  vanilla-yices2: 0.0048s PASS
  esat-2007: 0.0053s PASS
[209/916] /Users/e35480/git/kn-yices2-2/tests/regress/coverage/random/QF_LIA/897d0cab.smt2
  esat-2007: 0.0048s PASS
  vanilla-yices2: 0.0048s PASS
[210/916] /Users/e35480/git/kn-yices2-2/tests/regress/coverage/random/QF_LIA/8a6f7991.smt2
  vanilla-yices2: 0.0107s PASS
  esat-2007: 0.0103s PASS
[211/916] /Users/e35480/git/kn-yices2-2/tests/regress/coverage/random/QF_LIA/946e339d.smt2
  esat-2007: 0.0679s PASS
  vanilla-yices2: 0.0336s PASS
[212/916] /Users/e35480/git/kn-yices2-2/tests/regress/coverage/random/QF_LIA/9b5b8eb2.smt2
  vanilla-yices2: 0.0064s PASS
  esat-2007: 0.0054s PASS
[213/916] /Users/e35480/git/kn-yices2-2/tests/regress/coverage/random/QF_LIA/db53c9b3.smt2
  esat-2007: 0.0054s PASS
  vanilla-yices2: 0.0048s PASS
[214/916] /Users/e35480/git/kn-yices2-2/tests/regress/coverage/random/QF_LIA/e662d85f.smt2
  vanilla-yices2: 0.0058s PASS
  esat-2007: 0.0059s PASS
[215/916] /Users/e35480/git/kn-yices2-2/tests/regress/coverage/random/QF_LRA/1175c125.smt2
  esat-2007: 0.0047s PASS
  vanilla-yices2: 0.0052s PASS
[216/916] /Users/e35480/git/kn-yices2-2/tests/regress/coverage/random/QF_LRA/128806be.smt2
  vanilla-yices2: 0.0055s PASS
  esat-2007: 0.0050s PASS
[217/916] /Users/e35480/git/kn-yices2-2/tests/regress/coverage/random/QF_LRA/1714a8d0.smt2
  esat-2007: 0.0047s PASS
  vanilla-yices2: 0.0047s PASS
[218/916] /Users/e35480/git/kn-yices2-2/tests/regress/coverage/random/QF_LRA/17813021.smt2
  vanilla-yices2: 0.0048s PASS
  esat-2007: 0.0047s PASS
[219/916] /Users/e35480/git/kn-yices2-2/tests/regress/coverage/random/QF_LRA/2879cfd7.smt2
  esat-2007: 0.0052s PASS
  vanilla-yices2: 0.0051s PASS
[220/916] /Users/e35480/git/kn-yices2-2/tests/regress/coverage/random/QF_LRA/28b44ac6.smt2
  vanilla-yices2: 0.0069s PASS
  esat-2007: 0.0067s PASS
[221/916] /Users/e35480/git/kn-yices2-2/tests/regress/coverage/random/QF_LRA/2e4d28cb.smt2
  esat-2007: 0.0051s PASS
  vanilla-yices2: 0.0049s PASS
[222/916] /Users/e35480/git/kn-yices2-2/tests/regress/coverage/random/QF_LRA/2e641cac.smt2
  vanilla-yices2: 0.0048s PASS
  esat-2007: 0.0046s PASS
[223/916] /Users/e35480/git/kn-yices2-2/tests/regress/coverage/random/QF_LRA/30542e2e.smt2
  esat-2007: 0.0048s PASS
  vanilla-yices2: 0.0052s PASS
[224/916] /Users/e35480/git/kn-yices2-2/tests/regress/coverage/random/QF_LRA/4838edde.smt2
  vanilla-yices2: 0.0070s PASS
  esat-2007: 0.0068s PASS
[225/916] /Users/e35480/git/kn-yices2-2/tests/regress/coverage/random/QF_LRA/4c8a211f.smt2
  esat-2007: 0.0190s PASS
  vanilla-yices2: 0.0190s PASS
[226/916] /Users/e35480/git/kn-yices2-2/tests/regress/coverage/random/QF_LRA/54038167.smt2
  vanilla-yices2: 0.0055s PASS
  esat-2007: 0.0049s PASS
[227/916] /Users/e35480/git/kn-yices2-2/tests/regress/coverage/random/QF_LRA/5817ae85.smt2
  esat-2007: 0.0055s PASS
  vanilla-yices2: 0.0062s PASS
[228/916] /Users/e35480/git/kn-yices2-2/tests/regress/coverage/random/QF_LRA/5f614f99.smt2
  vanilla-yices2: 0.4605s PASS
  esat-2007: 0.1482s PASS
[229/916] /Users/e35480/git/kn-yices2-2/tests/regress/coverage/random/QF_LRA/70bfa813.smt2
  esat-2007: 0.0080s PASS
  vanilla-yices2: 0.0066s PASS
[230/916] /Users/e35480/git/kn-yices2-2/tests/regress/coverage/random/QF_LRA/817b6fcd.smt2
  vanilla-yices2: 0.0063s PASS
  esat-2007: 0.0054s PASS
[231/916] /Users/e35480/git/kn-yices2-2/tests/regress/coverage/random/QF_LRA/9c6a4843.smt2
  esat-2007: 0.0058s PASS
  vanilla-yices2: 0.0056s PASS
[232/916] /Users/e35480/git/kn-yices2-2/tests/regress/coverage/random/QF_LRA/a22ce037.smt2
  vanilla-yices2: 0.0117s PASS
  esat-2007: 0.0110s PASS
[233/916] /Users/e35480/git/kn-yices2-2/tests/regress/coverage/random/QF_LRA/a6c22f1d.smt2
  esat-2007: 0.0064s PASS
  vanilla-yices2: 0.0058s PASS
[234/916] /Users/e35480/git/kn-yices2-2/tests/regress/coverage/random/QF_LRA/ae775b3c.smt2
  vanilla-yices2: 0.0063s PASS
  esat-2007: 0.0055s PASS
[235/916] /Users/e35480/git/kn-yices2-2/tests/regress/coverage/random/QF_LRA/afad9ff7.smt2
  esat-2007: 0.0061s PASS
  vanilla-yices2: 0.0057s PASS
[236/916] /Users/e35480/git/kn-yices2-2/tests/regress/coverage/random/QF_LRA/b0164583.smt2
  vanilla-yices2: 0.0053s PASS
  esat-2007: 0.0049s PASS
[237/916] /Users/e35480/git/kn-yices2-2/tests/regress/coverage/random/QF_LRA/bd228f0d.smt2
  esat-2007: 0.0067s PASS
  vanilla-yices2: 0.0077s PASS
[238/916] /Users/e35480/git/kn-yices2-2/tests/regress/coverage/random/QF_LRA/bdbddd13.smt2
  vanilla-yices2: 0.0111s PASS
  esat-2007: 0.0114s PASS
[239/916] /Users/e35480/git/kn-yices2-2/tests/regress/coverage/random/QF_LRA/c0d4a681.smt2
  esat-2007: 0.0060s PASS
  vanilla-yices2: 0.0052s PASS
[240/916] /Users/e35480/git/kn-yices2-2/tests/regress/coverage/random/QF_LRA/c2e98bca.smt2
  vanilla-yices2: 0.0060s PASS
  esat-2007: 0.0053s PASS
[241/916] /Users/e35480/git/kn-yices2-2/tests/regress/coverage/random/QF_LRA/c3abcc52.smt2
  esat-2007: 0.0047s PASS
  vanilla-yices2: 0.0049s PASS
[242/916] /Users/e35480/git/kn-yices2-2/tests/regress/coverage/random/QF_LRA/c545f52e.smt2
  vanilla-yices2: 0.0049s PASS
  esat-2007: 0.0046s PASS
[243/916] /Users/e35480/git/kn-yices2-2/tests/regress/coverage/random/QF_LRA/cbdacb1f.smt2
  esat-2007: 0.0049s PASS
  vanilla-yices2: 0.0051s PASS
[244/916] /Users/e35480/git/kn-yices2-2/tests/regress/coverage/random/QF_LRA/cfb467a7.smt2
  vanilla-yices2: 0.0047s PASS
  esat-2007: 0.0048s PASS
[245/916] /Users/e35480/git/kn-yices2-2/tests/regress/coverage/random/QF_LRA/da6df395.smt2
  esat-2007: 0.0050s PASS
  vanilla-yices2: 0.0055s PASS
[246/916] /Users/e35480/git/kn-yices2-2/tests/regress/coverage/random/QF_LRA/eb08ed51.smt2
  vanilla-yices2: 0.0051s PASS
  esat-2007: 0.0051s PASS
[247/916] /Users/e35480/git/kn-yices2-2/tests/regress/coverage/random/QF_LRA/efbdf7fc.smt2
  esat-2007: 0.0051s PASS
  vanilla-yices2: 0.0046s PASS
[248/916] /Users/e35480/git/kn-yices2-2/tests/regress/coverage/random/QF_LRA/f4d2a270.smt2
  vanilla-yices2: 0.0107s PASS
  esat-2007: 0.0119s PASS
[249/916] /Users/e35480/git/kn-yices2-2/tests/regress/coverage/random/QF_LRA/fb3397ce.smt2
  esat-2007: 0.0061s PASS
  vanilla-yices2: 0.0054s PASS
[250/916] /Users/e35480/git/kn-yices2-2/tests/regress/coverage/random/QF_UF/0271da96.smt2
  vanilla-yices2: 0.0061s PASS
  esat-2007: 0.0059s PASS
[251/916] /Users/e35480/git/kn-yices2-2/tests/regress/coverage/random/QF_UF/0be8401c.smt2
  esat-2007: 0.0059s PASS
  vanilla-yices2: 0.0066s PASS
[252/916] /Users/e35480/git/kn-yices2-2/tests/regress/coverage/random/QF_UF/20b11783.smt2
  vanilla-yices2: 0.0053s PASS
  esat-2007: 0.0047s PASS
[253/916] /Users/e35480/git/kn-yices2-2/tests/regress/coverage/random/QF_UF/392c2b4f.smt2
  esat-2007: 0.0067s PASS
  vanilla-yices2: 0.0062s PASS
[254/916] /Users/e35480/git/kn-yices2-2/tests/regress/coverage/random/QF_UF/4434134a.smt2
  vanilla-yices2: 0.0060s PASS
  esat-2007: 0.0060s PASS
[255/916] /Users/e35480/git/kn-yices2-2/tests/regress/coverage/random/QF_UF/512dd826.smt2
  esat-2007: 0.0066s PASS
  vanilla-yices2: 0.0060s PASS
[256/916] /Users/e35480/git/kn-yices2-2/tests/regress/coverage/random/QF_UF/546617b0.smt2
  vanilla-yices2: 0.0060s PASS
  esat-2007: 0.0061s PASS
[257/916] /Users/e35480/git/kn-yices2-2/tests/regress/coverage/random/QF_UF/80f23efc.smt2
  esat-2007: 0.0060s PASS
  vanilla-yices2: 0.0058s PASS
[258/916] /Users/e35480/git/kn-yices2-2/tests/regress/coverage/random/QF_UF/91bbcac0.smt2
  vanilla-yices2: 0.0065s PASS
  esat-2007: 0.0072s PASS
[259/916] /Users/e35480/git/kn-yices2-2/tests/regress/coverage/random/QF_UF/942b5259.smt2
  esat-2007: 0.0058s PASS
  vanilla-yices2: 0.0062s PASS
[260/916] /Users/e35480/git/kn-yices2-2/tests/regress/coverage/random/QF_UF/9b9c3481.smt2
  vanilla-yices2: 0.0065s PASS
  esat-2007: 0.0064s PASS
[261/916] /Users/e35480/git/kn-yices2-2/tests/regress/coverage/random/QF_UF/a6b93893.smt2
  esat-2007: 0.0063s PASS
  vanilla-yices2: 0.0069s PASS
[262/916] /Users/e35480/git/kn-yices2-2/tests/regress/coverage/random/QF_UF/b1c3a00e.smt2
  vanilla-yices2: 0.0069s PASS
  esat-2007: 0.0060s PASS
[263/916] /Users/e35480/git/kn-yices2-2/tests/regress/coverage/random/QF_UF/c127fd1b.smt2
  esat-2007: 0.0068s PASS
  vanilla-yices2: 0.0071s PASS
[264/916] /Users/e35480/git/kn-yices2-2/tests/regress/coverage/random/QF_UF/d2ef318c.smt2
  vanilla-yices2: 0.0057s PASS
  esat-2007: 0.0057s PASS
[265/916] /Users/e35480/git/kn-yices2-2/tests/regress/coverage/random/QF_UF/d79e8d3e.smt2
  esat-2007: 0.0059s PASS
  vanilla-yices2: 0.0058s PASS
[266/916] /Users/e35480/git/kn-yices2-2/tests/regress/coverage/random/QF_UF/e49a2f54.smt2
  vanilla-yices2: 0.0065s PASS
  esat-2007: 0.0071s PASS
[267/916] /Users/e35480/git/kn-yices2-2/tests/regress/coverage/random/QF_UFBV/10495933.smt2
  esat-2007: 0.0053s PASS
  vanilla-yices2: 0.0048s PASS
[268/916] /Users/e35480/git/kn-yices2-2/tests/regress/coverage/random/QF_UFBV/18e993ce.smt2
  vanilla-yices2: 0.0065s PASS
  esat-2007: 0.0073s PASS
[269/916] /Users/e35480/git/kn-yices2-2/tests/regress/coverage/random/QF_UFBV/1f8c13bc.smt2
  esat-2007: 0.0054s PASS
  vanilla-yices2: 0.0058s PASS
[270/916] /Users/e35480/git/kn-yices2-2/tests/regress/coverage/random/QF_UFBV/26bc3b92.smt2
  vanilla-yices2: 0.0073s PASS
  esat-2007: 0.0062s PASS
[271/916] /Users/e35480/git/kn-yices2-2/tests/regress/coverage/random/QF_UFBV/2737bb29.smt2
  esat-2007: 0.0066s PASS
  vanilla-yices2: 0.0053s PASS
[272/916] /Users/e35480/git/kn-yices2-2/tests/regress/coverage/random/QF_UFBV/29f565c3.smt2
  vanilla-yices2: 0.0056s PASS
  esat-2007: 0.0060s PASS
[273/916] /Users/e35480/git/kn-yices2-2/tests/regress/coverage/random/QF_UFBV/301fe1a8.smt2
  esat-2007: 0.0077s PASS
  vanilla-yices2: 0.0074s PASS
[274/916] /Users/e35480/git/kn-yices2-2/tests/regress/coverage/random/QF_UFBV/4196e785.smt2
  vanilla-yices2: 0.0059s PASS
  esat-2007: 0.0057s PASS
[275/916] /Users/e35480/git/kn-yices2-2/tests/regress/coverage/random/QF_UFBV/530a50f7.smt2
  esat-2007: 0.0101s PASS
  vanilla-yices2: 0.0105s PASS
[276/916] /Users/e35480/git/kn-yices2-2/tests/regress/coverage/random/QF_UFBV/55fc3e84.smt2
  vanilla-yices2: 0.0064s PASS
  esat-2007: 0.0052s PASS
[277/916] /Users/e35480/git/kn-yices2-2/tests/regress/coverage/random/QF_UFBV/58e1afcf.smt2
  esat-2007: 0.0067s PASS
  vanilla-yices2: 0.0065s PASS
[278/916] /Users/e35480/git/kn-yices2-2/tests/regress/coverage/random/QF_UFBV/592d6ea8.smt2
  vanilla-yices2: 0.0122s PASS
  esat-2007: 0.0130s PASS
[279/916] /Users/e35480/git/kn-yices2-2/tests/regress/coverage/random/QF_UFBV/611d8db7.smt2
  esat-2007: 0.0098s PASS
  vanilla-yices2: 0.0089s PASS
[280/916] /Users/e35480/git/kn-yices2-2/tests/regress/coverage/random/QF_UFBV/627eaef4.smt2
  vanilla-yices2: 0.0056s PASS
  esat-2007: 0.0059s PASS
[281/916] /Users/e35480/git/kn-yices2-2/tests/regress/coverage/random/QF_UFBV/6453672b.smt2
  esat-2007: 0.0252s PASS
  vanilla-yices2: 0.0266s PASS
[282/916] /Users/e35480/git/kn-yices2-2/tests/regress/coverage/random/QF_UFBV/66b45814.smt2
  vanilla-yices2: 0.0105s PASS
  esat-2007: 0.0094s PASS
[283/916] /Users/e35480/git/kn-yices2-2/tests/regress/coverage/random/QF_UFBV/6755163d.smt2
  esat-2007: 0.0074s PASS
  vanilla-yices2: 0.0074s PASS
[284/916] /Users/e35480/git/kn-yices2-2/tests/regress/coverage/random/QF_UFBV/6ef9e062.smt2
  vanilla-yices2: 0.0057s PASS
  esat-2007: 0.0055s PASS
[285/916] /Users/e35480/git/kn-yices2-2/tests/regress/coverage/random/QF_UFBV/7832a454.smt2
  esat-2007: 0.0056s PASS
  vanilla-yices2: 0.0054s PASS
[286/916] /Users/e35480/git/kn-yices2-2/tests/regress/coverage/random/QF_UFBV/7bec3c8f.smt2
  vanilla-yices2: 0.0052s PASS
  esat-2007: 0.0051s PASS
[287/916] /Users/e35480/git/kn-yices2-2/tests/regress/coverage/random/QF_UFBV/7d5df95e.smt2
  esat-2007: 0.0059s PASS
  vanilla-yices2: 0.0061s PASS
[288/916] /Users/e35480/git/kn-yices2-2/tests/regress/coverage/random/QF_UFBV/8c2c6eaa.smt2
  vanilla-yices2: 0.0078s PASS
  esat-2007: 0.0086s PASS
[289/916] /Users/e35480/git/kn-yices2-2/tests/regress/coverage/random/QF_UFBV/90c17f42.smt2
  esat-2007: 0.0057s PASS
  vanilla-yices2: 0.0055s PASS
[290/916] /Users/e35480/git/kn-yices2-2/tests/regress/coverage/random/QF_UFBV/93594a82.smt2
  vanilla-yices2: 0.0081s PASS
  esat-2007: 0.0078s PASS
[291/916] /Users/e35480/git/kn-yices2-2/tests/regress/coverage/random/QF_UFBV/973a10fc.smt2
  esat-2007: 0.0763s PASS
  vanilla-yices2: 0.0767s PASS
[292/916] /Users/e35480/git/kn-yices2-2/tests/regress/coverage/random/QF_UFBV/a57f5151.smt2
  vanilla-yices2: 0.0085s PASS
  esat-2007: 0.0072s PASS
[293/916] /Users/e35480/git/kn-yices2-2/tests/regress/coverage/random/QF_UFBV/a6b031e1.smt2
  esat-2007: 0.0071s PASS
  vanilla-yices2: 0.0063s PASS
[294/916] /Users/e35480/git/kn-yices2-2/tests/regress/coverage/random/QF_UFBV/ac504b99.smt2
  vanilla-yices2: 0.0098s PASS
  esat-2007: 0.0101s PASS
[295/916] /Users/e35480/git/kn-yices2-2/tests/regress/coverage/random/QF_UFBV/afb28a25.smt2
  esat-2007: 0.0071s PASS
  vanilla-yices2: 0.0068s PASS
[296/916] /Users/e35480/git/kn-yices2-2/tests/regress/coverage/random/QF_UFBV/b40626bd.smt2
  vanilla-yices2: 0.0087s PASS
  esat-2007: 0.0103s PASS
[297/916] /Users/e35480/git/kn-yices2-2/tests/regress/coverage/random/QF_UFBV/b6943d96.smt2
  esat-2007: 0.0056s PASS
  vanilla-yices2: 0.0048s PASS
[298/916] /Users/e35480/git/kn-yices2-2/tests/regress/coverage/random/QF_UFBV/b7a2f1c8.smt2
  vanilla-yices2: 0.0279s PASS
  esat-2007: 0.0302s PASS
[299/916] /Users/e35480/git/kn-yices2-2/tests/regress/coverage/random/QF_UFBV/c8ee1375.smt2
  esat-2007: 0.2568s PASS
  vanilla-yices2: 0.2444s PASS
[300/916] /Users/e35480/git/kn-yices2-2/tests/regress/coverage/random/QF_UFBV/c94343fc.smt2
  vanilla-yices2: 0.0080s PASS
  esat-2007: 0.0076s PASS
[301/916] /Users/e35480/git/kn-yices2-2/tests/regress/coverage/random/QF_UFBV/ca837ae2.smt2
  esat-2007: 0.0068s PASS
  vanilla-yices2: 0.0066s PASS
[302/916] /Users/e35480/git/kn-yices2-2/tests/regress/coverage/random/QF_UFBV/d3d782b1.smt2
  vanilla-yices2: 0.0061s PASS
  esat-2007: 0.0055s PASS
[303/916] /Users/e35480/git/kn-yices2-2/tests/regress/coverage/random/QF_UFBV/d51c24d2.smt2
  esat-2007: 0.0105s PASS
  vanilla-yices2: 0.0102s PASS
[304/916] /Users/e35480/git/kn-yices2-2/tests/regress/coverage/random/QF_UFBV/e4a7bed7.smt2
  vanilla-yices2: 0.0073s PASS
  esat-2007: 0.0062s PASS
[305/916] /Users/e35480/git/kn-yices2-2/tests/regress/coverage/random/QF_UFBV/e9f0384c.smt2
  esat-2007: 0.0067s PASS
  vanilla-yices2: 0.0053s PASS
[306/916] /Users/e35480/git/kn-yices2-2/tests/regress/coverage/random/QF_UFBV/ee7bcc60.smt2
  vanilla-yices2: 0.0052s PASS
  esat-2007: 0.0058s PASS
[307/916] /Users/e35480/git/kn-yices2-2/tests/regress/coverage/random/QF_UFBV/eec265ed.smt2
  esat-2007: 0.0064s PASS
  vanilla-yices2: 0.0068s PASS
[308/916] /Users/e35480/git/kn-yices2-2/tests/regress/coverage/random/QF_UFIDL/04cf1964.smt2
  vanilla-yices2: 0.0066s PASS
  esat-2007: 0.0066s PASS
[309/916] /Users/e35480/git/kn-yices2-2/tests/regress/coverage/random/QF_UFIDL/38761014.smt2
  esat-2007: 0.0080s PASS
  vanilla-yices2: 0.0069s PASS
[310/916] /Users/e35480/git/kn-yices2-2/tests/regress/coverage/random/QF_UFIDL/7030a80e.smt2
  vanilla-yices2: 0.0073s PASS
  esat-2007: 0.0066s PASS
[311/916] /Users/e35480/git/kn-yices2-2/tests/regress/coverage/random/QF_UFIDL/9818d99a.smt2
  esat-2007: 0.0053s PASS
  vanilla-yices2: 0.0053s PASS
[312/916] /Users/e35480/git/kn-yices2-2/tests/regress/coverage/random/QF_UFIDL/bb774f80.smt2
  vanilla-yices2: 0.0075s PASS
  esat-2007: 0.0076s PASS
[313/916] /Users/e35480/git/kn-yices2-2/tests/regress/coverage/random/QF_UFIDL/c7de1768.smt2
  esat-2007: 0.0076s PASS
  vanilla-yices2: 0.0081s PASS
[314/916] /Users/e35480/git/kn-yices2-2/tests/regress/coverage/random/QF_UFIDL/cda6a8fd.smt2
  vanilla-yices2: 0.0066s PASS
  esat-2007: 0.0068s PASS
[315/916] /Users/e35480/git/kn-yices2-2/tests/regress/coverage/random/QF_UFIDL/e9eea798.smt2
  esat-2007: 0.0069s PASS
  vanilla-yices2: 0.0060s PASS
[316/916] /Users/e35480/git/kn-yices2-2/tests/regress/coverage/random/QF_UFIDL/f938dbb9.smt2
  vanilla-yices2: 0.0079s PASS
  esat-2007: 0.0074s PASS
[317/916] /Users/e35480/git/kn-yices2-2/tests/regress/coverage/smtlib/QF_ABV/brummayerbiere/fifo32ia06k05.smt2
  esat-2007: 2.3132s PASS
  vanilla-yices2: 2.1631s PASS
[318/916] /Users/e35480/git/kn-yices2-2/tests/regress/coverage/smtlib/QF_ABV/brummayerbiere/fifo32in04k07.smt2
  vanilla-yices2: 0.1506s PASS
  esat-2007: 0.1524s PASS
[319/916] /Users/e35480/git/kn-yices2-2/tests/regress/coverage/smtlib/QF_ABV/brummayerbiere/swapmem022se.smt2
  esat-2007: 0.9766s PASS
  vanilla-yices2: 1.0144s PASS
[320/916] /Users/e35480/git/kn-yices2-2/tests/regress/coverage/smtlib/QF_ABV/brummayerbiere/wchains130se.smt2
  vanilla-yices2: 1.6495s PASS
  esat-2007: 1.5234s PASS
[321/916] /Users/e35480/git/kn-yices2-2/tests/regress/coverage/smtlib/QF_ABV/brummayerbiere2/countbitstableoffbyone0128.smt2
  esat-2007: 0.0482s PASS
  vanilla-yices2: 0.0444s PASS
[322/916] /Users/e35480/git/kn-yices2-2/tests/regress/coverage/smtlib/QF_ABV/dwp_formulas/try3_sameret_functions_dwp_unlink.set_quoting_style.il.dwp.smt2
  vanilla-yices2: 0.0094s PASS
  esat-2007: 0.0090s PASS
[323/916] /Users/e35480/git/kn-yices2-2/tests/regress/coverage/smtlib/QF_ABV/dwp_formulas/try3_true_functions_dwp_nl.bkm_scale.il.dwp.smt2
  esat-2007: 0.0066s PASS
  vanilla-yices2: 0.0069s PASS
[324/916] /Users/e35480/git/kn-yices2-2/tests/regress/coverage/smtlib/QF_ABV/dwp_formulas/try4_difret_functions_disjunctions_dd.advance_input_offset.il.disjunctions_3.smt2
  vanilla-yices2: 0.0107s PASS
  esat-2007: 0.0112s PASS
[325/916] /Users/e35480/git/kn-yices2-2/tests/regress/coverage/smtlib/QF_ABV/dwp_formulas/try5_small_difret_functions_dwp_hostid.close_stdout_set_file_name.il.dwp.smt2
  esat-2007: 0.0078s PASS
  vanilla-yices2: 0.0076s PASS
[326/916] /Users/e35480/git/kn-yices2-2/tests/regress/coverage/smtlib/QF_ABV/dwp_formulas/try5_small_difret_functions_fse-bfs_fmt.set_other_indent.il.fse-bfs.smt2
  vanilla-yices2: 0.0078s PASS
  esat-2007: 0.0089s PASS
[327/916] /Users/e35480/git/kn-yices2-2/tests/regress/coverage/smtlib/QF_ABV/dwp_formulas/try5_small_difret_functions_fse-bfs_vdir.get_type_indicator.il.fse-bfs.smt2
  esat-2007: 0.0070s PASS
  vanilla-yices2: 0.0061s PASS
[328/916] /Users/e35480/git/kn-yices2-2/tests/regress/coverage/smtlib/QF_ABV/dwp_formulas/try5_small_difret_functions_wp_join.set_char_quoting.il.wp.smt2
  vanilla-yices2: 0.0698s PASS
  esat-2007: 0.0724s PASS
[329/916] /Users/e35480/git/kn-yices2-2/tests/regress/coverage/smtlib/QF_ABV/dwp_formulas/try5_small_difret_functions_wp_pr.hold_file.il.wp.smt2
  esat-2007: 0.0369s PASS
  vanilla-yices2: 0.0364s PASS
[330/916] /Users/e35480/git/kn-yices2-2/tests/regress/coverage/smtlib/QF_ABV/dwp_formulas/try5_small_noof_functions_flanagansaxe_true.set_char_quoting.il.flanagansaxe.smt2
  vanilla-yices2: 0.0134s PASS
  esat-2007: 0.0130s PASS
[331/916] /Users/e35480/git/kn-yices2-2/tests/regress/coverage/smtlib/QF_ABV/dwp_formulas/try5_small_noof_functions_wp_expr.optimize_subexps.il.wp.smt2
  esat-2007: 0.0059s PASS
  vanilla-yices2: 0.0060s PASS
[332/916] /Users/e35480/git/kn-yices2-2/tests/regress/coverage/smtlib/QF_ABV/dwp_formulas/try5_small_noof_functions_wp_mknod.mode_adjust.il.wp.smt2
  vanilla-yices2: 0.0076s PASS
  esat-2007: 0.0059s PASS
[333/916] /Users/e35480/git/kn-yices2-2/tests/regress/coverage/smtlib/QF_ABV/dwp_formulas/try5_small_noof_functions_wp_pinky.set_char_quoting.il.wp.smt2
  esat-2007: 0.0076s PASS
  vanilla-yices2: 0.0069s PASS
[334/916] /Users/e35480/git/kn-yices2-2/tests/regress/coverage/smtlib/QF_ABV/dwp_formulas/try5_small_noof_functions_wp_pr.cols_ready_to_print.il.wp.smt2
  vanilla-yices2: 0.0059s PASS
  esat-2007: 0.0082s PASS
[335/916] /Users/e35480/git/kn-yices2-2/tests/regress/coverage/smtlib/QF_ABV/ecc/com.galois.ecc.P384ECC64.ec_full_sub.short.smt2
  esat-2007: 0.0064s PASS
  vanilla-yices2: 0.0076s PASS
[336/916] /Users/e35480/git/kn-yices2-2/tests/regress/coverage/smtlib/QF_ABV/platania/no_init_extract_sublist.old/no_init_extract_sublist5.smt2
  vanilla-yices2: 0.0060s PASS
  esat-2007: 0.0060s PASS
[337/916] /Users/e35480/git/kn-yices2-2/tests/regress/coverage/smtlib/QF_ABV/stp/grep0065.stp.smt2
  esat-2007: 0.0661s PASS
  vanilla-yices2: 0.0258s PASS
[338/916] /Users/e35480/git/kn-yices2-2/tests/regress/coverage/smtlib/QF_ABV/stp_samples/run_00007.trace.Alloc_zero__016019.smt2
  vanilla-yices2: 0.0081s PASS
  esat-2007: 0.0073s PASS
[339/916] /Users/e35480/git/kn-yices2-2/tests/regress/coverage/smtlib/QF_ALIA/array_benchmarks/misc/queue-th1-6.smt2
  esat-2007: 0.0061s PASS
  vanilla-yices2: 0.0065s PASS
[340/916] /Users/e35480/git/kn-yices2-2/tests/regress/coverage/smtlib/QF_ALIA/array_benchmarks/misc/stack-th2-6.smt2
  vanilla-yices2: 0.0047s PASS
  esat-2007: 0.0053s PASS
[341/916] /Users/e35480/git/kn-yices2-2/tests/regress/coverage/smtlib/QF_ALIA/qlock2/qlock.base.19.smt2
  esat-2007: 0.5216s PASS
  vanilla-yices2: 0.5238s PASS
[342/916] /Users/e35480/git/kn-yices2-2/tests/regress/coverage/smtlib/QF_AUFBV/ecc/com.galois.ecc.P384ECC64.ec_full_sub3.short.smt2
  vanilla-yices2: 0.0269s PASS
  esat-2007: 0.0264s PASS
[343/916] /Users/e35480/git/kn-yices2-2/tests/regress/coverage/smtlib/QF_AUFBV/ecc/com.galois.ecc.P384ECC64.ec_twin_mul_init.short.smt2
  esat-2007: 0.0087s PASS
  vanilla-yices2: 0.0077s PASS
[344/916] /Users/e35480/git/kn-yices2-2/tests/regress/coverage/smtlib/QF_AUFBV/ecc/com.galois.ecc.P384ECC64.group_red1.short.smt2
  vanilla-yices2: 0.1261s PASS
  esat-2007: 0.1302s PASS
[345/916] /Users/e35480/git/kn-yices2-2/tests/regress/coverage/smtlib/QF_AUFBV/ecc/com.galois.ecc.P384ECC64.mul_inner3.short.smt2
  esat-2007: 0.0135s PASS
  vanilla-yices2: 0.0125s PASS
[346/916] /Users/e35480/git/kn-yices2-2/tests/regress/coverage/smtlib/QF_AUFBV/ecc/com.galois.ecc.P384ECC64.signHash4.short.smt2
  vanilla-yices2: 0.0132s PASS
  esat-2007: 0.0131s PASS
[347/916] /Users/e35480/git/kn-yices2-2/tests/regress/coverage/smtlib/QF_AUFBVLIA/20190307-CPAchecker_kInduction-SoSy_Lab/205_9a_array_safes_linux-3.16-rc1.tar.xz-205_9a-drivers--net--wireless--rtlwifi--btcoexist--btcoexist.ko-entry_point.cil.out_smt-query.0.smt2
  esat-2007: 0.0854s PASS
  vanilla-yices2: 0.0855s PASS
[348/916] /Users/e35480/git/kn-yices2-2/tests/regress/coverage/smtlib/QF_AUFLIA/array_benchmarks/misc/pipeline-invalid.smt2
  vanilla-yices2: 0.0216s PASS
  esat-2007: 0.0206s PASS
[349/916] /Users/e35480/git/kn-yices2-2/tests/regress/coverage/smtlib/QF_AUFLIA/cvc/read6.smt2
  esat-2007: 0.0083s PASS
  vanilla-yices2: 0.0081s PASS
[350/916] /Users/e35480/git/kn-yices2-2/tests/regress/coverage/smtlib/QF_AUFLIA/cvc/read8.smt2
  vanilla-yices2: 0.0054s PASS
  esat-2007: 0.0068s PASS
[351/916] /Users/e35480/git/kn-yices2-2/tests/regress/coverage/smtlib/QF_AUFLIA/safari/ini.smt2
  esat-2007: 0.0068s PASS
  vanilla-yices2: 0.0073s PASS
[352/916] /Users/e35480/git/kn-yices2-2/tests/regress/coverage/smtlib/QF_AUFLIA/safari/moesi_ca.smt2
  vanilla-yices2: 0.0087s PASS
  esat-2007: 0.0090s PASS
[353/916] /Users/e35480/git/kn-yices2-2/tests/regress/coverage/smtlib/QF_AUFLIA/storecomm/storecomm_t3_pp_nf_ai_00050_001.cvc.smt2
  esat-2007: 0.0542s PASS
  vanilla-yices2: 0.0551s PASS
[354/916] /Users/e35480/git/kn-yices2-2/tests/regress/coverage/smtlib/QF_AUFLIA/storeinv/storeinv_invalid_t1_pp_sf_ai_00006_001.cvc.smt2
  vanilla-yices2: 0.0082s PASS
  esat-2007: 0.0071s PASS
[355/916] /Users/e35480/git/kn-yices2-2/tests/regress/coverage/smtlib/QF_AUFLIA/swap/swap_invalid_t1_pp_sf_ai_00004_001.cvc.smt2
  esat-2007: 0.0061s PASS
  vanilla-yices2: 0.0059s PASS
[356/916] /Users/e35480/git/kn-yices2-2/tests/regress/coverage/smtlib/QF_BV/20190311-bv-term-small-rw-Noetzli/bv-term-small-rw_1048.smt2
  vanilla-yices2: 0.0061s PASS
  esat-2007: 0.0069s PASS
[357/916] /Users/e35480/git/kn-yices2-2/tests/regress/coverage/smtlib/QF_BV/20190311-bv-term-small-rw-Noetzli/bv-term-small-rw_1048b.smt2
  esat-2007: 0.0274s PASS
  vanilla-yices2: 0.0271s PASS
[358/916] /Users/e35480/git/kn-yices2-2/tests/regress/coverage/smtlib/QF_BV/20190311-bv-term-small-rw-Noetzli/bv-term-small-rw_1422.smt2
  vanilla-yices2: 0.0061s PASS
  esat-2007: 0.0060s PASS
[359/916] /Users/e35480/git/kn-yices2-2/tests/regress/coverage/smtlib/QF_BV/20190311-bv-term-small-rw-Noetzli/bv-term-small-rw_1422b.smt2
  esat-2007: 0.0050s PASS
  vanilla-yices2: 0.0049s PASS
[360/916] /Users/e35480/git/kn-yices2-2/tests/regress/coverage/smtlib/QF_BV/20190311-bv-term-small-rw-Noetzli/bv-term-small-rw_151.smt2
  vanilla-yices2: 0.0058s PASS
  esat-2007: 0.0048s PASS
[361/916] /Users/e35480/git/kn-yices2-2/tests/regress/coverage/smtlib/QF_BV/20190311-bv-term-small-rw-Noetzli/bv-term-small-rw_151b.smt2
  esat-2007: 0.0051s PASS
  vanilla-yices2: 0.0059s PASS
[362/916] /Users/e35480/git/kn-yices2-2/tests/regress/coverage/smtlib/QF_BV/RWS/Example_8.txt.smt2
  vanilla-yices2: 0.0452s PASS
  esat-2007: 0.0476s PASS
[363/916] /Users/e35480/git/kn-yices2-2/tests/regress/coverage/smtlib/QF_BV/bmc-bv/ex33.smt2
  esat-2007: 0.0068s PASS
  vanilla-yices2: 0.0052s PASS
[364/916] /Users/e35480/git/kn-yices2-2/tests/regress/coverage/smtlib/QF_BV/brummayerbiere/nextpoweroftwo128.smt2
  vanilla-yices2: 0.0912s PASS
  esat-2007: 0.1004s PASS
[365/916] /Users/e35480/git/kn-yices2-2/tests/regress/coverage/smtlib/QF_BV/brummayerbiere/nlzbe128.smt2
  esat-2007: 0.2134s PASS
  vanilla-yices2: 0.2336s PASS
[366/916] /Users/e35480/git/kn-yices2-2/tests/regress/coverage/smtlib/QF_BV/brummayerbiere/nlzbs128.smt2
  vanilla-yices2: 0.1091s PASS
  esat-2007: 0.0922s PASS
[367/916] /Users/e35480/git/kn-yices2-2/tests/regress/coverage/smtlib/QF_BV/brummayerbiere/nlzbsdown128.smt2
  esat-2007: 0.1685s PASS
  vanilla-yices2: 0.1694s PASS
[368/916] /Users/e35480/git/kn-yices2-2/tests/regress/coverage/smtlib/QF_BV/brummayerbiere2/umulov1bw048.smt2
  vanilla-yices2: 0.2033s PASS
  esat-2007: 0.2084s PASS
[369/916] /Users/e35480/git/kn-yices2-2/tests/regress/coverage/smtlib/QF_BV/bruttomesso/core/ext_con_016_001_0064.smt2
  esat-2007: 0.0129s PASS
  vanilla-yices2: 0.0117s PASS
[370/916] /Users/e35480/git/kn-yices2-2/tests/regress/coverage/smtlib/QF_BV/bruttomesso/lfsr/lfsr_002_095_128.smt2
  vanilla-yices2: 0.4289s PASS
  esat-2007: 0.4399s PASS
[371/916] /Users/e35480/git/kn-yices2-2/tests/regress/coverage/smtlib/QF_BV/bruttomesso/lfsr/lfsr_002_143_048.smt2
  esat-2007: 0.3240s PASS
  vanilla-yices2: 0.3172s PASS
[372/916] /Users/e35480/git/kn-yices2-2/tests/regress/coverage/smtlib/QF_BV/bruttomesso/simple_processor/simple_processors_006_002_0008.smt2
  vanilla-yices2: 0.0833s PASS
  esat-2007: 0.0847s PASS
[373/916] /Users/e35480/git/kn-yices2-2/tests/regress/coverage/smtlib/QF_BV/calypto/problem_1.smt2
  esat-2007: 0.0138s PASS
  vanilla-yices2: 0.0121s PASS
[374/916] /Users/e35480/git/kn-yices2-2/tests/regress/coverage/smtlib/QF_BV/calypto/problem_4.smt2
  vanilla-yices2: 0.0129s PASS
  esat-2007: 0.0122s PASS
[375/916] /Users/e35480/git/kn-yices2-2/tests/regress/coverage/smtlib/QF_BV/check2/bigHex.smt2
  esat-2007: 0.0055s PASS
  vanilla-yices2: 0.0049s PASS
[376/916] /Users/e35480/git/kn-yices2-2/tests/regress/coverage/smtlib/QF_BV/check2/symbols.smt2
  vanilla-yices2: 0.0051s PASS
  esat-2007: 0.0056s PASS
[377/916] /Users/e35480/git/kn-yices2-2/tests/regress/coverage/smtlib/QF_BV/gulwani-pldi08/merge.phx.smt2
  esat-2007: 0.0264s PASS
  vanilla-yices2: 0.0314s PASS
[378/916] /Users/e35480/git/kn-yices2-2/tests/regress/coverage/smtlib/QF_BV/sage/app1/bench_1097.smt2
  vanilla-yices2: 0.0090s PASS
  esat-2007: 0.0079s PASS
[379/916] /Users/e35480/git/kn-yices2-2/tests/regress/coverage/smtlib/QF_BV/sage/app1/bench_1945.smt2
  esat-2007: 0.0062s PASS
  vanilla-yices2: 0.0062s PASS
[380/916] /Users/e35480/git/kn-yices2-2/tests/regress/coverage/smtlib/QF_BV/sage/app1/bench_859.smt2
  vanilla-yices2: 0.0070s PASS
  esat-2007: 0.0077s PASS
[381/916] /Users/e35480/git/kn-yices2-2/tests/regress/coverage/smtlib/QF_BV/sage/app2/bench_319.smt2
  esat-2007: 0.0062s PASS
  vanilla-yices2: 0.0066s PASS
[382/916] /Users/e35480/git/kn-yices2-2/tests/regress/coverage/smtlib/QF_BV/sage/app5/bench_524.smt2
  vanilla-yices2: 0.0067s PASS
  esat-2007: 0.0069s PASS
[383/916] /Users/e35480/git/kn-yices2-2/tests/regress/coverage/smtlib/QF_BV/sage/app7/bench_7910.smt2
  esat-2007: 0.0065s PASS
  vanilla-yices2: 0.0053s PASS
[384/916] /Users/e35480/git/kn-yices2-2/tests/regress/coverage/smtlib/QF_BV/sage/app8/bench_263.smt2
  vanilla-yices2: 0.0187s PASS
  esat-2007: 0.0203s PASS
[385/916] /Users/e35480/git/kn-yices2-2/tests/regress/coverage/smtlib/QF_BV/sage/app8/bench_3776.smt2
  esat-2007: 0.0110s PASS
  vanilla-yices2: 0.0118s PASS
[386/916] /Users/e35480/git/kn-yices2-2/tests/regress/coverage/smtlib/QF_BV/sage/app9/bench_1669.smt2
  vanilla-yices2: 0.0065s PASS
  esat-2007: 0.0065s PASS
[387/916] /Users/e35480/git/kn-yices2-2/tests/regress/coverage/smtlib/QF_BV/sage/app9/bench_1935.smt2
  esat-2007: 0.0054s PASS
  vanilla-yices2: 0.0054s PASS
[388/916] /Users/e35480/git/kn-yices2-2/tests/regress/coverage/smtlib/QF_BV/spear/wget_v1.10.2/src_wget_vc17914.smt2
  vanilla-yices2: 0.1241s PASS
  esat-2007: 0.1283s PASS
[389/916] /Users/e35480/git/kn-yices2-2/tests/regress/coverage/smtlib/QF_BV/spear/wget_v1.10.2/src_wget_vc18511.smt2
  esat-2007: 0.6248s PASS
  vanilla-yices2: 0.6207s PASS
[390/916] /Users/e35480/git/kn-yices2-2/tests/regress/coverage/smtlib/QF_BV/tacas07/s-40-50-bv.smt2
  vanilla-yices2: 0.0903s PASS
  esat-2007: 0.0950s PASS
[391/916] /Users/e35480/git/kn-yices2-2/tests/regress/coverage/smtlib/QF_BV/uclid/tcas/tcas45_k_0.smt2
  esat-2007: 0.0072s PASS
  vanilla-yices2: 0.0060s PASS
[392/916] /Users/e35480/git/kn-yices2-2/tests/regress/coverage/smtlib/QF_BV/wienand-cav2008/Distrib/distrib32.sf.smt2
  vanilla-yices2: 0.0060s PASS
  esat-2007: 0.0048s PASS
[393/916] /Users/e35480/git/kn-yices2-2/tests/regress/coverage/smtlib/QF_BVLRA/20240414-mapf_r/makespan/coef_1.25/corridor/corridor_000_k2_B.smt2
  esat-2007: 0.0054s PASS
  vanilla-yices2: 0.0062s PASS
[394/916] /Users/e35480/git/kn-yices2-2/tests/regress/coverage/smtlib/QF_BVLRA/20240414-mapf_r/makespan/coef_1.25/corridor/corridor_001_k2_A.smt2
  vanilla-yices2: 0.0106s PASS
  esat-2007: 0.0109s PASS
[395/916] /Users/e35480/git/kn-yices2-2/tests/regress/coverage/smtlib/QF_BVLRA/20240414-mapf_r/soc/coef_2/grid/grid_02x02_k2_B.smt2
  esat-2007: 0.0067s PASS
  vanilla-yices2: 0.0064s PASS
[396/916] /Users/e35480/git/kn-yices2-2/tests/regress/coverage/smtlib/QF_IDL/check/bignum_idl1.smt2
  vanilla-yices2: 0.0049s PASS
  esat-2007: 0.0057s PASS
[397/916] /Users/e35480/git/kn-yices2-2/tests/regress/coverage/smtlib/QF_IDL/diamonds/diamonds.10.10.i.a.u.smt2
  esat-2007: 0.0074s PASS
  vanilla-yices2: 0.0144s PASS
[398/916] /Users/e35480/git/kn-yices2-2/tests/regress/coverage/smtlib/QF_IDL/qlock/qlock-4-10-5.base.cvc.smt2
  vanilla-yices2: 0.0110s PASS
  esat-2007: 0.0094s PASS
[399/916] /Users/e35480/git/kn-yices2-2/tests/regress/coverage/smtlib/QF_IDL/queens_bench/super_queen/super_queen33-1.smt2
  esat-2007: 4.1107s PASS
  vanilla-yices2: 0.0338s PASS
[400/916] /Users/e35480/git/kn-yices2-2/tests/regress/coverage/smtlib/QF_IDL/sal/lpsat/lpsat-goal-1.smt2
  vanilla-yices2: 0.0067s PASS
  esat-2007: 0.0073s PASS
[401/916] /Users/e35480/git/kn-yices2-2/tests/regress/coverage/smtlib/QF_LIA/CAV_2009_benchmarks/smt/20-vars/problem_2__012.smt2
  esat-2007: 0.2654s PASS
  vanilla-yices2: 0.2627s PASS
[402/916] /Users/e35480/git/kn-yices2-2/tests/regress/coverage/smtlib/QF_LIA/CAV_2009_benchmarks/smt/25-vars/problem_2__015.smt2
  vanilla-yices2: 0.0104s PASS
  esat-2007: 0.0096s PASS
[403/916] /Users/e35480/git/kn-yices2-2/tests/regress/coverage/smtlib/QF_LIA/CAV_2009_benchmarks/smt/25-vars/problem__034.smt2
  esat-2007: 0.1680s PASS
  vanilla-yices2: 0.1684s PASS
[404/916] /Users/e35480/git/kn-yices2-2/tests/regress/coverage/smtlib/QF_LIA/CAV_2009_benchmarks/smt/40-vars/problem_2__004.smt2
  vanilla-yices2: 0.0073s PASS
  esat-2007: 0.0065s PASS
[405/916] /Users/e35480/git/kn-yices2-2/tests/regress/coverage/smtlib/QF_LIA/CIRC/multiplier_prime/MULTIPLIER_PRIME_16.msat.smt2
  esat-2007: 0.0082s PASS
  vanilla-yices2: 0.0095s PASS
[406/916] /Users/e35480/git/kn-yices2-2/tests/regress/coverage/smtlib/QF_LIA/RTCL/b04_tf_20/ckt_PROP0_tf_20.smt2
  vanilla-yices2: 0.0074s PASS
  esat-2007: 0.0114s PASS
[407/916] /Users/e35480/git/kn-yices2-2/tests/regress/coverage/smtlib/QF_LIA/calypto/problem-002267.cvc.1.smt2
  esat-2007: 0.0083s PASS
  vanilla-yices2: 0.0080s PASS
[408/916] /Users/e35480/git/kn-yices2-2/tests/regress/coverage/smtlib/QF_LIA/calypto/problem-002673.cvc.1.smt2
  vanilla-yices2: 0.0070s PASS
  esat-2007: 0.0065s PASS
[409/916] /Users/e35480/git/kn-yices2-2/tests/regress/coverage/smtlib/QF_LIA/check/int_incompleteness1.smt2
  esat-2007: 0.0049s PASS
  vanilla-yices2: 0.0056s PASS
[410/916] /Users/e35480/git/kn-yices2-2/tests/regress/coverage/smtlib/QF_LIA/convert/convert-jpg2gif-query-1347.smt2
  vanilla-yices2: 0.0410s PASS
  esat-2007: 0.0366s PASS
[411/916] /Users/e35480/git/kn-yices2-2/tests/regress/coverage/smtlib/QF_LIA/convert/convert-jpg2gif-query-901.smt2
  esat-2007: 0.0070s PASS
  vanilla-yices2: 0.0058s PASS
[412/916] /Users/e35480/git/kn-yices2-2/tests/regress/coverage/smtlib/QF_LIA/cut_lemmas/15-vars/cut_lemma_03_005.smt2
  vanilla-yices2: 0.0138s PASS
  esat-2007: 0.0149s PASS
[413/916] /Users/e35480/git/kn-yices2-2/tests/regress/coverage/smtlib/QF_LIA/mathsat/FISCHER6-1-fair.smt2
  esat-2007: 0.0067s PASS
  vanilla-yices2: 0.0065s PASS
[414/916] /Users/e35480/git/kn-yices2-2/tests/regress/coverage/smtlib/QF_LIA/nec-smt/med/checkpass_pwd/prp-27-30.smt2
  vanilla-yices2: 0.0281s PASS
  esat-2007: 0.0289s PASS
[415/916] /Users/e35480/git/kn-yices2-2/tests/regress/coverage/smtlib/QF_LIA/nec-smt/small/int_from_list/prp-4-21.smt2
  esat-2007: 0.0072s PASS
  vanilla-yices2: 0.0061s PASS
[416/916] /Users/e35480/git/kn-yices2-2/tests/regress/coverage/smtlib/QF_LIA/prime-cone/prime_cone_unsat_11.smt2
  vanilla-yices2: 0.0061s PASS
  esat-2007: 0.0069s PASS
[417/916] /Users/e35480/git/kn-yices2-2/tests/regress/coverage/smtlib/QF_LIA/rings/ring_2exp16_9vars_7ite_unsat.smt2
  esat-2007: 0.0059s PASS
  vanilla-yices2: 0.0060s PASS
[418/916] /Users/e35480/git/kn-yices2-2/tests/regress/coverage/smtlib/QF_LIA/rings_preprocessed/ring_2exp4_8vars_0ite_unsat.smt2
  vanilla-yices2: 0.0062s PASS
  esat-2007: 0.0053s PASS
[419/916] /Users/e35480/git/kn-yices2-2/tests/regress/coverage/smtlib/QF_LIA/slacks/10-12.slack.smt2
  esat-2007: 0.0053s PASS
  vanilla-yices2: 0.0058s PASS
[420/916] /Users/e35480/git/kn-yices2-2/tests/regress/coverage/smtlib/QF_LRA/LassoRanker/Ultimate/MenloPark.bpl_Iteration1_Lasso_3-pieceTemplate.smt2
  vanilla-yices2: 2.7576s PASS
  esat-2007: 15.9852s PASS
[421/916] /Users/e35480/git/kn-yices2-2/tests/regress/coverage/smtlib/QF_LRA/TM/p2-zenonumeric_s6.smt2
  esat-2007: 0.0134s PASS
  vanilla-yices2: 0.0104s PASS
[422/916] /Users/e35480/git/kn-yices2-2/tests/regress/coverage/smtlib/QF_LRA/clock_synchro/clocksynchro_2clocks.main_invar.induct.smt2
  vanilla-yices2: 0.0704s PASS
  esat-2007: 0.1084s PASS
[423/916] /Users/e35480/git/kn-yices2-2/tests/regress/coverage/smtlib/QF_LRA/clock_synchro/clocksynchro_7clocks.main_invar.base.smt2
  esat-2007: 0.0111s PASS
  vanilla-yices2: 0.0090s PASS
[424/916] /Users/e35480/git/kn-yices2-2/tests/regress/coverage/smtlib/QF_LRA/meti-tarski/Chua/2/IL/L/Chua-2-IL-L-chunk-0071.smt2
  vanilla-yices2: 0.0054s PASS
  esat-2007: 0.0061s PASS
[425/916] /Users/e35480/git/kn-yices2-2/tests/regress/coverage/smtlib/QF_LRA/miplib/pp08a-11000.smt2
  esat-2007: 12.6576s PASS
  vanilla-yices2: 0.1209s PASS
[426/916] /Users/e35480/git/kn-yices2-2/tests/regress/coverage/smtlib/QF_LRA/sal/tgc/tgc_io-safe-13.smt2
  vanilla-yices2: 0.0132s PASS
  esat-2007: 0.0140s PASS
[427/916] /Users/e35480/git/kn-yices2-2/tests/regress/coverage/smtlib/QF_LRA/spider_benchmarks/op_seen_less2.base.smt2
  esat-2007: 0.0095s PASS
  vanilla-yices2: 0.0080s PASS
[428/916] /Users/e35480/git/kn-yices2-2/tests/regress/coverage/smtlib/QF_LRA/spider_benchmarks/pd_not_fs_seen.base.smt2
  vanilla-yices2: 0.0065s PASS
  esat-2007: 0.0055s PASS
[429/916] /Users/e35480/git/kn-yices2-2/tests/regress/coverage/smtlib/QF_RDL/SMT-Temporal-Planning-Benchmarks/cooking09.smt2
  esat-2007: 0.0100s PASS
  vanilla-yices2: 0.0105s PASS
[430/916] /Users/e35480/git/kn-yices2-2/tests/regress/coverage/smtlib/QF_RDL/SMT-Temporal-Planning-Benchmarks/tms-2-3-light-03.smt2
  vanilla-yices2: 0.0084s PASS
  esat-2007: 0.0070s PASS
[431/916] /Users/e35480/git/kn-yices2-2/tests/regress/coverage/smtlib/QF_RDL/check/bignum_rdl1.smt2
  esat-2007: 0.0059s PASS
  vanilla-yices2: 0.0056s PASS
[432/916] /Users/e35480/git/kn-yices2-2/tests/regress/coverage/smtlib/QF_RDL/check/bignum_rdl2.smt2
  vanilla-yices2: 0.0050s PASS
  esat-2007: 0.0054s PASS
[433/916] /Users/e35480/git/kn-yices2-2/tests/regress/coverage/smtlib/QF_RDL/sal/fischer3-mutex-2.smt2
  esat-2007: 0.0058s PASS
  vanilla-yices2: 0.0052s PASS
[434/916] /Users/e35480/git/kn-yices2-2/tests/regress/coverage/smtlib/QF_RDL/scheduling/abz6_900.smt2
  vanilla-yices2: 0.0213s PASS
  esat-2007: 0.1184s PASS
[435/916] /Users/e35480/git/kn-yices2-2/tests/regress/coverage/smtlib/QF_RDL/scheduling/orb07_550.smt2
  esat-2007: 0.0201s PASS
  vanilla-yices2: 0.0125s PASS
[436/916] /Users/e35480/git/kn-yices2-2/tests/regress/coverage/smtlib/QF_UF/QG-classification/loops6/gensys_brn004.smt2
  vanilla-yices2: 0.0087s PASS
  esat-2007: 0.0082s PASS
[437/916] /Users/e35480/git/kn-yices2-2/tests/regress/coverage/smtlib/QF_UF/QG-classification/qg5/gensys_icl007.smt2
  esat-2007: 0.0068s PASS
  vanilla-yices2: 0.0067s PASS
[438/916] /Users/e35480/git/kn-yices2-2/tests/regress/coverage/smtlib/QF_UF/QG-classification/qg5/iso_icl1066.smt2
  vanilla-yices2: 0.0079s PASS
  esat-2007: 0.0073s PASS
[439/916] /Users/e35480/git/kn-yices2-2/tests/regress/coverage/smtlib/QF_UF/QG-classification/qg6/iso_brn_repgen016.smt2
  esat-2007: 0.0790s PASS
  vanilla-yices2: 0.0801s PASS
[440/916] /Users/e35480/git/kn-yices2-2/tests/regress/coverage/smtlib/QF_UF/QG-classification/qg6/iso_icl_repgen_sk009.smt2
  vanilla-yices2: 0.0677s PASS
  esat-2007: 0.0681s PASS
[441/916] /Users/e35480/git/kn-yices2-2/tests/regress/coverage/smtlib/QF_UF/SEQ/SEQ004_size5.smt2
  esat-2007: 0.0089s PASS
  vanilla-yices2: 0.0074s PASS
[442/916] /Users/e35480/git/kn-yices2-2/tests/regress/coverage/smtlib/QF_UF/SEQ/SEQ035_size5.smt2
  vanilla-yices2: 0.2348s PASS
  esat-2007: 0.2354s PASS
[443/916] /Users/e35480/git/kn-yices2-2/tests/regress/coverage/smtlib/QF_UF/SEQ/SEQ038_size7.smt2
  esat-2007: 0.0255s PASS
  vanilla-yices2: 0.0250s PASS
[444/916] /Users/e35480/git/kn-yices2-2/tests/regress/coverage/smtlib/QF_UF/eq_diamond/eq_diamond2.smt2
  vanilla-yices2: 0.0063s PASS
  esat-2007: 0.0050s PASS
[445/916] /Users/e35480/git/kn-yices2-2/tests/regress/coverage/smtlib/QF_UF/eq_diamond/eq_diamond51.smt2
  esat-2007: 0.0062s PASS
  vanilla-yices2: 0.0055s PASS
[446/916] /Users/e35480/git/kn-yices2-2/tests/regress/coverage/smtlib/QF_UFBVLIA/20190307-CPAchecker_kInduction-SoSy_Lab/email_spec0_product09.cil_smt-query.0.smt2
  vanilla-yices2: 0.0090s PASS
  esat-2007: 0.0093s PASS
[447/916] /Users/e35480/git/kn-yices2-2/tests/regress/coverage/smtlib/QF_UFIDL/UCLID-pred/BRP/BRP2.smt2
  esat-2007: 0.0065s PASS
  vanilla-yices2: 0.0066s PASS
[448/916] /Users/e35480/git/kn-yices2-2/tests/regress/coverage/smtlib/QF_UFIDL/pete2/c10.smt2
  vanilla-yices2: 0.0229s PASS
  esat-2007: 0.0240s PASS
[449/916] /Users/e35480/git/kn-yices2-2/tests/regress/coverage/smtlib/QF_UFIDL/uclid/37s.smt2
  esat-2007: 0.0067s PASS
  vanilla-yices2: 0.0063s PASS
[450/916] /Users/e35480/git/kn-yices2-2/tests/regress/coverage/smtlib/QF_UFIDL/uclid/elf.rf10.smt2
  vanilla-yices2: 0.0936s PASS
  esat-2007: 0.0951s PASS
[451/916] /Users/e35480/git/kn-yices2-2/tests/regress/coverage/smtlib/QF_UFLIA/kind/FIREFLY_2_e2_3244_e3_1305.ec.smt2
  esat-2007: 0.0095s PASS
  vanilla-yices2: 0.0084s PASS
[452/916] /Users/e35480/git/kn-yices2-2/tests/regress/coverage/smtlib/QF_UFLIA/kind/MOESI_all_e3_2032_e3_2788.ec.smt2
  vanilla-yices2: 0.0074s PASS
  esat-2007: 0.0075s PASS
[453/916] /Users/e35480/git/kn-yices2-2/tests/regress/coverage/smtlib/QF_UFLIA/kind/_6counters.ec.smt2
  esat-2007: 0.0082s PASS
  vanilla-yices2: 0.0082s PASS
[454/916] /Users/e35480/git/kn-yices2-2/tests/regress/coverage/smtlib/QF_UFLIA/kind/metros_1_e1_846_e1_1317.ec.smt2
  vanilla-yices2: 0.0073s PASS
  esat-2007: 0.0074s PASS
[455/916] /Users/e35480/git/kn-yices2-2/tests/regress/coverage/smtlib/QF_UFLIA/kind/microwave01.ec.smt2
  esat-2007: 0.0090s PASS
  vanilla-yices2: 0.0089s PASS
[456/916] /Users/e35480/git/kn-yices2-2/tests/regress/coverage/smtlib/QF_UFLIA/kind/two_counters_e1_268.ec.smt2
  vanilla-yices2: 0.0057s PASS
  esat-2007: 0.0060s PASS
[457/916] /Users/e35480/git/kn-yices2-2/tests/regress/coverage/smtlib/QF_UFLIA/mathsat/Hash/hash_sat_05_09.smt2
  esat-2007: 0.0059s PASS
  vanilla-yices2: 0.0064s PASS
[458/916] /Users/e35480/git/kn-yices2-2/tests/regress/coverage/smtlib/QF_UFLIA/wisas/xs_27_47.smt2
  vanilla-yices2: 0.0111s PASS
  esat-2007: 0.0110s PASS
[459/916] /Users/e35480/git/kn-yices2-2/tests/regress/coverage/smtlib/QF_UFLRA/cpachecker-bmc-svcomp14/cpachecker-bmc.alias_of_return.c_true-unreach-call_1.i.smt2
  esat-2007: 0.0057s PASS
  vanilla-yices2: 0.0061s PASS
[460/916] /Users/e35480/git/kn-yices2-2/tests/regress/coverage/smtlib/QF_UFLRA/cpachecker-bmc-svcomp14/cpachecker-bmc.elevator_spec14_product03_true-unreach-call.cil.c.smt2
  vanilla-yices2: 0.0061s PASS
  esat-2007: 0.0065s PASS
[461/916] /Users/e35480/git/kn-yices2-2/tests/regress/coverage/smtlib/QF_UFLRA/cpachecker-bmc-svcomp14/cpachecker-bmc.merge_sort_false-unreach-call.i.smt2
  esat-2007: 0.0069s PASS
  vanilla-yices2: 0.0061s PASS
[462/916] /Users/e35480/git/kn-yices2-2/tests/regress/coverage/smtlib/QF_UFLRA/cpachecker-bmc-svcomp14/cpachecker-bmc.rule57_ebda_blast.c_false-unreach-call.i.smt2
  vanilla-yices2: 0.0065s PASS
  esat-2007: 0.0057s PASS
[463/916] /Users/e35480/git/kn-yices2-2/tests/regress/coverage/smtlib/QF_UFLRA/cpachecker-bmc-svcomp14/cpachecker-bmc.sum02_true-unreach-call.i.smt2
  esat-2007: 0.0055s PASS
  vanilla-yices2: 0.0062s PASS
[464/916] /Users/e35480/git/kn-yices2-2/tests/regress/coverage/smtlib/QF_UFLRA/cpachecker-bmc-svcomp14/media-video-cx88-cx88-vp3054-i2c.ko-ldv_main0_sequence_infinite_withcheck_stateful.cil.out.c.smt2
  vanilla-yices2: 0.0054s PASS
  esat-2007: 0.0057s PASS
[465/916] /Users/e35480/git/kn-yices2-2/tests/regress/coverage/smtlib/QF_UFLRA/cpachecker-bmc-svcomp14/platform-x86-intel_menlow.ko-ldv_main0_sequence_infinite_withcheck_stateful.cil.out.c.smt2
  esat-2007: 0.0069s PASS
  vanilla-yices2: 0.0054s PASS
[466/916] /Users/e35480/git/kn-yices2-2/tests/regress/coverage/smtlib/QF_UFLRA/cpachecker-induction-svcomp14/cpachecker-induction.cdaudio_simpl1_false-unreach-call_true-termination.cil.c.smt2
  vanilla-yices2: 0.0065s PASS
  esat-2007: 0.0062s PASS
[467/916] /Users/e35480/git/kn-yices2-2/tests/regress/coverage/smtlib/QF_UFLRA/cpachecker-induction-svcomp14/cpachecker-induction.count_up_down_true-unreach-call_true-termination.i.smt2
  esat-2007: 0.0051s PASS
  vanilla-yices2: 0.0059s PASS
[468/916] /Users/e35480/git/kn-yices2-2/tests/regress/coverage/smtlib/QF_UFLRA/cpachecker-induction-svcomp14/cpachecker-induction.jain_7_true-unreach-call.i.smt2
  vanilla-yices2: 0.0053s PASS
  esat-2007: 0.0051s PASS
[469/916] /Users/e35480/git/kn-yices2-2/tests/regress/coverage/smtlib/QF_UFLRA/mathsat/RandomCoupled/pb_real_10_0200_10_25.smt2
  esat-2007: 0.0063s PASS
  vanilla-yices2: 0.0055s PASS
[470/916] /Users/e35480/git/kn-yices2-2/tests/regress/coverage/smtlib/QF_UFLRA/mathsat/RandomDecoupled/pb_real_50_100_30_02.smt2
  vanilla-yices2: 0.0182s PASS
  esat-2007: 0.0190s PASS
[471/916] /Users/e35480/git/kn-yices2-2/tests/regress/efsmt/bv/ranking_2012246_kernel_agplib_init.c.smt2
  esat-2007: 0.0065s PASS
  vanilla-yices2: 0.0054s PASS
[472/916] /Users/e35480/git/kn-yices2-2/tests/regress/efsmt/bv/ranking_2012247_filesys_smbmrx_cvsndrcv.c.smt2
  vanilla-yices2: 0.0055s PASS
  esat-2007: 0.0060s PASS
[473/916] /Users/e35480/git/kn-yices2-2/tests/regress/efsmt/bv/ranking_2012248_audio_ac97_wavepcistream3.cpp.smt2
  esat-2007: 0.0050s PASS
  vanilla-yices2: 0.0066s PASS
[474/916] /Users/e35480/git/kn-yices2-2/tests/regress/efsmt/bv/ranking_2012249_mmedia_gsm610_gsm6102.c.smt2
  vanilla-yices2: 0.0059s PASS
  esat-2007: 0.0050s PASS
[475/916] /Users/e35480/git/kn-yices2-2/tests/regress/efsmt/bv/ranking_2012250_kmdf_pcidrv_sys_hw_physet.c.smt2
  esat-2007: 0.0072s PASS
  vanilla-yices2: 0.0076s PASS
[476/916] /Users/e35480/git/kn-yices2-2/tests/regress/efsmt/bv/ranking_2012251_mmedia_gsm610_gsm6103.c.smt2
  vanilla-yices2: 0.0050s PASS
  esat-2007: 0.0064s PASS
[477/916] /Users/e35480/git/kn-yices2-2/tests/regress/efsmt/bv/ranking_2012252_network_trans_sys_notify.c.smt2
  esat-2007: 0.0054s PASS
  vanilla-yices2: 0.0053s PASS
[478/916] /Users/e35480/git/kn-yices2-2/tests/regress/efsmt/ef-tests/issue207.smt2
  vanilla-yices2: 0.0059s PASS
  esat-2007: 0.0052s PASS
[479/916] /Users/e35480/git/kn-yices2-2/tests/regress/efsmt/ef-tests/test1.unsat.smt2
  esat-2007: 0.0052s PASS
  vanilla-yices2: 0.0057s PASS
[480/916] /Users/e35480/git/kn-yices2-2/tests/regress/efsmt/ef-tests/test10.unsat.smt2
  vanilla-yices2: 0.0047s PASS
  esat-2007: 0.0048s PASS
[481/916] /Users/e35480/git/kn-yices2-2/tests/regress/efsmt/ef-tests/test11.sat.smt2
  esat-2007: 0.0059s PASS
  vanilla-yices2: 0.0049s PASS
[482/916] /Users/e35480/git/kn-yices2-2/tests/regress/efsmt/ef-tests/test11b.sat.smt2
  vanilla-yices2: 0.1457s PASS
  esat-2007: 0.1578s PASS
[483/916] /Users/e35480/git/kn-yices2-2/tests/regress/efsmt/ef-tests/test11c.sat.smt2
  esat-2007: 0.0295s PASS
  vanilla-yices2: 0.0269s PASS
[484/916] /Users/e35480/git/kn-yices2-2/tests/regress/efsmt/ef-tests/test2.sat.smt2
  vanilla-yices2: 0.0062s PASS
  esat-2007: 0.0055s PASS
[485/916] /Users/e35480/git/kn-yices2-2/tests/regress/efsmt/ef-tests/test3.sat.smt2
  esat-2007: 0.0059s PASS
  vanilla-yices2: 0.0051s PASS
[486/916] /Users/e35480/git/kn-yices2-2/tests/regress/efsmt/ef-tests/test4.sat.smt2
  vanilla-yices2: 0.0052s PASS
  esat-2007: 0.0056s PASS
[487/916] /Users/e35480/git/kn-yices2-2/tests/regress/efsmt/ef-tests/test5.sat.smt2
  esat-2007: 0.0048s PASS
  vanilla-yices2: 0.0050s PASS
[488/916] /Users/e35480/git/kn-yices2-2/tests/regress/efsmt/ef-tests/test6.sat.smt2
  vanilla-yices2: 0.0059s PASS
  esat-2007: 0.0049s PASS
[489/916] /Users/e35480/git/kn-yices2-2/tests/regress/efsmt/ef-tests/test7.sat.smt2
  esat-2007: 0.0048s PASS
  vanilla-yices2: 0.0058s PASS
[490/916] /Users/e35480/git/kn-yices2-2/tests/regress/efsmt/ef-tests/test8.unsat.smt2
  vanilla-yices2: 0.0048s PASS
  esat-2007: 0.0049s PASS
[491/916] /Users/e35480/git/kn-yices2-2/tests/regress/efsmt/ef-tests/test9.sat.smt2
  esat-2007: 0.0058s PASS
  vanilla-yices2: 0.0048s PASS
[492/916] /Users/e35480/git/kn-yices2-2/tests/regress/efsmt/ematch/issue329.smt2
  vanilla-yices2: 0.0048s PASS
  esat-2007: 0.0055s PASS
[493/916] /Users/e35480/git/kn-yices2-2/tests/regress/efsmt/ematch/issue329_2.smt2
  esat-2007: 0.0045s PASS
  vanilla-yices2: 0.0047s PASS
[494/916] /Users/e35480/git/kn-yices2-2/tests/regress/efsmt/ematch/issue332.smt2
  vanilla-yices2: 0.0054s PASS
  esat-2007: 0.0052s PASS
[495/916] /Users/e35480/git/kn-yices2-2/tests/regress/efsmt/ematch/issue333.smt2
  esat-2007: 0.0051s PASS
  vanilla-yices2: 0.0055s PASS
[496/916] /Users/e35480/git/kn-yices2-2/tests/regress/efsmt/ematch/list2.smt2
  vanilla-yices2: 0.0059s PASS
  esat-2007: 0.0052s PASS
[497/916] /Users/e35480/git/kn-yices2-2/tests/regress/efsmt/ematch/set10.smt2
  esat-2007: 0.0066s PASS
  vanilla-yices2: 0.0057s PASS
[498/916] /Users/e35480/git/kn-yices2-2/tests/regress/efsmt/ematch/set11.smt2
  vanilla-yices2: 0.0051s PASS
  esat-2007: 0.0059s PASS
[499/916] /Users/e35480/git/kn-yices2-2/tests/regress/efsmt/ematch/set12.smt2
  esat-2007: 0.0159s PASS
  vanilla-yices2: 0.0167s PASS
[500/916] /Users/e35480/git/kn-yices2-2/tests/regress/efsmt/ematch/set13.smt2
  vanilla-yices2: 0.0125s PASS
  esat-2007: 0.0128s PASS
[501/916] /Users/e35480/git/kn-yices2-2/tests/regress/efsmt/ematch/set15.smt2
  esat-2007: 0.0068s PASS
  vanilla-yices2: 0.0056s PASS
[502/916] /Users/e35480/git/kn-yices2-2/tests/regress/efsmt/ematch/set17.smt2
  vanilla-yices2: 0.0132s PASS
  esat-2007: 0.0118s PASS
[503/916] /Users/e35480/git/kn-yices2-2/tests/regress/efsmt/ematch/set18.smt2
  esat-2007: 0.0064s PASS
  vanilla-yices2: 0.0053s PASS
[504/916] /Users/e35480/git/kn-yices2-2/tests/regress/efsmt/ematch/set20.smt2
  vanilla-yices2: 0.0064s PASS
  esat-2007: 0.0058s PASS
[505/916] /Users/e35480/git/kn-yices2-2/tests/regress/efsmt/ematch/set4.smt2
  esat-2007: 0.0050s PASS
  vanilla-yices2: 0.0057s PASS
[506/916] /Users/e35480/git/kn-yices2-2/tests/regress/efsmt/ematch/set5.smt2
  vanilla-yices2: 0.0051s PASS
  esat-2007: 0.0051s PASS
[507/916] /Users/e35480/git/kn-yices2-2/tests/regress/efsmt/ematch/set5_pattern.smt2
  esat-2007: 0.0060s PASS
  vanilla-yices2: 0.0051s PASS
[508/916] /Users/e35480/git/kn-yices2-2/tests/regress/efsmt/ematch/set6.smt2
  vanilla-yices2: 0.0400s PASS
  esat-2007: 0.0419s PASS
[509/916] /Users/e35480/git/kn-yices2-2/tests/regress/efsmt/ematch/set6_pattern.smt2
  esat-2007: 0.0072s PASS
  vanilla-yices2: 0.0066s PASS
[510/916] /Users/e35480/git/kn-yices2-2/tests/regress/efsmt/ematch/set7.smt2
  vanilla-yices2: 0.0050s PASS
  esat-2007: 0.0055s PASS
[511/916] /Users/e35480/git/kn-yices2-2/tests/regress/efsmt/ematch/set8.smt2
  esat-2007: 0.0059s PASS
  vanilla-yices2: 0.0052s PASS
[512/916] /Users/e35480/git/kn-yices2-2/tests/regress/efsmt/lia/issue258.smt2
  vanilla-yices2: 0.0050s PASS
  esat-2007: 0.0062s PASS
[513/916] /Users/e35480/git/kn-yices2-2/tests/regress/efsmt/lia/psyco001.smt2
  esat-2007: 0.0064s PASS
  vanilla-yices2: 0.0065s PASS
[514/916] /Users/e35480/git/kn-yices2-2/tests/regress/efsmt/lia/psyco002.smt2
  vanilla-yices2: 0.0067s PASS
  esat-2007: 0.0068s PASS
[515/916] /Users/e35480/git/kn-yices2-2/tests/regress/efsmt/lia/test001.smt2
  esat-2007: 0.0059s PASS
  vanilla-yices2: 0.0048s PASS
[516/916] /Users/e35480/git/kn-yices2-2/tests/regress/efsmt/lia/test002.smt2
  vanilla-yices2: 0.0050s PASS
  esat-2007: 0.0061s PASS
[517/916] /Users/e35480/git/kn-yices2-2/tests/regress/efsmt/lia/test003.smt2
  esat-2007: 0.0051s PASS
  vanilla-yices2: 0.0055s PASS
[518/916] /Users/e35480/git/kn-yices2-2/tests/regress/efsmt/lia/tptpNUM870.smt2
  vanilla-yices2: 0.0057s PASS
  esat-2007: 0.0048s PASS
[519/916] /Users/e35480/git/kn-yices2-2/tests/regress/efsmt/lia/tptpNUM918.smt2
  esat-2007: 0.0049s PASS
  vanilla-yices2: 0.0064s PASS
[520/916] /Users/e35480/git/kn-yices2-2/tests/regress/efsmt/lra/scholl-smt08_RND_2012364_RND_3_5.smt2
  vanilla-yices2: 0.0058s PASS
  esat-2007: 0.0061s PASS
[521/916] /Users/e35480/git/kn-yices2-2/tests/regress/efsmt/lra/scholl-smt08_RND_2012368_RND_3_25.smt2
  esat-2007: 0.0448s PASS
  vanilla-yices2: 0.0166s PASS
[522/916] /Users/e35480/git/kn-yices2-2/tests/regress/efsmt/mbqi/epr.smt2
  vanilla-yices2: 0.0078s PASS
  esat-2007: 0.0066s PASS
[523/916] /Users/e35480/git/kn-yices2-2/tests/regress/efsmt/mbqi/issue256.smt2
  esat-2007: 0.0052s PASS
  vanilla-yices2: 0.0059s PASS
[524/916] /Users/e35480/git/kn-yices2-2/tests/regress/efsmt/mbqi/issue315.smt2
  vanilla-yices2: 0.0052s PASS
  esat-2007: 0.0051s PASS
[525/916] /Users/e35480/git/kn-yices2-2/tests/regress/efsmt/mbqi/issue315_2.smt2
  esat-2007: 0.0057s PASS
  vanilla-yices2: 0.0049s PASS
[526/916] /Users/e35480/git/kn-yices2-2/tests/regress/efsmt/mbqi/list1.smt2
  vanilla-yices2: 0.0053s PASS
  esat-2007: 0.0058s PASS
[527/916] /Users/e35480/git/kn-yices2-2/tests/regress/efsmt/mbqi/pvs_example1.smt2
  esat-2007: 0.0060s PASS
  vanilla-yices2: 0.0062s PASS
[528/916] /Users/e35480/git/kn-yices2-2/tests/regress/efsmt/mbqi/pvs_example2.smt2
  vanilla-yices2: 0.0056s PASS
  esat-2007: 0.0054s PASS
[529/916] /Users/e35480/git/kn-yices2-2/tests/regress/efsmt/mbqi/set_1.smt2
  esat-2007: 0.0061s PASS
  vanilla-yices2: 0.0049s PASS
[530/916] /Users/e35480/git/kn-yices2-2/tests/regress/efsmt/mbqi/set_2.smt2
  vanilla-yices2: 0.0049s PASS
  esat-2007: 0.0055s PASS
[531/916] /Users/e35480/git/kn-yices2-2/tests/regress/efsmt/mbqi/subtypes.smt2
  esat-2007: 0.0055s PASS
  vanilla-yices2: 0.0052s PASS
[532/916] /Users/e35480/git/kn-yices2-2/tests/regress/efsmt/mbqi/test1.smt2
  vanilla-yices2: 0.0054s PASS
  esat-2007: 0.0049s PASS
[533/916] /Users/e35480/git/kn-yices2-2/tests/regress/efsmt/mbqi/test10.smt2
  esat-2007: 0.0046s PASS
  vanilla-yices2: 0.0051s PASS
[534/916] /Users/e35480/git/kn-yices2-2/tests/regress/efsmt/mbqi/test11.smt2
  vanilla-yices2: 0.0058s PASS
  esat-2007: 0.0047s PASS
[535/916] /Users/e35480/git/kn-yices2-2/tests/regress/efsmt/mbqi/test12.smt2
  esat-2007: 0.0051s PASS
  vanilla-yices2: 0.0058s PASS
[536/916] /Users/e35480/git/kn-yices2-2/tests/regress/efsmt/mbqi/test13.smt2
  vanilla-yices2: 0.0047s PASS
  esat-2007: 0.0050s PASS
[537/916] /Users/e35480/git/kn-yices2-2/tests/regress/efsmt/mbqi/test14.smt2
  esat-2007: 0.0058s PASS
  vanilla-yices2: 0.0049s PASS
[538/916] /Users/e35480/git/kn-yices2-2/tests/regress/efsmt/mbqi/test15.smt2
  vanilla-yices2: 0.0051s PASS
  esat-2007: 0.0060s PASS
[539/916] /Users/e35480/git/kn-yices2-2/tests/regress/efsmt/mbqi/test2.smt2
  esat-2007: 0.0050s PASS
  vanilla-yices2: 0.0054s PASS
[540/916] /Users/e35480/git/kn-yices2-2/tests/regress/efsmt/mbqi/test3.smt2
  vanilla-yices2: 0.0057s PASS
  esat-2007: 0.0046s PASS
[541/916] /Users/e35480/git/kn-yices2-2/tests/regress/efsmt/mbqi/test4.smt2
  esat-2007: 0.0047s PASS
  vanilla-yices2: 0.0059s PASS
[542/916] /Users/e35480/git/kn-yices2-2/tests/regress/efsmt/mbqi/test5.smt2
  vanilla-yices2: 0.0048s PASS
  esat-2007: 0.0049s PASS
[543/916] /Users/e35480/git/kn-yices2-2/tests/regress/efsmt/mbqi/test6.smt2
  esat-2007: 0.0056s PASS
  vanilla-yices2: 0.0048s PASS
[544/916] /Users/e35480/git/kn-yices2-2/tests/regress/efsmt/mbqi/test7.smt2
  vanilla-yices2: 0.0047s PASS
  esat-2007: 0.0056s PASS
[545/916] /Users/e35480/git/kn-yices2-2/tests/regress/efsmt/mbqi/test8.smt2
  esat-2007: 0.0047s PASS
  vanilla-yices2: 0.0048s PASS
[546/916] /Users/e35480/git/kn-yices2-2/tests/regress/efsmt/mbqi/test9.smt2
  vanilla-yices2: 0.0056s PASS
  esat-2007: 0.0051s PASS
[547/916] /Users/e35480/git/kn-yices2-2/tests/regress/efsmt/mbqi/test_identity.smt2
  esat-2007: 0.0048s PASS
  vanilla-yices2: 0.0049s PASS
[548/916] /Users/e35480/git/kn-yices2-2/tests/regress/efsmt/mbqi/test_multisorts.smt2
  vanilla-yices2: 0.0056s PASS
  esat-2007: 0.0045s PASS
[549/916] /Users/e35480/git/kn-yices2-2/tests/regress/efsmt/mbqi/uf_ef.smt2
  esat-2007: 0.0047s PASS
  vanilla-yices2: 0.0057s PASS
[550/916] /Users/e35480/git/kn-yices2-2/tests/regress/efsmt/mbqi/uf_epr.smt2
  vanilla-yices2: 0.0049s PASS
  esat-2007: 0.0048s PASS
[551/916] /Users/e35480/git/kn-yices2-2/tests/regress/efsmt/mbqi/uf_eq.smt2
  esat-2007: 0.0057s PASS
  vanilla-yices2: 0.0050s PASS
[552/916] /Users/e35480/git/kn-yices2-2/tests/regress/efsmt/mbqi/uf_fe.smt2
  vanilla-yices2: 0.0050s PASS
  esat-2007: 0.0057s PASS
[553/916] /Users/e35480/git/kn-yices2-2/tests/regress/efsmt/mbqi/ut_e.smt2
  esat-2007: 0.0050s PASS
  vanilla-yices2: 0.0048s PASS
[554/916] /Users/e35480/git/kn-yices2-2/tests/regress/efsmt/mbqi/ut_ef.smt2
  vanilla-yices2: 0.0054s PASS
  esat-2007: 0.0053s PASS
[555/916] /Users/e35480/git/kn-yices2-2/tests/regress/efsmt/mbqi/ut_fe.smt2
  esat-2007: 0.0049s PASS
  vanilla-yices2: 0.0053s PASS
[556/916] /Users/e35480/git/kn-yices2-2/tests/regress/iss433.smt2
  vanilla-yices2: 0.0054s PASS
  esat-2007: 0.0048s PASS
[557/916] /Users/e35480/git/kn-yices2-2/tests/regress/iss433b.smt2
  esat-2007: 0.0052s PASS
  vanilla-yices2: 0.0057s PASS
[558/916] /Users/e35480/git/kn-yices2-2/tests/regress/iss517.smt2
  vanilla-yices2: 1.1242s PASS
  esat-2007: 1.1662s PASS
[559/916] /Users/e35480/git/kn-yices2-2/tests/regress/iss547.smt2
  esat-2007: 1.0141s PASS
  vanilla-yices2: 1.0133s PASS
[560/916] /Users/e35480/git/kn-yices2-2/tests/regress/keymaera/keymaera_2012253_water_tank-node22259.smt2
  vanilla-yices2: 0.0068s PASS
  esat-2007: 0.0061s PASS
[561/916] /Users/e35480/git/kn-yices2-2/tests/regress/keymaera/keymaera_2012254_water_tank-node16086.smt2
  esat-2007: 0.0049s PASS
  vanilla-yices2: 0.0054s PASS
[562/916] /Users/e35480/git/kn-yices2-2/tests/regress/keymaera/keymaera_2012255_water_tank-node23031.smt2
  vanilla-yices2: 0.0055s PASS
  esat-2007: 0.0050s PASS
[563/916] /Users/e35480/git/kn-yices2-2/tests/regress/keymaera/keymaera_2012256_water_tank-node12581.smt2
  esat-2007: 0.0052s PASS
  vanilla-yices2: 0.0056s PASS
[564/916] /Users/e35480/git/kn-yices2-2/tests/regress/keymaera/keymaera_2012257_water_tank-node16056.smt2
  vanilla-yices2: 0.0054s PASS
  esat-2007: 0.0054s PASS
[565/916] /Users/e35480/git/kn-yices2-2/tests/regress/keymaera/keymaera_2012258_water_tank-node28824.smt2
  esat-2007: 0.0056s PASS
  vanilla-yices2: 0.0049s PASS
[566/916] /Users/e35480/git/kn-yices2-2/tests/regress/keymaera/keymaera_2012259_water_tank-node31001.smt2
  vanilla-yices2: 0.0051s PASS
  esat-2007: 0.0057s PASS
[567/916] /Users/e35480/git/kn-yices2-2/tests/regress/keymaera/keymaera_2012260_water_tank-node30869.smt2
  esat-2007: 0.0048s PASS
  vanilla-yices2: 0.0052s PASS
[568/916] /Users/e35480/git/kn-yices2-2/tests/regress/keymaera/keymaera_2012261_water_tank-node29317.smt2
  vanilla-yices2: 0.0058s PASS
  esat-2007: 0.0047s PASS
[569/916] /Users/e35480/git/kn-yices2-2/tests/regress/keymaera/keymaera_2012262_water_tank-node22228.smt2
  esat-2007: 0.0049s PASS
  vanilla-yices2: 0.0060s PASS
[570/916] /Users/e35480/git/kn-yices2-2/tests/regress/keymaera/keymaera_2012263_water_tank-node14879.smt2
  vanilla-yices2: 0.0048s PASS
  esat-2007: 0.0049s PASS
[571/916] /Users/e35480/git/kn-yices2-2/tests/regress/keymaera/keymaera_2012264_water_tank-node30102.smt2
  esat-2007: 0.0057s PASS
  vanilla-yices2: 0.0049s PASS
[572/916] /Users/e35480/git/kn-yices2-2/tests/regress/keymaera/keymaera_2012265_water_tank-node9351.smt2
  vanilla-yices2: 0.0049s PASS
  esat-2007: 0.0060s PASS
[573/916] /Users/e35480/git/kn-yices2-2/tests/regress/keymaera/keymaera_2012266_water_tank-node25649.smt2
  esat-2007: 0.0049s PASS
  vanilla-yices2: 0.0048s PASS
[574/916] /Users/e35480/git/kn-yices2-2/tests/regress/keymaera/keymaera_2012267_water_tank-node24658.smt2
  vanilla-yices2: 0.0055s PASS
  esat-2007: 0.0048s PASS
[575/916] /Users/e35480/git/kn-yices2-2/tests/regress/keymaera/keymaera_2012268_water_tank-node28794.smt2
  esat-2007: 0.0047s PASS
  vanilla-yices2: 0.0056s PASS
[576/916] /Users/e35480/git/kn-yices2-2/tests/regress/keymaera/keymaera_2012269_water_tank-node21166.smt2
  vanilla-yices2: 0.0050s PASS
  esat-2007: 0.0048s PASS
[577/916] /Users/e35480/git/kn-yices2-2/tests/regress/keymaera/keymaera_2012270_water_tank-node30133.smt2
  esat-2007: 0.0053s PASS
  vanilla-yices2: 0.0054s PASS
[578/916] /Users/e35480/git/kn-yices2-2/tests/regress/keymaera/keymaera_2012271_water_tank-node27679.smt2
  vanilla-yices2: 0.0048s PASS
  esat-2007: 0.0050s PASS
[579/916] /Users/e35480/git/kn-yices2-2/tests/regress/keymaera/keymaera_2012272_water_tank-node19175.smt2
  esat-2007: 0.0056s PASS
  vanilla-yices2: 0.0048s PASS
[580/916] /Users/e35480/git/kn-yices2-2/tests/regress/keymaera/keymaera_2012273_water_tank-node29292.smt2
  vanilla-yices2: 0.0049s PASS
  esat-2007: 0.0058s PASS
[581/916] /Users/e35480/git/kn-yices2-2/tests/regress/keymaera/keymaera_2012274_water_tank-node10186.smt2
  esat-2007: 0.0047s PASS
  vanilla-yices2: 0.0047s PASS
[582/916] /Users/e35480/git/kn-yices2-2/tests/regress/keymaera/keymaera_2012275_water_tank-node19206.smt2
  vanilla-yices2: 0.0060s PASS
  esat-2007: 0.0048s PASS
[583/916] /Users/e35480/git/kn-yices2-2/tests/regress/keymaera/keymaera_2012276_water_tank-node21140.smt2
  esat-2007: 0.0049s PASS
  vanilla-yices2: 0.0061s PASS
[584/916] /Users/e35480/git/kn-yices2-2/tests/regress/keymaera/keymaera_2012277_water_tank-node8198.smt2
  vanilla-yices2: 0.0051s PASS
  esat-2007: 0.0049s PASS
[585/916] /Users/e35480/git/kn-yices2-2/tests/regress/keymaera/keymaera_2012278_water_tank-node28520.smt2
  esat-2007: 0.0056s PASS
  vanilla-yices2: 0.0048s PASS
[586/916] /Users/e35480/git/kn-yices2-2/tests/regress/keymaera/keymaera_2012279_water_tank-node7173.smt2
  vanilla-yices2: 0.0051s PASS
  esat-2007: 0.0055s PASS
[587/916] /Users/e35480/git/kn-yices2-2/tests/regress/keymaera/keymaera_2012280_water_tank-node24598.smt2
  esat-2007: 0.0051s PASS
  vanilla-yices2: 0.0048s PASS
[588/916] /Users/e35480/git/kn-yices2-2/tests/regress/keymaera/keymaera_2012281_water_tank-node28793.smt2
  vanilla-yices2: 0.0055s PASS
  esat-2007: 0.0053s PASS
[589/916] /Users/e35480/git/kn-yices2-2/tests/regress/keymaera/keymaera_2012282_water_tank-node30870.smt2
  esat-2007: 0.0047s PASS
  vanilla-yices2: 0.0052s PASS
[590/916] /Users/e35480/git/kn-yices2-2/tests/regress/keymaera/keymaera_2012283_water_tank-node23061.smt2
  vanilla-yices2: 0.0054s PASS
  esat-2007: 0.0049s PASS
[591/916] /Users/e35480/git/kn-yices2-2/tests/regress/keymaera/keymaera_2012284_water_tank-node25679.smt2
  esat-2007: 0.0051s PASS
  vanilla-yices2: 0.0058s PASS
[592/916] /Users/e35480/git/kn-yices2-2/tests/regress/keymaera/keymaera_2012285_water_tank-node27709.smt2
  vanilla-yices2: 0.0048s PASS
  esat-2007: 0.0052s PASS
[593/916] /Users/e35480/git/kn-yices2-2/tests/regress/keymaera/keymaera_2012286_water_tank-node9381.smt2
  esat-2007: 0.0057s PASS
  vanilla-yices2: 0.0046s PASS
[594/916] /Users/e35480/git/kn-yices2-2/tests/regress/keymaera/keymaera_2012287_water_tank-node14909.smt2
  vanilla-yices2: 0.0044s PASS
  esat-2007: 0.0054s PASS
[595/916] /Users/e35480/git/kn-yices2-2/tests/regress/keymaera/keymaera_2012288_water_tank-node13854.smt2
  esat-2007: 0.0048s PASS
  vanilla-yices2: 0.0049s PASS
[596/916] /Users/e35480/git/kn-yices2-2/tests/regress/keymaera/keymaera_2012289_water_tank-node28519.smt2
  vanilla-yices2: 0.0056s PASS
  esat-2007: 0.0048s PASS
[597/916] /Users/e35480/git/kn-yices2-2/tests/regress/keymaera/keymaera_2012290_water_tank-node18158.smt2
  esat-2007: 0.0048s PASS
  vanilla-yices2: 0.0057s PASS
[598/916] /Users/e35480/git/kn-yices2-2/tests/regress/keymaera/keymaera_2012291_water_tank-node23030.smt2
  vanilla-yices2: 0.0048s PASS
  esat-2007: 0.0049s PASS
[599/916] /Users/e35480/git/kn-yices2-2/tests/regress/keymaera/keymaera_2012292_water_tank-node22229.smt2
  esat-2007: 0.0052s PASS
  vanilla-yices2: 0.0055s PASS
[600/916] /Users/e35480/git/kn-yices2-2/tests/regress/keymaera/keymaera_2012293_water_tank-node31031.smt2
  vanilla-yices2: 0.0048s PASS
  esat-2007: 0.0051s PASS
[601/916] /Users/e35480/git/kn-yices2-2/tests/regress/keymaera/keymaera_2012294_water_tank-node7174.smt2
  esat-2007: 0.0055s PASS
  vanilla-yices2: 0.0048s PASS
[602/916] /Users/e35480/git/kn-yices2-2/tests/regress/keymaera/keymaera_2012295_water_tank-node19176.smt2
  vanilla-yices2: 0.0051s PASS
  esat-2007: 0.0057s PASS
[603/916] /Users/e35480/git/kn-yices2-2/tests/regress/keymaera/keymaera_2012296_water_tank-node5019.smt2
  esat-2007: 0.0047s PASS
  vanilla-yices2: 0.0050s PASS
[604/916] /Users/e35480/git/kn-yices2-2/tests/regress/keymaera/keymaera_2012297_water_tank-node11755.smt2
  vanilla-yices2: 0.0058s PASS
  esat-2007: 0.0047s PASS
[605/916] /Users/e35480/git/kn-yices2-2/tests/regress/keymaera/keymaera_2012298_water_tank-node24597.smt2
  esat-2007: 0.0049s PASS
  vanilla-yices2: 0.0057s PASS
[606/916] /Users/e35480/git/kn-yices2-2/tests/regress/keymaera/keymaera_2012299_water_tank-node30895.smt2
  vanilla-yices2: 0.0048s PASS
  esat-2007: 0.0048s PASS
[607/916] /Users/e35480/git/kn-yices2-2/tests/regress/keymaera/keymaera_2012300_water_tank-node25618.smt2
  esat-2007: 0.0056s PASS
  vanilla-yices2: 0.0049s PASS
[608/916] /Users/e35480/git/kn-yices2-2/tests/regress/keymaera/keymaera_2012301_water_tank-node22289.smt2
  vanilla-yices2: 0.0047s PASS
  esat-2007: 0.0055s PASS
[609/916] /Users/e35480/git/kn-yices2-2/tests/regress/keymaera/keymaera_2012302_water_tank-node21141.smt2
  esat-2007: 0.0050s PASS
  vanilla-yices2: 0.0048s PASS
[610/916] /Users/e35480/git/kn-yices2-2/tests/regress/keymaera/keymaera_2012303_water_tank-node16055.smt2
  vanilla-yices2: 0.0051s PASS
  esat-2007: 0.0055s PASS
[611/916] /Users/e35480/git/kn-yices2-2/tests/regress/keymaera/keymaera_2012304_water_tank-node24628.smt2
  esat-2007: 0.0047s PASS
  vanilla-yices2: 0.0049s PASS
[612/916] /Users/e35480/git/kn-yices2-2/tests/regress/keymaera/keymaera_2012305_water_tank-node5020.smt2
  vanilla-yices2: 0.0057s PASS
  esat-2007: 0.0046s PASS
[613/916] /Users/e35480/git/kn-yices2-2/tests/regress/keymaera/keymaera_2012306_water_tank-node10156.smt2
  esat-2007: 0.0050s PASS
  vanilla-yices2: 0.0058s PASS
[614/916] /Users/e35480/git/kn-yices2-2/tests/regress/keymaera/keymaera_2012307_water_tank-node30158.smt2
  vanilla-yices2: 0.0048s PASS
  esat-2007: 0.0048s PASS
[615/916] /Users/e35480/git/kn-yices2-2/tests/regress/keymaera/keymaera_2012308_water_tank-node29291.smt2
  esat-2007: 0.0060s PASS
  vanilla-yices2: 0.0049s PASS
[616/916] /Users/e35480/git/kn-yices2-2/tests/regress/keymaera/keymaera_2012309_water_tank-node26754.smt2
  vanilla-yices2: 0.0048s PASS
  esat-2007: 0.0054s PASS
[617/916] /Users/e35480/git/kn-yices2-2/tests/regress/keymaera/keymaera_2012310_water_tank-node9350.smt2
  esat-2007: 0.0048s PASS
  vanilla-yices2: 0.0048s PASS
[618/916] /Users/e35480/git/kn-yices2-2/tests/regress/keymaera/keymaera_2012311_water_tank-node31000.smt2
  vanilla-yices2: 0.0055s PASS
  esat-2007: 0.0051s PASS
[619/916] /Users/e35480/git/kn-yices2-2/tests/regress/keymaera/keymaera_2012312_water_tank-node8199.smt2
  esat-2007: 0.0048s PASS
  vanilla-yices2: 0.0052s PASS
[620/916] /Users/e35480/git/kn-yices2-2/tests/regress/keymaera/keymaera_2012313_water_tank-node12555.smt2
  vanilla-yices2: 0.0055s PASS
  esat-2007: 0.0049s PASS
[621/916] /Users/e35480/git/kn-yices2-2/tests/regress/keymaera/keymaera_2012314_water_tank-node23091.smt2
  esat-2007: 0.0050s PASS
  vanilla-yices2: 0.0056s PASS
[622/916] /Users/e35480/git/kn-yices2-2/tests/regress/keymaera/keymaera_2012315_water_tank-node25619.smt2
  vanilla-yices2: 0.0049s PASS
  esat-2007: 0.0051s PASS
[623/916] /Users/e35480/git/kn-yices2-2/tests/regress/keymaera/keymaera_2012316_water_tank-node11781.smt2
  esat-2007: 0.0057s PASS
  vanilla-yices2: 0.0047s PASS
[624/916] /Users/e35480/git/kn-yices2-2/tests/regress/keymaera/keymaera_2012317_water_tank-node27654.smt2
  vanilla-yices2: 0.0049s PASS
  esat-2007: 0.0056s PASS
[625/916] /Users/e35480/git/kn-yices2-2/tests/regress/keymaera/keymaera_2012318_water_tank-node18188.smt2
  esat-2007: 0.0047s PASS
  vanilla-yices2: 0.0049s PASS
[626/916] /Users/e35480/git/kn-yices2-2/tests/regress/keymaera/keymaera_2012319_water_tank-node14878.smt2
  vanilla-yices2: 0.0059s PASS
  esat-2007: 0.0046s PASS
[627/916] /Users/e35480/git/kn-yices2-2/tests/regress/keymaera/keymaera_2012320_water_tank-node31056.smt2
  esat-2007: 0.0052s PASS
  vanilla-yices2: 0.0054s PASS
[628/916] /Users/e35480/git/kn-yices2-2/tests/regress/keymaera/keymaera_2012321_water_tank-node12556.smt2
  vanilla-yices2: 0.0049s PASS
  esat-2007: 0.0048s PASS
[629/916] /Users/e35480/git/kn-yices2-2/tests/regress/keymaera/keymaera_2012322_water_tank-node27653.smt2
  esat-2007: 0.0058s PASS
  vanilla-yices2: 0.0050s PASS
[630/916] /Users/e35480/git/kn-yices2-2/tests/regress/keymaera/keymaera_2012323_water_tank-node18157.smt2
  vanilla-yices2: 0.0048s PASS
  esat-2007: 0.0052s PASS
[631/916] /Users/e35480/git/kn-yices2-2/tests/regress/keymaera/keymaera_2012324_water_tank-node13855.smt2
  esat-2007: 0.0054s PASS
  vanilla-yices2: 0.0048s PASS
[632/916] /Users/e35480/git/kn-yices2-2/tests/regress/keymaera/keymaera_2012325_water_tank-node13885.smt2
  vanilla-yices2: 0.0051s PASS
  esat-2007: 0.0056s PASS
[633/916] /Users/e35480/git/kn-yices2-2/tests/regress/keymaera/keymaera_2012326_water_tank-node10155.smt2
  esat-2007: 0.0048s PASS
  vanilla-yices2: 0.0051s PASS
[634/916] /Users/e35480/git/kn-yices2-2/tests/regress/keymaera/keymaera_894071_intersection-example-simple.proof-node85544.smt2
  vanilla-yices2: 0.0056s PASS
  esat-2007: 0.0047s PASS
[635/916] /Users/e35480/git/kn-yices2-2/tests/regress/keymaera/keymaera_894072_intersection-example-simple.proof-node22267.smt2
  esat-2007: 0.0048s PASS
  vanilla-yices2: 0.0057s PASS
[636/916] /Users/e35480/git/kn-yices2-2/tests/regress/keymaera/keymaera_894073_intersection-example-simple.proof-node432116.smt2
  vanilla-yices2: 0.0048s PASS
  esat-2007: 0.0048s PASS
[637/916] /Users/e35480/git/kn-yices2-2/tests/regress/keymaera/keymaera_894074_intersection-example-simple.proof-node22058.smt2
  esat-2007: 0.0058s PASS
  vanilla-yices2: 0.0047s PASS
[638/916] /Users/e35480/git/kn-yices2-2/tests/regress/keymaera/keymaera_894075_intersection-example-simple.proof-node453137.smt2
  vanilla-yices2: 0.0048s PASS
  esat-2007: 0.0057s PASS
[639/916] /Users/e35480/git/kn-yices2-2/tests/regress/keymaera/keymaera_894076_intersection-example-simple.proof-node71792.smt2
  esat-2007: 0.0048s PASS
  vanilla-yices2: 0.0048s PASS
[640/916] /Users/e35480/git/kn-yices2-2/tests/regress/keymaera/keymaera_894078_intersection-example-simple.proof-node47049.smt2
  vanilla-yices2: 0.0056s PASS
  esat-2007: 0.0052s PASS
[641/916] /Users/e35480/git/kn-yices2-2/tests/regress/keymaera/keymaera_894079_intersection-example-simple.proof-node462796.smt2
  esat-2007: 0.0047s PASS
  vanilla-yices2: 0.0049s PASS
[642/916] /Users/e35480/git/kn-yices2-2/tests/regress/keymaera/keymaera_894081_intersection-example-simple.proof-node406896.smt2
  vanilla-yices2: 0.0056s PASS
  esat-2007: 0.0049s PASS
[643/916] /Users/e35480/git/kn-yices2-2/tests/regress/keymaera/keymaera_894085_intersection-example-simple.proof-node75451.smt2
  esat-2007: 0.0052s PASS
  vanilla-yices2: 0.0055s PASS
[644/916] /Users/e35480/git/kn-yices2-2/tests/regress/keymaera/keymaera_894086_intersection-example-simple.proof-node393141.smt2
  vanilla-yices2: 0.0048s PASS
  esat-2007: 0.0051s PASS
[645/916] /Users/e35480/git/kn-yices2-2/tests/regress/keymaera/keymaera_894088_intersection-example-simple.proof-node688433.smt2
  esat-2007: 0.0054s PASS
  vanilla-yices2: 0.0046s PASS
[646/916] /Users/e35480/git/kn-yices2-2/tests/regress/keymaera/keymaera_894090_intersection-example-simple.proof-node432437.smt2
  vanilla-yices2: 0.0047s PASS
  esat-2007: 0.0059s PASS
[647/916] /Users/e35480/git/kn-yices2-2/tests/regress/keymaera/keymaera_894091_intersection-example-simple.proof-node403405.smt2
  esat-2007: 0.0048s PASS
  vanilla-yices2: 0.0050s PASS
[648/916] /Users/e35480/git/kn-yices2-2/tests/regress/keymaera/keymaera_894092_intersection-example-simple.proof-node679290.smt2
  vanilla-yices2: 0.0056s PASS
  esat-2007: 0.0048s PASS
[649/916] /Users/e35480/git/kn-yices2-2/tests/regress/keymaera/keymaera_894093_intersection-example-simple.proof-node13023.smt2
  esat-2007: 0.0049s PASS
  vanilla-yices2: 0.0056s PASS
[650/916] /Users/e35480/git/kn-yices2-2/tests/regress/keymaera/keymaera_894094_intersection-example-simple.proof-node59054.smt2
  vanilla-yices2: 0.0051s PASS
  esat-2007: 0.0046s PASS
[651/916] /Users/e35480/git/kn-yices2-2/tests/regress/keymaera/keymaera_894095_intersection-example-simple.proof-node396678.smt2
  esat-2007: 0.0048s PASS
  vanilla-yices2: 0.0053s PASS
[652/916] /Users/e35480/git/kn-yices2-2/tests/regress/keymaera/keymaera_894096_intersection-example-simple.proof-node679466.smt2
  vanilla-yices2: 0.0048s PASS
  esat-2007: 0.0049s PASS
[653/916] /Users/e35480/git/kn-yices2-2/tests/regress/keymaera/keymaera_894097_intersection-example-simple.proof-node398905.smt2
  esat-2007: 0.0058s PASS
  vanilla-yices2: 0.0046s PASS
[654/916] /Users/e35480/git/kn-yices2-2/tests/regress/keymaera/keymaera_894098_intersection-example-simple.proof-node43741.smt2
  vanilla-yices2: 0.0052s PASS
  esat-2007: 0.0059s PASS
[655/916] /Users/e35480/git/kn-yices2-2/tests/regress/keymaera/keymaera_894099_intersection-example-simple.proof-node463847.smt2
  esat-2007: 0.0047s PASS
  vanilla-yices2: 0.0049s PASS
[656/916] /Users/e35480/git/kn-yices2-2/tests/regress/keymaera/keymaera_894100_intersection-example-simple.proof-node422254.smt2
  vanilla-yices2: 0.0057s PASS
  esat-2007: 0.0048s PASS
[657/916] /Users/e35480/git/kn-yices2-2/tests/regress/keymaera/keymaera_894103_intersection-example-simple.proof-node86313.smt2
  esat-2007: 0.0048s PASS
  vanilla-yices2: 0.0057s PASS
[658/916] /Users/e35480/git/kn-yices2-2/tests/regress/keymaera/keymaera_894104_intersection-example-simple.proof-node12702.smt2
  vanilla-yices2: 0.0048s PASS
  esat-2007: 0.0048s PASS
[659/916] /Users/e35480/git/kn-yices2-2/tests/regress/keymaera/keymaera_894106_intersection-example-simple.proof-node679744.smt2
  esat-2007: 0.0055s PASS
  vanilla-yices2: 0.0051s PASS
[660/916] /Users/e35480/git/kn-yices2-2/tests/regress/keymaera/keymaera_894107_intersection-example-simple.proof-node427730.smt2
  vanilla-yices2: 0.0048s PASS
  esat-2007: 0.0051s PASS
[661/916] /Users/e35480/git/kn-yices2-2/tests/regress/keymaera/keymaera_894109_intersection-example-simple.proof-node431299.smt2
  esat-2007: 0.0053s PASS
  vanilla-yices2: 0.0047s PASS
[662/916] /Users/e35480/git/kn-yices2-2/tests/regress/keymaera/keymaera_894111_intersection-example-simple.proof-node44607.smt2
  vanilla-yices2: 0.0052s PASS
  esat-2007: 0.0055s PASS
[663/916] /Users/e35480/git/kn-yices2-2/tests/regress/keymaera/keymaera_894113_intersection-example-simple.proof-node70716.smt2
  esat-2007: 0.0049s PASS
  vanilla-yices2: 0.0051s PASS
[664/916] /Users/e35480/git/kn-yices2-2/tests/regress/keymaera/keymaera_894114_intersection-example-simple.proof-node98721.smt2
  vanilla-yices2: 0.0058s PASS
  esat-2007: 0.0047s PASS
[665/916] /Users/e35480/git/kn-yices2-2/tests/regress/keymaera/keymaera_894115_intersection-example-simple.proof-node16357.smt2
  esat-2007: 0.0048s PASS
  vanilla-yices2: 0.0057s PASS
[666/916] /Users/e35480/git/kn-yices2-2/tests/regress/keymaera/keymaera_894116_intersection-example-simple.proof-node427939.smt2
  vanilla-yices2: 0.0047s PASS
  esat-2007: 0.0047s PASS
[667/916] /Users/e35480/git/kn-yices2-2/tests/regress/keymaera/keymaera_894117_intersection-example-simple.proof-node733141.smt2
  esat-2007: 0.0055s PASS
  vanilla-yices2: 0.0048s PASS
[668/916] /Users/e35480/git/kn-yices2-2/tests/regress/keymaera/keymaera_894118_intersection-example-simple.proof-node12911.smt2
  vanilla-yices2: 0.0048s PASS
  esat-2007: 0.0057s PASS
[669/916] /Users/e35480/git/kn-yices2-2/tests/regress/keymaera/keymaera_894119_intersection-example-simple.proof-node680612.smt2
  esat-2007: 0.0049s PASS
  vanilla-yices2: 0.0047s PASS
[670/916] /Users/e35480/git/kn-yices2-2/tests/regress/keymaera/keymaera_894120_intersection-example-simple.proof-node53134.smt2
  vanilla-yices2: 0.0049s PASS
  esat-2007: 0.0057s PASS
[671/916] /Users/e35480/git/kn-yices2-2/tests/regress/keymaera/keymaera_894121_intersection-example-simple.proof-node15586.smt2
  esat-2007: 0.0048s PASS
  vanilla-yices2: 0.0052s PASS
[672/916] /Users/e35480/git/kn-yices2-2/tests/regress/keymaera/keymaera_894123_intersection-example-simple.proof-node684597.smt2
  vanilla-yices2: 0.0056s PASS
  esat-2007: 0.0048s PASS
[673/916] /Users/e35480/git/kn-yices2-2/tests/regress/keymaera/keymaera_894124_intersection-example-simple.proof-node459874.smt2
  esat-2007: 0.0050s PASS
  vanilla-yices2: 0.0055s PASS
[674/916] /Users/e35480/git/kn-yices2-2/tests/regress/keymaera/keymaera_894126_intersection-example-simple.proof-node450267.smt2
  vanilla-yices2: 0.0047s PASS
  esat-2007: 0.0049s PASS
[675/916] /Users/e35480/git/kn-yices2-2/tests/regress/keymaera/keymaera_894128_intersection-example-simple.proof-node680933.smt2
  esat-2007: 0.0073s PASS
  vanilla-yices2: 0.0058s PASS
[676/916] /Users/e35480/git/kn-yices2-2/tests/regress/keymaera/keymaera_894130_intersection-example-simple.proof-node688613.smt2
  vanilla-yices2: 0.0050s PASS
  esat-2007: 0.0056s PASS
[677/916] /Users/e35480/git/kn-yices2-2/tests/regress/keymaera/keymaera_894131_intersection-example-simple.proof-node431090.smt2
  esat-2007: 0.0065s PASS
  vanilla-yices2: 0.0065s PASS
[678/916] /Users/e35480/git/kn-yices2-2/tests/regress/keymaera/keymaera_894132_intersection-example-simple.proof-node46397.smt2
  vanilla-yices2: 0.0055s PASS
  esat-2007: 0.0050s PASS
[679/916] /Users/e35480/git/kn-yices2-2/tests/regress/keymaera/keymaera_894133_intersection-example-simple.proof-node99528.smt2
  esat-2007: 0.0061s PASS
  vanilla-yices2: 0.0053s PASS
[680/916] /Users/e35480/git/kn-yices2-2/tests/regress/keymaera/keymaera_894134_intersection-example-simple.proof-node405951.smt2
  vanilla-yices2: 0.0056s PASS
  esat-2007: 0.0071s PASS
[681/916] /Users/e35480/git/kn-yices2-2/tests/regress/keymaera/keymaera_894135_intersection-example-simple.proof-node403143.smt2
  esat-2007: 0.0053s PASS
  vanilla-yices2: 0.0063s PASS
[682/916] /Users/e35480/git/kn-yices2-2/tests/regress/keymaera/keymaera_894137_intersection-example-simple.proof-node404096.smt2
  vanilla-yices2: 0.0058s PASS
  esat-2007: 0.0053s PASS
[683/916] /Users/e35480/git/kn-yices2-2/tests/regress/keymaera/keymaera_894139_intersection-example-simple.proof-node57616.smt2
  esat-2007: 0.0061s PASS
  vanilla-yices2: 0.0061s PASS
[684/916] /Users/e35480/git/kn-yices2-2/tests/regress/keymaera/keymaera_894141_intersection-example-simple.proof-node6298.smt2
  vanilla-yices2: 0.0053s PASS
  esat-2007: 0.0068s PASS
[685/916] /Users/e35480/git/kn-yices2-2/tests/regress/keymaera/keymaera_894142_intersection-example-simple.proof-node412027.smt2
  esat-2007: 0.0055s PASS
  vanilla-yices2: 0.0056s PASS
[686/916] /Users/e35480/git/kn-yices2-2/tests/regress/keymaera/keymaera_894143_intersection-example-simple.proof-node98609.smt2
  vanilla-yices2: 0.0064s PASS
  esat-2007: 0.0050s PASS
[687/916] /Users/e35480/git/kn-yices2-2/tests/regress/keymaera/keymaera_894144_intersection-example-simple.proof-node683187.smt2
  esat-2007: 0.0045s PASS
  vanilla-yices2: 0.0055s PASS
[688/916] /Users/e35480/git/kn-yices2-2/tests/regress/keymaera/keymaera_894147_intersection-example-simple.proof-node26275.smt2
  vanilla-yices2: 0.0059s PASS
  esat-2007: 0.0046s PASS
[689/916] /Users/e35480/git/kn-yices2-2/tests/regress/keymaera/keymaera_894148_intersection-example-simple.proof-node451347.smt2
  esat-2007: 0.0063s PASS
  vanilla-yices2: 0.0068s PASS
[690/916] /Users/e35480/git/kn-yices2-2/tests/regress/keymaera/keymaera_894149_intersection-example-simple.proof-node2545.smt2
  vanilla-yices2: 0.0087s PASS
  esat-2007: 0.0061s PASS
[691/916] /Users/e35480/git/kn-yices2-2/tests/regress/keymaera/keymaera_894150_intersection-example-simple.proof-node85758.smt2
  esat-2007: 0.0060s PASS
  vanilla-yices2: 0.0064s PASS
[692/916] /Users/e35480/git/kn-yices2-2/tests/regress/keymaera/keymaera_894152_intersection-example-simple.proof-node22930.smt2
  vanilla-yices2: 0.0052s PASS
  esat-2007: 0.0055s PASS
[693/916] /Users/e35480/git/kn-yices2-2/tests/regress/keymaera/keymaera_894154_intersection-example-simple.proof-node81001.smt2
  esat-2007: 0.0053s PASS
  vanilla-yices2: 0.0045s PASS
[694/916] /Users/e35480/git/kn-yices2-2/tests/regress/keymaera/keymaera_894155_intersection-example-simple.proof-node409710.smt2
  vanilla-yices2: 0.0046s PASS
  esat-2007: 0.0058s PASS
[695/916] /Users/e35480/git/kn-yices2-2/tests/regress/keymaera/keymaera_894156_intersection-example-simple.proof-node461247.smt2
  esat-2007: 0.0052s PASS
  vanilla-yices2: 0.0049s PASS
[696/916] /Users/e35480/git/kn-yices2-2/tests/regress/keymaera/keymaera_894157_intersection-example-simple.proof-node681835.smt2
  vanilla-yices2: 0.0059s PASS
  esat-2007: 0.0051s PASS
[697/916] /Users/e35480/git/kn-yices2-2/tests/regress/keymaera/keymaera_894159_intersection-example-simple.proof-node84760.smt2
  esat-2007: 0.0046s PASS
  vanilla-yices2: 0.0053s PASS
[698/916] /Users/e35480/git/kn-yices2-2/tests/regress/keymaera/keymaera_894160_intersection-example-simple.proof-node680821.smt2
  vanilla-yices2: 0.0054s PASS
  esat-2007: 0.0050s PASS
[699/916] /Users/e35480/git/kn-yices2-2/tests/regress/keymaera/keymaera_894161_intersection-example-simple.proof-node54186.smt2
  esat-2007: 0.0061s PASS
  vanilla-yices2: 0.0047s PASS
[700/916] /Users/e35480/git/kn-yices2-2/tests/regress/keymaera/keymaera_894163_intersection-example-simple.proof-node404555.smt2
  vanilla-yices2: 0.0055s PASS
  esat-2007: 0.0061s PASS
[701/916] /Users/e35480/git/kn-yices2-2/tests/regress/keymaera/keymaera_894167_intersection-example-simple.proof-node419176.smt2
  esat-2007: 0.0053s PASS
  vanilla-yices2: 0.0051s PASS
[702/916] /Users/e35480/git/kn-yices2-2/tests/regress/keymaera/keymaera_894168_intersection-example-simple.proof-node451133.smt2
  vanilla-yices2: 0.0063s PASS
  esat-2007: 0.0053s PASS
[703/916] /Users/e35480/git/kn-yices2-2/tests/regress/keymaera/keymaera_894169_intersection-example-simple.proof-node80003.smt2
  esat-2007: 0.0058s PASS
  vanilla-yices2: 0.0069s PASS
[704/916] /Users/e35480/git/kn-yices2-2/tests/regress/keymaera/keymaera_894171_intersection-example-simple.proof-node465124.smt2
  vanilla-yices2: 0.0068s PASS
  esat-2007: 0.0072s PASS
[705/916] /Users/e35480/git/kn-yices2-2/tests/regress/keymaera/keymaera_894175_intersection-example-simple.proof-node454003.smt2
  esat-2007: 0.0063s PASS
  vanilla-yices2: 0.0077s PASS
[706/916] /Users/e35480/git/kn-yices2-2/tests/regress/keymaera/keymaera_894176_intersection-example-simple.proof-node6512.smt2
  vanilla-yices2: 0.0134s PASS
  esat-2007: 0.0091s PASS
[707/916] /Users/e35480/git/kn-yices2-2/tests/regress/keymaera/keymaera_894180_intersection-example-simple.proof-node462599.smt2
  esat-2007: 0.0098s PASS
  vanilla-yices2: 0.0080s PASS
[708/916] /Users/e35480/git/kn-yices2-2/tests/regress/keymaera/keymaera_894181_intersection-example-simple.proof-node80217.smt2
  vanilla-yices2: 0.0086s PASS
  esat-2007: 0.0087s PASS
[709/916] /Users/e35480/git/kn-yices2-2/tests/regress/keymaera/keymaera_894182_intersection-example-simple.proof-node679020.smt2
  esat-2007: 0.0079s PASS
  vanilla-yices2: 0.0058s PASS
[710/916] /Users/e35480/git/kn-yices2-2/tests/regress/keymaera/keymaera_894183_intersection-example-simple.proof-node44393.smt2
  vanilla-yices2: 0.0061s PASS
  esat-2007: 0.0067s PASS
[711/916] /Users/e35480/git/kn-yices2-2/tests/regress/keymaera/keymaera_894184_intersection-example-simple.proof-node683401.smt2
  esat-2007: 0.0060s PASS
  vanilla-yices2: 0.0066s PASS
[712/916] /Users/e35480/git/kn-yices2-2/tests/regress/keymaera/keymaera_894185_intersection-example-simple.proof-node24909.smt2
  vanilla-yices2: 0.0054s PASS
  esat-2007: 0.0051s PASS
[713/916] /Users/e35480/git/kn-yices2-2/tests/regress/keymaera/keymaera_894187_intersection-example-simple.proof-node408839.smt2
  esat-2007: 0.0065s PASS
  vanilla-yices2: 0.0053s PASS
[714/916] /Users/e35480/git/kn-yices2-2/tests/regress/keymaera/keymaera_894188_intersection-example-simple.proof-node75660.smt2
  vanilla-yices2: 0.0048s PASS
  esat-2007: 0.0060s PASS
[715/916] /Users/e35480/git/kn-yices2-2/tests/regress/keymaera/keymaera_894190_intersection-example-simple.proof-node396021.smt2
  esat-2007: 0.0060s PASS
  vanilla-yices2: 0.0047s PASS
[716/916] /Users/e35480/git/kn-yices2-2/tests/regress/keymaera/keymaera_894192_intersection-example-simple.proof-node25118.smt2
  vanilla-yices2: 0.0084s PASS
  esat-2007: 0.0068s PASS
[717/916] /Users/e35480/git/kn-yices2-2/tests/regress/keymaera/keymaera_894196_intersection-example-simple.proof-node460926.smt2
  esat-2007: 0.0076s PASS
  vanilla-yices2: 0.0065s PASS
[718/916] /Users/e35480/git/kn-yices2-2/tests/regress/keymaera/keymaera_894197_intersection-example-simple.proof-node25230.smt2
  vanilla-yices2: 0.0071s PASS
  esat-2007: 0.0073s PASS
[719/916] /Users/e35480/git/kn-yices2-2/tests/regress/keymaera/keymaera_894198_intersection-example-simple.proof-node407008.smt2
  esat-2007: 0.0072s PASS
  vanilla-yices2: 0.0070s PASS
[720/916] /Users/e35480/git/kn-yices2-2/tests/regress/keymaera/keymaera_894199_intersection-example-simple.proof-node396892.smt2
  vanilla-yices2: 0.0066s PASS
  esat-2007: 0.0071s PASS
[721/916] /Users/e35480/git/kn-yices2-2/tests/regress/keymaera/keymaera_894200_intersection-example-simple.proof-node404749.smt2
  esat-2007: 0.0069s PASS
  vanilla-yices2: 0.0085s PASS
[722/916] /Users/e35480/git/kn-yices2-2/tests/regress/keymaera/keymaera_894201_intersection-example-simple.proof-node461135.smt2
  vanilla-yices2: 0.0073s PASS
  esat-2007: 0.0100s PASS
[723/916] /Users/e35480/git/kn-yices2-2/tests/regress/keymaera/keymaera_894203_intersection-example-simple.proof-node464724.smt2
  esat-2007: 0.0098s PASS
  vanilla-yices2: 0.0107s PASS
[724/916] /Users/e35480/git/kn-yices2-2/tests/regress/keymaera/keymaera_894204_intersection-example-simple.proof-node3202.smt2
  vanilla-yices2: 0.0079s PASS
  esat-2007: 0.0059s PASS
[725/916] /Users/e35480/git/kn-yices2-2/tests/regress/keymaera/keymaera_894206_intersection-example-simple.proof-node62694.smt2
  esat-2007: 0.0055s PASS
  vanilla-yices2: 0.0065s PASS
[726/916] /Users/e35480/git/kn-yices2-2/tests/regress/keymaera/keymaera_894207_intersection-example-simple.proof-node422040.smt2
  vanilla-yices2: 0.0052s PASS
  esat-2007: 0.0048s PASS
[727/916] /Users/e35480/git/kn-yices2-2/tests/regress/keymaera/keymaera_894208_intersection-example-simple.proof-node81556.smt2
  esat-2007: 0.0062s PASS
  vanilla-yices2: 0.0053s PASS
[728/916] /Users/e35480/git/kn-yices2-2/tests/regress/keymaera/keymaera_894212_intersection-example-simple.proof-node93874.smt2
  vanilla-yices2: 0.0055s PASS
  esat-2007: 0.0062s PASS
[729/916] /Users/e35480/git/kn-yices2-2/tests/regress/keymaera/keymaera_894216_intersection-example-simple.proof-node93665.smt2
  esat-2007: 0.0049s PASS
  vanilla-yices2: 0.0054s PASS
[730/916] /Users/e35480/git/kn-yices2-2/tests/regress/keymaera/keymaera_894217_intersection-example-simple.proof-node70925.smt2
  vanilla-yices2: 0.0063s PASS
  esat-2007: 0.0048s PASS
[731/916] /Users/e35480/git/kn-yices2-2/tests/regress/keymaera/keymaera_894218_intersection-example-simple.proof-node43527.smt2
  esat-2007: 0.0055s PASS
  vanilla-yices2: 0.0066s PASS
[732/916] /Users/e35480/git/kn-yices2-2/tests/regress/keymaera/keymaera_894221_intersection-example-simple.proof-node419390.smt2
  vanilla-yices2: 0.0052s PASS
  esat-2007: 0.0052s PASS
[733/916] /Users/e35480/git/kn-yices2-2/tests/regress/keymaera/keymaera_894222_intersection-example-simple.proof-node409496.smt2
  esat-2007: 0.0060s PASS
  vanilla-yices2: 0.0049s PASS
[734/916] /Users/e35480/git/kn-yices2-2/tests/regress/keymaera/keymaera_894223_intersection-example-simple.proof-node15800.smt2
  vanilla-yices2: 0.0055s PASS
  esat-2007: 0.0069s PASS
[735/916] /Users/e35480/git/kn-yices2-2/tests/regress/keymaera/keymaera_894224_intersection-example-simple.proof-node58499.smt2
  esat-2007: 0.0063s PASS
  vanilla-yices2: 0.0068s PASS
[736/916] /Users/e35480/git/kn-yices2-2/tests/regress/keymaera/keymaera_894225_intersection-example-simple.proof-node683817.smt2
  vanilla-yices2: 0.0045s PASS
  esat-2007: 0.0051s PASS
[737/916] /Users/e35480/git/kn-yices2-2/tests/regress/keymaera/keymaera_894226_intersection-example-simple.proof-node94741.smt2
  esat-2007: 0.0059s PASS
  vanilla-yices2: 0.0079s PASS
[738/916] /Users/e35480/git/kn-yices2-2/tests/regress/keymaera/keymaera_894227_intersection-example-simple.proof-node453789.smt2
  vanilla-yices2: 0.0057s PASS
  esat-2007: 0.0058s PASS
[739/916] /Users/e35480/git/kn-yices2-2/tests/regress/keymaera/keymaera_894229_intersection-example-simple.proof-node432325.smt2
  esat-2007: 0.0056s PASS
  vanilla-yices2: 0.0065s PASS
[740/916] /Users/e35480/git/kn-yices2-2/tests/regress/keymaera/keymaera_894230_intersection-example-simple.proof-node5741.smt2
  vanilla-yices2: 0.0055s PASS
  esat-2007: 0.0049s PASS
[741/916] /Users/e35480/git/kn-yices2-2/tests/regress/keymaera/keymaera_894231_intersection-example-simple.proof-node76467.smt2
  esat-2007: 0.0059s PASS
  vanilla-yices2: 0.0051s PASS
[742/916] /Users/e35480/git/kn-yices2-2/tests/regress/keymaera/keymaera_894232_intersection-example-simple.proof-node11938.smt2
  vanilla-yices2: 0.0048s PASS
  esat-2007: 0.0056s PASS
[743/916] /Users/e35480/git/kn-yices2-2/tests/regress/keymaera/keymaera_894233_intersection-example-simple.proof-node63249.smt2
  esat-2007: 0.0052s PASS
  vanilla-yices2: 0.0048s PASS
[744/916] /Users/e35480/git/kn-yices2-2/tests/regress/keymaera/keymaera_894234_intersection-example-simple.proof-node81770.smt2
  vanilla-yices2: 0.0064s PASS
  esat-2007: 0.0054s PASS
[745/916] /Users/e35480/git/kn-yices2-2/tests/regress/keymaera/keymaera_894237_intersection-example-simple.proof-node681626.smt2
  esat-2007: 0.0049s PASS
  vanilla-yices2: 0.0055s PASS
[746/916] /Users/e35480/git/kn-yices2-2/tests/regress/keymaera/keymaera_894238_intersection-example-simple.proof-node53427.smt2
  vanilla-yices2: 0.0050s PASS
  esat-2007: 0.0048s PASS
[747/916] /Users/e35480/git/kn-yices2-2/tests/regress/keymaera/keymaera_894239_intersection-example-simple.proof-node406687.smt2
  esat-2007: 0.0052s PASS
  vanilla-yices2: 0.0056s PASS
[748/916] /Users/e35480/git/kn-yices2-2/tests/regress/keymaera/keymaera_894240_intersection-example-simple.proof-node47263.smt2
  vanilla-yices2: 0.0046s PASS
  esat-2007: 0.0052s PASS
[749/916] /Users/e35480/git/kn-yices2-2/tests/regress/keymaera/keymaera_894242_intersection-example-simple.proof-node412241.smt2
  esat-2007: 0.0055s PASS
  vanilla-yices2: 0.0046s PASS
[750/916] /Users/e35480/git/kn-yices2-2/tests/regress/keymaera/keymaera_894243_intersection-example-simple.proof-node679178.smt2
  vanilla-yices2: 0.0047s PASS
  esat-2007: 0.0061s PASS
[751/916] /Users/e35480/git/kn-yices2-2/tests/regress/keymaera/keymaera_894244_intersection-example-simple.proof-node464836.smt2
  esat-2007: 0.0048s PASS
  vanilla-yices2: 0.0048s PASS
[752/916] /Users/e35480/git/kn-yices2-2/tests/regress/keymaera/keymaera_894245_intersection-example-simple.proof-node403899.smt2
  vanilla-yices2: 0.0058s PASS
  esat-2007: 0.0049s PASS
[753/916] /Users/e35480/git/kn-yices2-2/tests/regress/keymaera/keymaera_894247_intersection-example-simple.proof-node431411.smt2
  esat-2007: 0.0050s PASS
  vanilla-yices2: 0.0055s PASS
[754/916] /Users/e35480/git/kn-yices2-2/tests/regress/keymaera/keymaera_894252_intersection-example-simple.proof-node98400.smt2
  vanilla-yices2: 0.0049s PASS
  esat-2007: 0.0049s PASS
[755/916] /Users/e35480/git/kn-yices2-2/tests/regress/keymaera/keymaera_894253_intersection-example-simple.proof-node2331.smt2
  esat-2007: 0.0058s PASS
  vanilla-yices2: 0.0049s PASS
[756/916] /Users/e35480/git/kn-yices2-2/tests/regress/keymaera/keymaera_894256_intersection-example-simple.proof-node464056.smt2
  vanilla-yices2: 0.0047s PASS
  esat-2007: 0.0054s PASS
[757/916] /Users/e35480/git/kn-yices2-2/tests/regress/keymaera/keymaera_894257_intersection-example-simple.proof-node394346.smt2
  esat-2007: 0.0052s PASS
  vanilla-yices2: 0.0049s PASS
[758/916] /Users/e35480/git/kn-yices2-2/tests/regress/keymaera/keymaera_894258_intersection-example-simple.proof-node464515.smt2
  vanilla-yices2: 0.0053s PASS
  esat-2007: 0.0058s PASS
[759/916] /Users/e35480/git/kn-yices2-2/tests/regress/keymaera/keymaera_894259_intersection-example-simple.proof-node54507.smt2
  esat-2007: 0.0050s PASS
  vanilla-yices2: 0.0053s PASS
[760/916] /Users/e35480/git/kn-yices2-2/tests/regress/keymaera/keymaera_894260_intersection-example-simple.proof-node25994.smt2
  vanilla-yices2: 0.0053s PASS
  esat-2007: 0.0047s PASS
[761/916] /Users/e35480/git/kn-yices2-2/tests/regress/keymaera/keymaera_894261_intersection-example-simple.proof-node11645.smt2
  esat-2007: 0.0051s PASS
  vanilla-yices2: 0.0055s PASS
[762/916] /Users/e35480/git/kn-yices2-2/tests/regress/keymaera/keymaera_894262_intersection-example-simple.proof-node94532.smt2
  vanilla-yices2: 0.0050s PASS
  esat-2007: 0.0050s PASS
[763/916] /Users/e35480/git/kn-yices2-2/tests/regress/keymaera/keymaera_894263_intersection-example-simple.proof-node5527.smt2
  esat-2007: 0.0057s PASS
  vanilla-yices2: 0.0047s PASS
[764/916] /Users/e35480/git/kn-yices2-2/tests/regress/keymaera/keymaera_894264_intersection-example-simple.proof-node54395.smt2
  vanilla-yices2: 0.0049s PASS
  esat-2007: 0.0058s PASS
[765/916] /Users/e35480/git/kn-yices2-2/tests/regress/keymaera/keymaera_894265_intersection-example-simple.proof-node80787.smt2
  esat-2007: 0.0049s PASS
  vanilla-yices2: 0.0048s PASS
[766/916] /Users/e35480/git/kn-yices2-2/tests/regress/keymaera/keymaera_894268_intersection-example-simple.proof-node58285.smt2
  vanilla-yices2: 0.0061s PASS
  esat-2007: 0.0049s PASS
[767/916] /Users/e35480/git/kn-yices2-2/tests/regress/keymaera/keymaera_894269_intersection-example-simple.proof-node450481.smt2
  esat-2007: 0.0052s PASS
  vanilla-yices2: 0.0057s PASS
[768/916] /Users/e35480/git/kn-yices2-2/tests/regress/keymaera/keymaera_894270_intersection-example-simple.proof-node684031.smt2
  vanilla-yices2: 0.0047s PASS
  esat-2007: 0.0049s PASS
[769/916] /Users/e35480/git/kn-yices2-2/tests/regress/keymaera/keymaera_894272_intersection-example-simple.proof-node460167.smt2
  esat-2007: 0.0055s PASS
  vanilla-yices2: 0.0049s PASS
[770/916] /Users/e35480/git/kn-yices2-2/tests/regress/keymaera/keymaera_894274_intersection-example-simple.proof-node75772.smt2
  vanilla-yices2: 0.0048s PASS
  esat-2007: 0.0054s PASS
[771/916] /Users/e35480/git/kn-yices2-2/tests/regress/keymaera/keymaera_894275_intersection-example-simple.proof-node428602.smt2
  esat-2007: 0.0053s PASS
  vanilla-yices2: 0.0047s PASS
[772/916] /Users/e35480/git/kn-yices2-2/tests/regress/keymaera/keymaera_894277_intersection-example-simple.proof-node62480.smt2
  vanilla-yices2: 0.0052s PASS
  esat-2007: 0.0053s PASS
[773/916] /Users/e35480/git/kn-yices2-2/tests/regress/keymaera/keymaera_894282_intersection-example-simple.proof-node412898.smt2
  esat-2007: 0.0047s PASS
  vanilla-yices2: 0.0062s PASS
[774/916] /Users/e35480/git/kn-yices2-2/tests/regress/keymaera/keymaera_894283_intersection-example-simple.proof-node99416.smt2
  vanilla-yices2: 0.0057s PASS
  esat-2007: 0.0048s PASS
[775/916] /Users/e35480/git/kn-yices2-2/tests/regress/keymaera/keymaera_894284_intersection-example-simple.proof-node16571.smt2
  esat-2007: 0.0054s PASS
  vanilla-yices2: 0.0052s PASS
[776/916] /Users/e35480/git/kn-yices2-2/tests/regress/keymaera/keymaera_894287_intersection-example-simple.proof-node681947.smt2
  vanilla-yices2: 0.0048s PASS
  esat-2007: 0.0052s PASS
[777/916] /Users/e35480/git/kn-yices2-2/tests/regress/keymaera/keymaera_894288_intersection-example-simple.proof-node23139.smt2
  esat-2007: 0.0055s PASS
  vanilla-yices2: 0.0046s PASS
[778/916] /Users/e35480/git/kn-yices2-2/tests/regress/keymaera/keymaera_894290_intersection-example-simple.proof-node76579.smt2
  vanilla-yices2: 0.0050s PASS
  esat-2007: 0.0057s PASS
[779/916] /Users/e35480/git/kn-yices2-2/tests/regress/keymaera/keymaera_894291_intersection-example-simple.proof-node71583.smt2
  esat-2007: 0.0047s PASS
  vanilla-yices2: 0.0048s PASS
[780/916] /Users/e35480/git/kn-yices2-2/tests/regress/mantis/0001.smt2
  vanilla-yices2: 0.0063s PASS
  esat-2007: 0.0050s PASS
[781/916] /Users/e35480/git/kn-yices2-2/tests/regress/mantis/0002.smt2
  esat-2007: 0.0050s PASS
  vanilla-yices2: 0.0059s PASS
[782/916] /Users/e35480/git/kn-yices2-2/tests/regress/mantis/0003.smt2
  vanilla-yices2: 0.0055s PASS
  esat-2007: 0.0058s PASS
[783/916] /Users/e35480/git/kn-yices2-2/tests/regress/mantis/0004.smt2
  esat-2007: 0.0056s PASS
  vanilla-yices2: 0.0046s PASS
[784/916] /Users/e35480/git/kn-yices2-2/tests/regress/mantis/0005.a.smt2
  vanilla-yices2: 0.0051s PASS
  esat-2007: 0.0057s PASS
[785/916] /Users/e35480/git/kn-yices2-2/tests/regress/mantis/0005.b.smt2
  esat-2007: 0.0047s PASS
  vanilla-yices2: 0.0049s PASS
[786/916] /Users/e35480/git/kn-yices2-2/tests/regress/mantis/0005.c.smt2
  vanilla-yices2: 0.0060s PASS
  esat-2007: 0.0050s PASS
[787/916] /Users/e35480/git/kn-yices2-2/tests/regress/mantis/0005.d.smt2
  esat-2007: 0.0054s PASS
  vanilla-yices2: 0.0060s PASS
[788/916] /Users/e35480/git/kn-yices2-2/tests/regress/mantis/0006.smt2
  vanilla-yices2: 0.0076s PASS
  esat-2007: 0.0080s PASS
[789/916] /Users/e35480/git/kn-yices2-2/tests/regress/mantis/0007.smt2
  esat-2007: 0.0062s PASS
  vanilla-yices2: 0.0057s PASS
[790/916] /Users/e35480/git/kn-yices2-2/tests/regress/mantis/0008.smt2
  vanilla-yices2: 0.0058s PASS
  esat-2007: 0.0049s PASS
[791/916] /Users/e35480/git/kn-yices2-2/tests/regress/mantis/0009.smt2
  esat-2007: 0.0048s PASS
  vanilla-yices2: 0.0060s PASS
[792/916] /Users/e35480/git/kn-yices2-2/tests/regress/mantis/0012.smt2
  vanilla-yices2: 0.0077s PASS
  esat-2007: 0.0087s PASS
[793/916] /Users/e35480/git/kn-yices2-2/tests/regress/mantis/0013.a.smt2
  esat-2007: 0.0054s PASS
  vanilla-yices2: 0.0052s PASS
[794/916] /Users/e35480/git/kn-yices2-2/tests/regress/mantis/0013.b.smt2
  vanilla-yices2: 0.0070s PASS
  esat-2007: 0.0057s PASS
[795/916] /Users/e35480/git/kn-yices2-2/tests/regress/mantis/0014.smt2
  esat-2007: 0.2608s PASS
  vanilla-yices2: 0.2606s PASS
[796/916] /Users/e35480/git/kn-yices2-2/tests/regress/mantis/0015.smt2
  vanilla-yices2: 0.0347s PASS
  esat-2007: 0.0345s PASS
[797/916] /Users/e35480/git/kn-yices2-2/tests/regress/mantis/0018.a.smt2
  esat-2007: 0.0063s PASS
  vanilla-yices2: 0.0055s PASS
[798/916] /Users/e35480/git/kn-yices2-2/tests/regress/mantis/0018.b.smt2
  vanilla-yices2: 0.0056s PASS
  esat-2007: 0.0048s PASS
[799/916] /Users/e35480/git/kn-yices2-2/tests/regress/mantis/0019.smt2
  esat-2007: 0.0070s PASS
  vanilla-yices2: 0.0072s PASS
[800/916] /Users/e35480/git/kn-yices2-2/tests/regress/mantis/0020.smt2
  vanilla-yices2: 0.0056s PASS
  esat-2007: 0.0062s PASS
[801/916] /Users/e35480/git/kn-yices2-2/tests/regress/mantis/0022.smt2
  esat-2007: 0.0050s PASS
  vanilla-yices2: 0.0050s PASS
[802/916] /Users/e35480/git/kn-yices2-2/tests/regress/mantis/0023.smt2
  vanilla-yices2: 0.0069s PASS
  esat-2007: 0.0058s PASS
[803/916] /Users/e35480/git/kn-yices2-2/tests/regress/mantis/0025.smt2
  esat-2007: 0.0055s PASS
  vanilla-yices2: 0.0054s PASS
[804/916] /Users/e35480/git/kn-yices2-2/tests/regress/mantis/0028.smt2
  vanilla-yices2: 0.0047s PASS
  esat-2007: 0.0050s PASS
[805/916] /Users/e35480/git/kn-yices2-2/tests/regress/mantis/0029.smt2
  esat-2007: 0.0056s PASS
  vanilla-yices2: 0.0048s PASS
[806/916] /Users/e35480/git/kn-yices2-2/tests/regress/mantis/0029b.smt2
  vanilla-yices2: 0.0051s PASS
  esat-2007: 0.0056s PASS
[807/916] /Users/e35480/git/kn-yices2-2/tests/regress/mantis/0030.smt2
  esat-2007: 0.0490s PASS
  vanilla-yices2: 0.0498s PASS
[808/916] /Users/e35480/git/kn-yices2-2/tests/regress/mantis/0031.smt2
  vanilla-yices2: 0.0062s PASS
  esat-2007: 0.0055s PASS
[809/916] /Users/e35480/git/kn-yices2-2/tests/regress/mantis/0032.smt2
  esat-2007: 0.0162s PASS
  vanilla-yices2: 0.0156s PASS
[810/916] /Users/e35480/git/kn-yices2-2/tests/regress/mantis/0035.smt2
  vanilla-yices2: 0.0077s PASS
  esat-2007: 0.0061s PASS
[811/916] /Users/e35480/git/kn-yices2-2/tests/regress/mantis/0036.smt2
  esat-2007: 0.0058s PASS
  vanilla-yices2: 0.0049s PASS
[812/916] /Users/e35480/git/kn-yices2-2/tests/regress/mantis/0037.smt2
  vanilla-yices2: 0.0064s PASS
  esat-2007: 0.0082s PASS
[813/916] /Users/e35480/git/kn-yices2-2/tests/regress/set-timeout.smt2
  esat-2007: 0.0051s PASS
  vanilla-yices2: 0.0050s PASS
[814/916] /Users/e35480/git/kn-yices2-2/tests/regress/test_qfaufbvlia.smt2
  vanilla-yices2: 0.0056s PASS
  esat-2007: 0.0047s PASS
[815/916] /Users/e35480/git/kn-yices2-2/tests/regress/test_qfbvlra.smt2
  esat-2007: 0.0064s PASS
  vanilla-yices2: 0.0057s PASS
[816/916] /Users/e35480/git/kn-yices2-2/tests/regress/test_qfufbvlia.smt2
  vanilla-yices2: 0.0047s PASS
  esat-2007: 0.0049s PASS
[817/916] /Users/e35480/git/kn-yices2-2/tests/regress/tptp/tptp_830326_ARI376=1.smt2
  esat-2007: 0.0056s PASS
  vanilla-yices2: 0.0047s PASS
[818/916] /Users/e35480/git/kn-yices2-2/tests/regress/tptp/tptp_830327_ARI369=1.smt2
  vanilla-yices2: 0.0052s PASS
  esat-2007: 0.0056s PASS
[819/916] /Users/e35480/git/kn-yices2-2/tests/regress/tptp/tptp_830328_ARI355=1.smt2
  esat-2007: 0.0048s PASS
  vanilla-yices2: 0.0048s PASS
[820/916] /Users/e35480/git/kn-yices2-2/tests/regress/tptp/tptp_830329_NUM914=1.smt2
  vanilla-yices2: 0.0057s PASS
  esat-2007: 0.0047s PASS
[821/916] /Users/e35480/git/kn-yices2-2/tests/regress/tptp/tptp_830330_NUM907=1.smt2
  esat-2007: 0.0049s PASS
  vanilla-yices2: 0.0056s PASS
[822/916] /Users/e35480/git/kn-yices2-2/tests/regress/tptp/tptp_830331_ARI389=1.smt2
  vanilla-yices2: 0.0050s PASS
  esat-2007: 0.0048s PASS
[823/916] /Users/e35480/git/kn-yices2-2/tests/regress/tptp/tptp_830332_ARI383=1.smt2
  esat-2007: 0.0059s PASS
  vanilla-yices2: 0.0048s PASS
[824/916] /Users/e35480/git/kn-yices2-2/tests/regress/tptp/tptp_830333_ARI398=1.smt2
  vanilla-yices2: 0.0048s PASS
  esat-2007: 0.0053s PASS
[825/916] /Users/e35480/git/kn-yices2-2/tests/regress/tptp/tptp_830334_ARI349=1.smt2
  esat-2007: 0.0048s PASS
  vanilla-yices2: 0.0047s PASS
[826/916] /Users/e35480/git/kn-yices2-2/tests/regress/tptp/tptp_830335_ARI362=1.smt2
  vanilla-yices2: 0.0051s PASS
  esat-2007: 0.0053s PASS
[827/916] /Users/e35480/git/kn-yices2-2/tests/regress/tptp/tptp_830336_ARI356=1.smt2
  esat-2007: 0.0047s PASS
  vanilla-yices2: 0.0047s PASS
[828/916] /Users/e35480/git/kn-yices2-2/tests/regress/tptp/tptp_830337_NUM910=1.smt2
  vanilla-yices2: 0.0057s PASS
  esat-2007: 0.0046s PASS
[829/916] /Users/e35480/git/kn-yices2-2/tests/regress/tptp/tptp_830338_ARI400=1.smt2
  esat-2007: 0.0048s PASS
  vanilla-yices2: 0.0057s PASS
[830/916] /Users/e35480/git/kn-yices2-2/tests/regress/tptp/tptp_830339_ARI370=1.smt2
  vanilla-yices2: 0.0049s PASS
  esat-2007: 0.0048s PASS
[831/916] /Users/e35480/git/kn-yices2-2/tests/regress/tptp/tptp_830340_ARI371=1.smt2
  esat-2007: 0.0058s PASS
  vanilla-yices2: 0.0047s PASS
[832/916] /Users/e35480/git/kn-yices2-2/tests/regress/tptp/tptp_830341_ARI361=1.smt2
  vanilla-yices2: 0.0047s PASS
  esat-2007: 0.0056s PASS
[833/916] /Users/e35480/git/kn-yices2-2/tests/regress/tptp/tptp_830342_ARI357=1.smt2
  esat-2007: 0.0047s PASS
  vanilla-yices2: 0.0048s PASS
[834/916] /Users/e35480/git/kn-yices2-2/tests/regress/tptp/tptp_830343_ARI396=1.smt2
  vanilla-yices2: 0.0051s PASS
  esat-2007: 0.0053s PASS
[835/916] /Users/e35480/git/kn-yices2-2/tests/regress/tptp/tptp_830344_ARI348=1.smt2
  esat-2007: 0.0048s PASS
  vanilla-yices2: 0.0049s PASS
[836/916] /Users/e35480/git/kn-yices2-2/tests/regress/tptp/tptp_830345_ARI397=1.smt2
  vanilla-yices2: 0.0054s PASS
  esat-2007: 0.0047s PASS
[837/916] /Users/e35480/git/kn-yices2-2/tests/regress/tptp/tptp_830346_ARI388=1.smt2
  esat-2007: 0.0049s PASS
  vanilla-yices2: 0.0058s PASS
[838/916] /Users/e35480/git/kn-yices2-2/tests/regress/tptp/tptp_830347_NUM903=1.smt2
  vanilla-yices2: 0.0046s PASS
  esat-2007: 0.0047s PASS
[839/916] /Users/e35480/git/kn-yices2-2/tests/regress/tptp/tptp_830348_ARI375=1.smt2
  esat-2007: 0.0057s PASS
  vanilla-yices2: 0.0049s PASS
[840/916] /Users/e35480/git/kn-yices2-2/tests/regress/tptp/tptp_830349_ARI384=1.smt2
  vanilla-yices2: 0.0047s PASS
  esat-2007: 0.0056s PASS
[841/916] /Users/e35480/git/kn-yices2-2/tests/regress/tptp/tptp_830350_ARI382=1.smt2
  esat-2007: 0.0048s PASS
  vanilla-yices2: 0.0048s PASS
[842/916] /Users/e35480/git/kn-yices2-2/tests/regress/unsat1.smt2
  vanilla-yices2: 0.0055s PASS
  esat-2007: 0.0049s PASS
[843/916] /Users/e35480/git/kn-yices2-2/tests/regress/wd/39025_reduced.smt2
  esat-2007: 0.0057s PASS
  vanilla-yices2: 0.0062s PASS
[844/916] /Users/e35480/git/kn-yices2-2/tests/regress/wd/39025_reduced_more.smt2
  vanilla-yices2: 0.0051s PASS
  esat-2007: 0.0049s PASS
[845/916] /Users/e35480/git/kn-yices2-2/tests/regress/wd/c6b_i.smt2
  esat-2007: 0.0268s PASS
  vanilla-yices2: 0.0270s PASS
[846/916] /Users/e35480/git/kn-yices2-2/tests/regress/wd/c6b_succ_i.smt2
  vanilla-yices2: 0.0213s PASS
  esat-2007: 0.0209s PASS
[847/916] /Users/e35480/git/kn-yices2-2/tests/regress/wd/c6b_succ_i_unint.smt2
  esat-2007: 0.0442s PASS
  vanilla-yices2: 0.0440s PASS
[848/916] /Users/e35480/git/kn-yices2-2/tests/regress/wd/cliffordwolf2.smt2
  vanilla-yices2: 0.0158s PASS
  esat-2007: 0.0148s PASS
[849/916] /Users/e35480/git/kn-yices2-2/tests/regress/wd/example_mdl.smt2
  esat-2007: 0.0064s PASS
  vanilla-yices2: 0.0051s PASS
[850/916] /Users/e35480/git/kn-yices2-2/tests/regress/wd/example_mdl2.smt2
  vanilla-yices2: 0.0053s PASS
  esat-2007: 0.0060s PASS
[851/916] /Users/e35480/git/kn-yices2-2/tests/regress/wd/issue167.smt2
  esat-2007: 0.0053s PASS
  vanilla-yices2: 0.0056s PASS
[852/916] /Users/e35480/git/kn-yices2-2/tests/regress/wd/issue194.smt2
  vanilla-yices2: 0.0057s PASS
  esat-2007: 0.0048s PASS
[853/916] /Users/e35480/git/kn-yices2-2/tests/regress/wd/issue195.smt2
  esat-2007: 0.0052s PASS
  vanilla-yices2: 0.0058s PASS
[854/916] /Users/e35480/git/kn-yices2-2/tests/regress/wd/issue196.smt2
  vanilla-yices2: 0.0048s PASS
  esat-2007: 0.0052s PASS
[855/916] /Users/e35480/git/kn-yices2-2/tests/regress/wd/issue201.smt2
  esat-2007: 0.0076s PASS
  vanilla-yices2: 0.0074s PASS
[856/916] /Users/e35480/git/kn-yices2-2/tests/regress/wd/issue211.smt2
  vanilla-yices2: 0.0059s PASS
  esat-2007: 0.0048s PASS
[857/916] /Users/e35480/git/kn-yices2-2/tests/regress/wd/issue218.smt2
  esat-2007: 0.0051s PASS
  vanilla-yices2: 0.0057s PASS
[858/916] /Users/e35480/git/kn-yices2-2/tests/regress/wd/issue220.smt2
  vanilla-yices2: 0.0048s PASS
  esat-2007: 0.0050s PASS
[859/916] /Users/e35480/git/kn-yices2-2/tests/regress/wd/issue221.smt2
  esat-2007: 0.0058s PASS
  vanilla-yices2: 0.0048s PASS
[860/916] /Users/e35480/git/kn-yices2-2/tests/regress/wd/issue222.smt2
  vanilla-yices2: 0.0053s PASS
  esat-2007: 0.0061s PASS
[861/916] /Users/e35480/git/kn-yices2-2/tests/regress/wd/issue229.smt2
  esat-2007: 0.0053s PASS
  vanilla-yices2: 0.0049s PASS
[862/916] /Users/e35480/git/kn-yices2-2/tests/regress/wd/issue229b.smt2
  vanilla-yices2: 0.0052s PASS
  esat-2007: 0.0042s PASS
[863/916] /Users/e35480/git/kn-yices2-2/tests/regress/wd/issue236.smt2
  esat-2007: 0.0044s PASS
  vanilla-yices2: 0.0054s PASS
[864/916] /Users/e35480/git/kn-yices2-2/tests/regress/wd/issue238.smt2
  vanilla-yices2: 0.0047s PASS
  esat-2007: 0.0049s PASS
[865/916] /Users/e35480/git/kn-yices2-2/tests/regress/wd/issue240.smt2
  esat-2007: 0.0089s PASS
  vanilla-yices2: 0.0058s PASS
[866/916] /Users/e35480/git/kn-yices2-2/tests/regress/wd/issue245.smt2
  vanilla-yices2: 0.0054s PASS
  esat-2007: 0.0070s PASS
[867/916] /Users/e35480/git/kn-yices2-2/tests/regress/wd/issue246.smt2
  esat-2007: 0.0064s PASS
  vanilla-yices2: 0.0071s PASS
[868/916] /Users/e35480/git/kn-yices2-2/tests/regress/wd/issue247.smt2
  vanilla-yices2: 0.0055s PASS
  esat-2007: 0.0052s PASS
[869/916] /Users/e35480/git/kn-yices2-2/tests/regress/wd/issue247b.smt2
  esat-2007: 0.0064s PASS
  vanilla-yices2: 0.0056s PASS
[870/916] /Users/e35480/git/kn-yices2-2/tests/regress/wd/issue251.smt2
  vanilla-yices2: 0.0054s PASS
  esat-2007: 0.0059s PASS
[871/916] /Users/e35480/git/kn-yices2-2/tests/regress/wd/issue252.smt2
  esat-2007: 0.0051s PASS
  vanilla-yices2: 0.0053s PASS
[872/916] /Users/e35480/git/kn-yices2-2/tests/regress/wd/issue253.smt2
  vanilla-yices2: 0.0056s PASS
  esat-2007: 0.0054s PASS
[873/916] /Users/e35480/git/kn-yices2-2/tests/regress/wd/issue255.smt2
  esat-2007: 0.0073s PASS
  vanilla-yices2: 0.0059s PASS
[874/916] /Users/e35480/git/kn-yices2-2/tests/regress/wd/issue289.smt2
  vanilla-yices2: 0.0047s PASS
  esat-2007: 0.0064s PASS
[875/916] /Users/e35480/git/kn-yices2-2/tests/regress/wd/issue289b.smt2
  esat-2007: 0.0053s PASS
  vanilla-yices2: 0.0048s PASS
[876/916] /Users/e35480/git/kn-yices2-2/tests/regress/wd/issue289c.smt2
  vanilla-yices2: 0.0062s PASS
  esat-2007: 0.0059s PASS
[877/916] /Users/e35480/git/kn-yices2-2/tests/regress/wd/issue293.smt2
  esat-2007: 0.0053s PASS
  vanilla-yices2: 0.0058s PASS
[878/916] /Users/e35480/git/kn-yices2-2/tests/regress/wd/issue294.smt2
  vanilla-yices2: 0.0051s PASS
  esat-2007: 0.0052s PASS
[879/916] /Users/e35480/git/kn-yices2-2/tests/regress/wd/issue297.smt2
  esat-2007: 0.0056s PASS
  vanilla-yices2: 0.0049s PASS
[880/916] /Users/e35480/git/kn-yices2-2/tests/regress/wd/issue300.smt2
  vanilla-yices2: 0.0070s PASS
  esat-2007: 0.0056s PASS
[881/916] /Users/e35480/git/kn-yices2-2/tests/regress/wd/issue301.smt2
  esat-2007: 0.0055s PASS
  vanilla-yices2: 0.0068s PASS
[882/916] /Users/e35480/git/kn-yices2-2/tests/regress/wd/issue302.smt2
  vanilla-yices2: 0.0059s PASS
  esat-2007: 0.0054s PASS
[883/916] /Users/e35480/git/kn-yices2-2/tests/regress/wd/issue302b.smt2
  esat-2007: 0.0056s PASS
  vanilla-yices2: 0.0048s PASS
[884/916] /Users/e35480/git/kn-yices2-2/tests/regress/wd/issue305.smt2
  vanilla-yices2: 0.0051s PASS
  esat-2007: 0.0060s PASS
[885/916] /Users/e35480/git/kn-yices2-2/tests/regress/wd/issue308.smt2
  esat-2007: 0.0051s PASS
  vanilla-yices2: 0.0060s PASS
[886/916] /Users/e35480/git/kn-yices2-2/tests/regress/wd/issue311g.smt2
  vanilla-yices2: 0.0060s PASS
  esat-2007: 0.0049s PASS
[887/916] /Users/e35480/git/kn-yices2-2/tests/regress/wd/issue312.smt2
  esat-2007: 0.3434s PASS
  vanilla-yices2: 0.3400s PASS
[888/916] /Users/e35480/git/kn-yices2-2/tests/regress/wd/issue313.smt2
  vanilla-yices2: 0.0080s PASS
  esat-2007: 0.0057s PASS
[889/916] /Users/e35480/git/kn-yices2-2/tests/regress/wd/issue314.smt2
  esat-2007: 0.0069s PASS
  vanilla-yices2: 0.0061s PASS
[890/916] /Users/e35480/git/kn-yices2-2/tests/regress/wd/issue316.smt2
  vanilla-yices2: 0.0059s PASS
  esat-2007: 0.0066s PASS
[891/916] /Users/e35480/git/kn-yices2-2/tests/regress/wd/issue316b.smt2
  esat-2007: 0.0058s PASS
  vanilla-yices2: 0.0048s PASS
[892/916] /Users/e35480/git/kn-yices2-2/tests/regress/wd/issue316c.smt2
  vanilla-yices2: 0.0071s PASS
  esat-2007: 0.0055s PASS
[893/916] /Users/e35480/git/kn-yices2-2/tests/regress/wd/issue316d.smt2
  esat-2007: 0.0065s PASS
  vanilla-yices2: 0.0060s PASS
[894/916] /Users/e35480/git/kn-yices2-2/tests/regress/wd/issue326.smt2
  vanilla-yices2: 0.0053s PASS
  esat-2007: 0.0069s PASS
[895/916] /Users/e35480/git/kn-yices2-2/tests/regress/wd/issue330.smt2
  esat-2007: 0.0062s PASS
  vanilla-yices2: 0.0053s PASS
[896/916] /Users/e35480/git/kn-yices2-2/tests/regress/wd/issue331.smt2
  vanilla-yices2: 0.0068s PASS
  esat-2007: 0.0054s PASS
[897/916] /Users/e35480/git/kn-yices2-2/tests/regress/wd/issue335.smt2
  esat-2007: 0.0061s PASS
  vanilla-yices2: 0.0062s PASS
[898/916] /Users/e35480/git/kn-yices2-2/tests/regress/wd/issue335b.smt2
  vanilla-yices2: 0.0050s PASS
  esat-2007: 0.0069s PASS
[899/916] /Users/e35480/git/kn-yices2-2/tests/regress/wd/issue349.smt2
  esat-2007: 0.0062s PASS
  vanilla-yices2: 0.0054s PASS
[900/916] /Users/e35480/git/kn-yices2-2/tests/regress/wd/issue365.smt2
  vanilla-yices2: 0.0072s PASS
  esat-2007: 0.0053s PASS
[901/916] /Users/e35480/git/kn-yices2-2/tests/regress/wd/issue401.smt2
  esat-2007: 2.0163s PASS
  vanilla-yices2: 2.0265s PASS
[902/916] /Users/e35480/git/kn-yices2-2/tests/regress/wd/issue401b.smt2
  vanilla-yices2: 1.0255s PASS
  esat-2007: 1.0160s PASS
[903/916] /Users/e35480/git/kn-yices2-2/tests/regress/wd/issue404.smt2
  esat-2007: 0.0068s PASS
  vanilla-yices2: 0.0050s PASS
[904/916] /Users/e35480/git/kn-yices2-2/tests/regress/wd/issue406.smt2
  vanilla-yices2: 0.0051s PASS
  esat-2007: 0.0058s PASS
[905/916] /Users/e35480/git/kn-yices2-2/tests/regress/wd/prp-1-22.smt2
  esat-2007: 0.0057s PASS
  vanilla-yices2: 0.0057s PASS
[906/916] /Users/e35480/git/kn-yices2-2/tests/regress/wd/prp-1-31.smt2
  vanilla-yices2: 0.0080s PASS
  esat-2007: 0.0070s PASS
[907/916] /Users/e35480/git/kn-yices2-2/tests/regress/wd/prp-2-18.smt2
  esat-2007: 0.0091s PASS
  vanilla-yices2: 0.0087s PASS
[908/916] /Users/e35480/git/kn-yices2-2/tests/regress/wd/prp-24-47.smt2
  vanilla-yices2: 0.1107s PASS
  esat-2007: 0.1609s PASS
[909/916] /Users/e35480/git/kn-yices2-2/tests/regress/wd/prp-5-17.smt2
  esat-2007: 0.0082s PASS
  vanilla-yices2: 0.0077s PASS
[910/916] /Users/e35480/git/kn-yices2-2/tests/regress/wd/simple_startup_4nodes.abstract.base.smt2
  vanilla-yices2: 0.0058s PASS
  esat-2007: 0.0056s PASS
[911/916] /Users/e35480/git/kn-yices2-2/tests/regress/wd/simple_startup_4nodes.abstract.induct.smt2
  esat-2007: 0.2698s PASS
  vanilla-yices2: 0.2387s PASS
[912/916] /Users/e35480/git/kn-yices2-2/tests/regress/wd/simple_startup_4nodes.bug.induct.smt2
  vanilla-yices2: 0.0204s PASS
  esat-2007: 0.0128s PASS
[913/916] /Users/e35480/git/kn-yices2-2/tests/regress/wd/simple_startup_4nodes.missing.induct.smt2
  esat-2007: 0.0128s PASS
  vanilla-yices2: 0.0157s PASS
[914/916] /Users/e35480/git/kn-yices2-2/tests/regress/wd/simple_startup_4nodes.synchro.base.smt2
  vanilla-yices2: 0.0068s PASS
  esat-2007: 0.0070s PASS
[915/916] /Users/e35480/git/kn-yices2-2/tests/regress/wd/simple_startup_4nodes.synchro.induct.smt2
  esat-2007: 0.0096s PASS
  vanilla-yices2: 0.0082s PASS
[916/916] /Users/e35480/git/kn-yices2-2/tests/regress/wd/wintered.smt2
  vanilla-yices2: 0.0052s PASS
  esat-2007: 0.0052s PASS

CSV: /Users/e35480/git/kn-yices2-2/benchmarks/20260418-esat-vs-vanilla-smt2/results.csv
Summary: /Users/e35480/git/kn-yices2-2/benchmarks/20260418-esat-vs-vanilla-smt2/summary.txt
Plot: /Users/e35480/git/kn-yices2-2/benchmarks/20260418-esat-vs-vanilla-smt2/cactus.svg
Common passing benchmarks: 916
Mismatches/failures: 0
