benchmark,solver,seconds,passed,returncode,order_index,first_line
/Users/e35480/git/kn-yices2-2/tests/regress/bv/stanek.smt2,esat-2007,0.006905,1,0,0,sat
/Users/e35480/git/kn-yices2-2/tests/regress/bv/stanek.smt2,vanilla-yices2,0.005419,1,0,1,sat
/Users/e35480/git/kn-yices2-2/tests/regress/coverage/random/QF_AUFBV/03267bc0.smt2,vanilla-yices2,0.005821,1,0,0,unsat
/Users/e35480/git/kn-yices2-2/tests/regress/coverage/random/QF_AUFBV/03267bc0.smt2,esat-2007,0.005297,1,0,1,unsat
/Users/e35480/git/kn-yices2-2/tests/regress/coverage/random/QF_AUFBV/0c1da194.smt2,esat-2007,0.006129,1,0,0,sat
/Users/e35480/git/kn-yices2-2/tests/regress/coverage/random/QF_AUFBV/0c1da194.smt2,vanilla-yices2,0.005765,1,0,1,sat
/Users/e35480/git/kn-yices2-2/tests/regress/coverage/random/QF_AUFBV/0d3e9e08.smt2,vanilla-yices2,0.006705,1,0,0,unsat
/Users/e35480/git/kn-yices2-2/tests/regress/coverage/random/QF_AUFBV/0d3e9e08.smt2,esat-2007,0.006717,1,0,1,unsat
/Users/e35480/git/kn-yices2-2/tests/regress/coverage/random/QF_AUFBV/0deb358e.smt2,esat-2007,0.005344,1,0,0,sat
/Users/e35480/git/kn-yices2-2/tests/regress/coverage/random/QF_AUFBV/0deb358e.smt2,vanilla-yices2,0.004998,1,0,1,sat
/Users/e35480/git/kn-yices2-2/tests/regress/coverage/random/QF_AUFBV/0e4fd0ab.smt2,vanilla-yices2,0.005351,1,0,0,unsat
/Users/e35480/git/kn-yices2-2/tests/regress/coverage/random/QF_AUFBV/0e4fd0ab.smt2,esat-2007,0.006618,1,0,1,unsat
/Users/e35480/git/kn-yices2-2/tests/regress/coverage/random/QF_AUFBV/0f7adf1b.smt2,esat-2007,0.006238,1,0,0,unsat
/Users/e35480/git/kn-yices2-2/tests/regress/coverage/random/QF_AUFBV/0f7adf1b.smt2,vanilla-yices2,0.005554,1,0,1,unsat
/Users/e35480/git/kn-yices2-2/tests/regress/coverage/random/QF_AUFBV/172f87c4.smt2,vanilla-yices2,0.005936,1,0,0,sat
/Users/e35480/git/kn-yices2-2/tests/regress/coverage/random/QF_AUFBV/172f87c4.smt2,esat-2007,0.005916,1,0,1,sat
/Users/e35480/git/kn-yices2-2/tests/regress/coverage/random/QF_AUFBV/1749e158.smt2,esat-2007,0.008766,1,0,0,sat
/Users/e35480/git/kn-yices2-2/tests/regress/coverage/random/QF_AUFBV/1749e158.smt2,vanilla-yices2,0.008916,1,0,1,sat
/Users/e35480/git/kn-yices2-2/tests/regress/coverage/random/QF_AUFBV/1a53f5d8.smt2,vanilla-yices2,0.006718,1,0,0,sat
/Users/e35480/git/kn-yices2-2/tests/regress/coverage/random/QF_AUFBV/1a53f5d8.smt2,esat-2007,0.006519,1,0,1,sat
/Users/e35480/git/kn-yices2-2/tests/regress/coverage/random/QF_AUFBV/1bf8253b.smt2,esat-2007,0.006466,1,0,0,unsat
/Users/e35480/git/kn-yices2-2/tests/regress/coverage/random/QF_AUFBV/1bf8253b.smt2,vanilla-yices2,0.007069,1,0,1,unsat
/Users/e35480/git/kn-yices2-2/tests/regress/coverage/random/QF_AUFBV/1ff1f7d4.smt2,vanilla-yices2,0.006168,1,0,0,sat
/Users/e35480/git/kn-yices2-2/tests/regress/coverage/random/QF_AUFBV/1ff1f7d4.smt2,esat-2007,0.005625,1,0,1,sat
/Users/e35480/git/kn-yices2-2/tests/regress/coverage/random/QF_AUFBV/22770ca2.smt2,esat-2007,0.011127,1,0,0,sat
/Users/e35480/git/kn-yices2-2/tests/regress/coverage/random/QF_AUFBV/22770ca2.smt2,vanilla-yices2,0.011748,1,0,1,sat
/Users/e35480/git/kn-yices2-2/tests/regress/coverage/random/QF_AUFBV/2668e3c6.smt2,vanilla-yices2,0.034338,1,0,0,sat
/Users/e35480/git/kn-yices2-2/tests/regress/coverage/random/QF_AUFBV/2668e3c6.smt2,esat-2007,0.030392,1,0,1,sat
/Users/e35480/git/kn-yices2-2/tests/regress/coverage/random/QF_AUFBV/270b8368.smt2,esat-2007,0.007412,1,0,0,unsat
/Users/e35480/git/kn-yices2-2/tests/regress/coverage/random/QF_AUFBV/270b8368.smt2,vanilla-yices2,0.005973,1,0,1,unsat
/Users/e35480/git/kn-yices2-2/tests/regress/coverage/random/QF_AUFBV/2ab0e766.smt2,vanilla-yices2,0.005891,1,0,0,unsat
/Users/e35480/git/kn-yices2-2/tests/regress/coverage/random/QF_AUFBV/2ab0e766.smt2,esat-2007,0.004983,1,0,1,unsat
/Users/e35480/git/kn-yices2-2/tests/regress/coverage/random/QF_AUFBV/2c76de8a.smt2,esat-2007,0.007449,1,0,0,sat
/Users/e35480/git/kn-yices2-2/tests/regress/coverage/random/QF_AUFBV/2c76de8a.smt2,vanilla-yices2,0.007376,1,0,1,sat
/Users/e35480/git/kn-yices2-2/tests/regress/coverage/random/QF_AUFBV/2e866d45.smt2,vanilla-yices2,0.006254,1,0,0,unsat
/Users/e35480/git/kn-yices2-2/tests/regress/coverage/random/QF_AUFBV/2e866d45.smt2,esat-2007,0.005459,1,0,1,unsat
/Users/e35480/git/kn-yices2-2/tests/regress/coverage/random/QF_AUFBV/32954475.smt2,esat-2007,0.006794,1,0,0,sat
/Users/e35480/git/kn-yices2-2/tests/regress/coverage/random/QF_AUFBV/32954475.smt2,vanilla-yices2,0.006742,1,0,1,sat
/Users/e35480/git/kn-yices2-2/tests/regress/coverage/random/QF_AUFBV/37357a34.smt2,vanilla-yices2,0.006630,1,0,0,sat
/Users/e35480/git/kn-yices2-2/tests/regress/coverage/random/QF_AUFBV/37357a34.smt2,esat-2007,0.005283,1,0,1,sat
/Users/e35480/git/kn-yices2-2/tests/regress/coverage/random/QF_AUFBV/39328554.smt2,esat-2007,0.006343,1,0,0,unsat
/Users/e35480/git/kn-yices2-2/tests/regress/coverage/random/QF_AUFBV/39328554.smt2,vanilla-yices2,0.006150,1,0,1,unsat
/Users/e35480/git/kn-yices2-2/tests/regress/coverage/random/QF_AUFBV/3eae32b4.smt2,vanilla-yices2,0.006958,1,0,0,sat
/Users/e35480/git/kn-yices2-2/tests/regress/coverage/random/QF_AUFBV/3eae32b4.smt2,esat-2007,0.006144,1,0,1,sat
/Users/e35480/git/kn-yices2-2/tests/regress/coverage/random/QF_AUFBV/41594ca5.smt2,esat-2007,0.008835,1,0,0,sat
/Users/e35480/git/kn-yices2-2/tests/regress/coverage/random/QF_AUFBV/41594ca5.smt2,vanilla-yices2,0.009232,1,0,1,sat
/Users/e35480/git/kn-yices2-2/tests/regress/coverage/random/QF_AUFBV/43176631.smt2,vanilla-yices2,0.006732,1,0,0,unsat
/Users/e35480/git/kn-yices2-2/tests/regress/coverage/random/QF_AUFBV/43176631.smt2,esat-2007,0.006651,1,0,1,unsat
/Users/e35480/git/kn-yices2-2/tests/regress/coverage/random/QF_AUFBV/49f9b014.smt2,esat-2007,0.006241,1,0,0,sat
/Users/e35480/git/kn-yices2-2/tests/regress/coverage/random/QF_AUFBV/49f9b014.smt2,vanilla-yices2,0.006584,1,0,1,sat
/Users/e35480/git/kn-yices2-2/tests/regress/coverage/random/QF_AUFBV/4b81b738.smt2,vanilla-yices2,0.005774,1,0,0,sat
/Users/e35480/git/kn-yices2-2/tests/regress/coverage/random/QF_AUFBV/4b81b738.smt2,esat-2007,0.006111,1,0,1,sat
/Users/e35480/git/kn-yices2-2/tests/regress/coverage/random/QF_AUFBV/5170b14e.smt2,esat-2007,0.006595,1,0,0,sat
/Users/e35480/git/kn-yices2-2/tests/regress/coverage/random/QF_AUFBV/5170b14e.smt2,vanilla-yices2,0.005502,1,0,1,sat
/Users/e35480/git/kn-yices2-2/tests/regress/coverage/random/QF_AUFBV/52a258ec.smt2,vanilla-yices2,0.005244,1,0,0,unsat
/Users/e35480/git/kn-yices2-2/tests/regress/coverage/random/QF_AUFBV/52a258ec.smt2,esat-2007,0.005187,1,0,1,unsat
/Users/e35480/git/kn-yices2-2/tests/regress/coverage/random/QF_AUFBV/53dcff33.smt2,esat-2007,0.005100,1,0,0,unsat
/Users/e35480/git/kn-yices2-2/tests/regress/coverage/random/QF_AUFBV/53dcff33.smt2,vanilla-yices2,0.005260,1,0,1,unsat
/Users/e35480/git/kn-yices2-2/tests/regress/coverage/random/QF_AUFBV/57777460.smt2,vanilla-yices2,0.005160,1,0,0,unsat
/Users/e35480/git/kn-yices2-2/tests/regress/coverage/random/QF_AUFBV/57777460.smt2,esat-2007,0.005179,1,0,1,unsat
/Users/e35480/git/kn-yices2-2/tests/regress/coverage/random/QF_AUFBV/586bb135.smt2,esat-2007,0.007120,1,0,0,unsat
/Users/e35480/git/kn-yices2-2/tests/regress/coverage/random/QF_AUFBV/586bb135.smt2,vanilla-yices2,0.006138,1,0,1,unsat
/Users/e35480/git/kn-yices2-2/tests/regress/coverage/random/QF_AUFBV/5ae9e4e7.smt2,vanilla-yices2,0.010278,1,0,0,sat
/Users/e35480/git/kn-yices2-2/tests/regress/coverage/random/QF_AUFBV/5ae9e4e7.smt2,esat-2007,0.010410,1,0,1,sat
/Users/e35480/git/kn-yices2-2/tests/regress/coverage/random/QF_AUFBV/5d64bc1d.smt2,esat-2007,0.005904,1,0,0,sat
/Users/e35480/git/kn-yices2-2/tests/regress/coverage/random/QF_AUFBV/5d64bc1d.smt2,vanilla-yices2,0.005837,1,0,1,sat
/Users/e35480/git/kn-yices2-2/tests/regress/coverage/random/QF_AUFBV/5f09e565.smt2,vanilla-yices2,0.005798,1,0,0,sat
/Users/e35480/git/kn-yices2-2/tests/regress/coverage/random/QF_AUFBV/5f09e565.smt2,esat-2007,0.006015,1,0,1,sat
/Users/e35480/git/kn-yices2-2/tests/regress/coverage/random/QF_AUFBV/63888d14.smt2,esat-2007,0.007296,1,0,0,sat
/Users/e35480/git/kn-yices2-2/tests/regress/coverage/random/QF_AUFBV/63888d14.smt2,vanilla-yices2,0.007949,1,0,1,sat
/Users/e35480/git/kn-yices2-2/tests/regress/coverage/random/QF_AUFBV/63ec7fc8.smt2,vanilla-yices2,0.009182,1,0,0,sat
/Users/e35480/git/kn-yices2-2/tests/regress/coverage/random/QF_AUFBV/63ec7fc8.smt2,esat-2007,0.008998,1,0,1,sat
/Users/e35480/git/kn-yices2-2/tests/regress/coverage/random/QF_AUFBV/654c97b0.smt2,esat-2007,0.006248,1,0,0,sat
/Users/e35480/git/kn-yices2-2/tests/regress/coverage/random/QF_AUFBV/654c97b0.smt2,vanilla-yices2,0.005841,1,0,1,sat
/Users/e35480/git/kn-yices2-2/tests/regress/coverage/random/QF_AUFBV/6cd39892.smt2,vanilla-yices2,0.007735,1,0,0,sat
/Users/e35480/git/kn-yices2-2/tests/regress/coverage/random/QF_AUFBV/6cd39892.smt2,esat-2007,0.008587,1,0,1,sat
/Users/e35480/git/kn-yices2-2/tests/regress/coverage/random/QF_AUFBV/7abd0745.smt2,esat-2007,0.008486,1,0,0,sat
/Users/e35480/git/kn-yices2-2/tests/regress/coverage/random/QF_AUFBV/7abd0745.smt2,vanilla-yices2,0.008203,1,0,1,sat
/Users/e35480/git/kn-yices2-2/tests/regress/coverage/random/QF_AUFBV/80b4dce0.smt2,vanilla-yices2,0.209456,1,0,0,sat
/Users/e35480/git/kn-yices2-2/tests/regress/coverage/random/QF_AUFBV/80b4dce0.smt2,esat-2007,0.210118,1,0,1,sat
/Users/e35480/git/kn-yices2-2/tests/regress/coverage/random/QF_AUFBV/80ea6f10.smt2,esat-2007,0.008314,1,0,0,sat
/Users/e35480/git/kn-yices2-2/tests/regress/coverage/random/QF_AUFBV/80ea6f10.smt2,vanilla-yices2,0.006747,1,0,1,sat
/Users/e35480/git/kn-yices2-2/tests/regress/coverage/random/QF_AUFBV/858a9264.smt2,vanilla-yices2,0.006200,1,0,0,sat
/Users/e35480/git/kn-yices2-2/tests/regress/coverage/random/QF_AUFBV/858a9264.smt2,esat-2007,0.006431,1,0,1,sat
/Users/e35480/git/kn-yices2-2/tests/regress/coverage/random/QF_AUFBV/86314fa8.smt2,esat-2007,0.007104,1,0,0,sat
/Users/e35480/git/kn-yices2-2/tests/regress/coverage/random/QF_AUFBV/86314fa8.smt2,vanilla-yices2,0.007005,1,0,1,sat
/Users/e35480/git/kn-yices2-2/tests/regress/coverage/random/QF_AUFBV/8feebc9e.smt2,vanilla-yices2,0.006923,1,0,0,sat
/Users/e35480/git/kn-yices2-2/tests/regress/coverage/random/QF_AUFBV/8feebc9e.smt2,esat-2007,0.006076,1,0,1,sat
/Users/e35480/git/kn-yices2-2/tests/regress/coverage/random/QF_AUFBV/933b4450.smt2,esat-2007,0.010681,1,0,0,sat
/Users/e35480/git/kn-yices2-2/tests/regress/coverage/random/QF_AUFBV/933b4450.smt2,vanilla-yices2,0.010350,1,0,1,sat
/Users/e35480/git/kn-yices2-2/tests/regress/coverage/random/QF_AUFBV/97511fe8.smt2,vanilla-yices2,0.080326,1,0,0,sat
/Users/e35480/git/kn-yices2-2/tests/regress/coverage/random/QF_AUFBV/97511fe8.smt2,esat-2007,0.078582,1,0,1,sat
/Users/e35480/git/kn-yices2-2/tests/regress/coverage/random/QF_AUFBV/99aee03a.smt2,esat-2007,0.007633,1,0,0,sat
/Users/e35480/git/kn-yices2-2/tests/regress/coverage/random/QF_AUFBV/99aee03a.smt2,vanilla-yices2,0.006256,1,0,1,sat
/Users/e35480/git/kn-yices2-2/tests/regress/coverage/random/QF_AUFBV/9df64187.smt2,vanilla-yices2,0.005964,1,0,0,sat
/Users/e35480/git/kn-yices2-2/tests/regress/coverage/random/QF_AUFBV/9df64187.smt2,esat-2007,0.005620,1,0,1,sat
/Users/e35480/git/kn-yices2-2/tests/regress/coverage/random/QF_AUFBV/9e0c46a1.smt2,esat-2007,0.005858,1,0,0,unsat
/Users/e35480/git/kn-yices2-2/tests/regress/coverage/random/QF_AUFBV/9e0c46a1.smt2,vanilla-yices2,0.006299,1,0,1,unsat
/Users/e35480/git/kn-yices2-2/tests/regress/coverage/random/QF_AUFBV/a0a3239c.smt2,vanilla-yices2,0.012566,1,0,0,sat
/Users/e35480/git/kn-yices2-2/tests/regress/coverage/random/QF_AUFBV/a0a3239c.smt2,esat-2007,0.013355,1,0,1,sat
/Users/e35480/git/kn-yices2-2/tests/regress/coverage/random/QF_AUFBV/a2a02554.smt2,esat-2007,0.006932,1,0,0,sat
/Users/e35480/git/kn-yices2-2/tests/regress/coverage/random/QF_AUFBV/a2a02554.smt2,vanilla-yices2,0.005124,1,0,1,sat
/Users/e35480/git/kn-yices2-2/tests/regress/coverage/random/QF_AUFBV/a622f772.smt2,vanilla-yices2,0.006329,1,0,0,sat
/Users/e35480/git/kn-yices2-2/tests/regress/coverage/random/QF_AUFBV/a622f772.smt2,esat-2007,0.006585,1,0,1,sat
/Users/e35480/git/kn-yices2-2/tests/regress/coverage/random/QF_AUFBV/a72f1c1c.smt2,esat-2007,0.008770,1,0,0,sat
/Users/e35480/git/kn-yices2-2/tests/regress/coverage/random/QF_AUFBV/a72f1c1c.smt2,vanilla-yices2,0.007897,1,0,1,sat
/Users/e35480/git/kn-yices2-2/tests/regress/coverage/random/QF_AUFBV/aaa43879.smt2,vanilla-yices2,0.006506,1,0,0,sat
/Users/e35480/git/kn-yices2-2/tests/regress/coverage/random/QF_AUFBV/aaa43879.smt2,esat-2007,0.006132,1,0,1,sat
/Users/e35480/git/kn-yices2-2/tests/regress/coverage/random/QF_AUFBV/ac344b01.smt2,esat-2007,0.005468,1,0,0,sat
/Users/e35480/git/kn-yices2-2/tests/regress/coverage/random/QF_AUFBV/ac344b01.smt2,vanilla-yices2,0.005424,1,0,1,sat
/Users/e35480/git/kn-yices2-2/tests/regress/coverage/random/QF_AUFBV/b19c8789.smt2,vanilla-yices2,0.006328,1,0,0,unsat
/Users/e35480/git/kn-yices2-2/tests/regress/coverage/random/QF_AUFBV/b19c8789.smt2,esat-2007,0.006181,1,0,1,unsat
/Users/e35480/git/kn-yices2-2/tests/regress/coverage/random/QF_AUFBV/b52823cd.smt2,esat-2007,0.007988,1,0,0,sat
/Users/e35480/git/kn-yices2-2/tests/regress/coverage/random/QF_AUFBV/b52823cd.smt2,vanilla-yices2,0.009344,1,0,1,sat
/Users/e35480/git/kn-yices2-2/tests/regress/coverage/random/QF_AUFBV/b8607b9b.smt2,vanilla-yices2,0.005659,1,0,0,sat
/Users/e35480/git/kn-yices2-2/tests/regress/coverage/random/QF_AUFBV/b8607b9b.smt2,esat-2007,0.006167,1,0,1,sat
/Users/e35480/git/kn-yices2-2/tests/regress/coverage/random/QF_AUFBV/b863aad0.smt2,esat-2007,0.006069,1,0,0,sat
/Users/e35480/git/kn-yices2-2/tests/regress/coverage/random/QF_AUFBV/b863aad0.smt2,vanilla-yices2,0.005511,1,0,1,sat
/Users/e35480/git/kn-yices2-2/tests/regress/coverage/random/QF_AUFBV/bb0991e9.smt2,vanilla-yices2,0.010545,1,0,0,sat
/Users/e35480/git/kn-yices2-2/tests/regress/coverage/random/QF_AUFBV/bb0991e9.smt2,esat-2007,0.010748,1,0,1,sat
/Users/e35480/git/kn-yices2-2/tests/regress/coverage/random/QF_AUFBV/bd5e390f.smt2,esat-2007,0.043537,1,0,0,sat
/Users/e35480/git/kn-yices2-2/tests/regress/coverage/random/QF_AUFBV/bd5e390f.smt2,vanilla-yices2,0.042767,1,0,1,sat
/Users/e35480/git/kn-yices2-2/tests/regress/coverage/random/QF_AUFBV/bfa29135.smt2,vanilla-yices2,0.008523,1,0,0,sat
/Users/e35480/git/kn-yices2-2/tests/regress/coverage/random/QF_AUFBV/bfa29135.smt2,esat-2007,0.006660,1,0,1,sat
/Users/e35480/git/kn-yices2-2/tests/regress/coverage/random/QF_AUFBV/c1b83541.smt2,esat-2007,0.008506,1,0,0,sat
/Users/e35480/git/kn-yices2-2/tests/regress/coverage/random/QF_AUFBV/c1b83541.smt2,vanilla-yices2,0.007704,1,0,1,sat
/Users/e35480/git/kn-yices2-2/tests/regress/coverage/random/QF_AUFBV/c3bc73cc.smt2,vanilla-yices2,0.007992,1,0,0,sat
/Users/e35480/git/kn-yices2-2/tests/regress/coverage/random/QF_AUFBV/c3bc73cc.smt2,esat-2007,0.007632,1,0,1,sat
/Users/e35480/git/kn-yices2-2/tests/regress/coverage/random/QF_AUFBV/c41c02ed.smt2,esat-2007,0.006217,1,0,0,unsat
/Users/e35480/git/kn-yices2-2/tests/regress/coverage/random/QF_AUFBV/c41c02ed.smt2,vanilla-yices2,0.006073,1,0,1,unsat
/Users/e35480/git/kn-yices2-2/tests/regress/coverage/random/QF_AUFBV/c6211e84.smt2,vanilla-yices2,0.008119,1,0,0,sat
/Users/e35480/git/kn-yices2-2/tests/regress/coverage/random/QF_AUFBV/c6211e84.smt2,esat-2007,0.009020,1,0,1,sat
/Users/e35480/git/kn-yices2-2/tests/regress/coverage/random/QF_AUFBV/c7c49023.smt2,esat-2007,0.004827,1,0,0,unsat
/Users/e35480/git/kn-yices2-2/tests/regress/coverage/random/QF_AUFBV/c7c49023.smt2,vanilla-yices2,0.005377,1,0,1,unsat
/Users/e35480/git/kn-yices2-2/tests/regress/coverage/random/QF_AUFBV/c86e535a.smt2,vanilla-yices2,0.006548,1,0,0,sat
/Users/e35480/git/kn-yices2-2/tests/regress/coverage/random/QF_AUFBV/c86e535a.smt2,esat-2007,0.008159,1,0,1,sat
/Users/e35480/git/kn-yices2-2/tests/regress/coverage/random/QF_AUFBV/d1a8114f.smt2,esat-2007,0.007743,1,0,0,sat
/Users/e35480/git/kn-yices2-2/tests/regress/coverage/random/QF_AUFBV/d1a8114f.smt2,vanilla-yices2,0.008211,1,0,1,sat
/Users/e35480/git/kn-yices2-2/tests/regress/coverage/random/QF_AUFBV/d3afe5ec.smt2,vanilla-yices2,0.008495,1,0,0,sat
/Users/e35480/git/kn-yices2-2/tests/regress/coverage/random/QF_AUFBV/d3afe5ec.smt2,esat-2007,0.006372,1,0,1,sat
/Users/e35480/git/kn-yices2-2/tests/regress/coverage/random/QF_AUFBV/d461c286.smt2,esat-2007,0.006835,1,0,0,sat
/Users/e35480/git/kn-yices2-2/tests/regress/coverage/random/QF_AUFBV/d461c286.smt2,vanilla-yices2,0.007412,1,0,1,sat
/Users/e35480/git/kn-yices2-2/tests/regress/coverage/random/QF_AUFBV/d4bbb265.smt2,vanilla-yices2,0.076474,1,0,0,sat
/Users/e35480/git/kn-yices2-2/tests/regress/coverage/random/QF_AUFBV/d4bbb265.smt2,esat-2007,0.079751,1,0,1,sat
/Users/e35480/git/kn-yices2-2/tests/regress/coverage/random/QF_AUFBV/d5e688e7.smt2,esat-2007,0.007993,1,0,0,sat
/Users/e35480/git/kn-yices2-2/tests/regress/coverage/random/QF_AUFBV/d5e688e7.smt2,vanilla-yices2,0.008506,1,0,1,sat
/Users/e35480/git/kn-yices2-2/tests/regress/coverage/random/QF_AUFBV/d6c91c1f.smt2,vanilla-yices2,0.006791,1,0,0,sat
/Users/e35480/git/kn-yices2-2/tests/regress/coverage/random/QF_AUFBV/d6c91c1f.smt2,esat-2007,0.007491,1,0,1,sat
/Users/e35480/git/kn-yices2-2/tests/regress/coverage/random/QF_AUFBV/d7570b15.smt2,esat-2007,0.118420,1,0,0,sat
/Users/e35480/git/kn-yices2-2/tests/regress/coverage/random/QF_AUFBV/d7570b15.smt2,vanilla-yices2,0.120220,1,0,1,sat
/Users/e35480/git/kn-yices2-2/tests/regress/coverage/random/QF_AUFBV/d93370a7.smt2,vanilla-yices2,0.006494,1,0,0,sat
/Users/e35480/git/kn-yices2-2/tests/regress/coverage/random/QF_AUFBV/d93370a7.smt2,esat-2007,0.006294,1,0,1,sat
/Users/e35480/git/kn-yices2-2/tests/regress/coverage/random/QF_AUFBV/da2ad2d3.smt2,esat-2007,0.006325,1,0,0,sat
/Users/e35480/git/kn-yices2-2/tests/regress/coverage/random/QF_AUFBV/da2ad2d3.smt2,vanilla-yices2,0.006165,1,0,1,sat
/Users/e35480/git/kn-yices2-2/tests/regress/coverage/random/QF_AUFBV/e312f743.smt2,vanilla-yices2,0.005325,1,0,0,unsat
/Users/e35480/git/kn-yices2-2/tests/regress/coverage/random/QF_AUFBV/e312f743.smt2,esat-2007,0.005187,1,0,1,unsat
/Users/e35480/git/kn-yices2-2/tests/regress/coverage/random/QF_AUFBV/e85350b1.smt2,esat-2007,0.005924,1,0,0,sat
/Users/e35480/git/kn-yices2-2/tests/regress/coverage/random/QF_AUFBV/e85350b1.smt2,vanilla-yices2,0.006127,1,0,1,sat
/Users/e35480/git/kn-yices2-2/tests/regress/coverage/random/QF_AUFBV/e89af5dc.smt2,vanilla-yices2,0.007738,1,0,0,sat
/Users/e35480/git/kn-yices2-2/tests/regress/coverage/random/QF_AUFBV/e89af5dc.smt2,esat-2007,0.009647,1,0,1,sat
/Users/e35480/git/kn-yices2-2/tests/regress/coverage/random/QF_AUFBV/eada58c7.smt2,esat-2007,0.046519,1,0,0,sat
/Users/e35480/git/kn-yices2-2/tests/regress/coverage/random/QF_AUFBV/eada58c7.smt2,vanilla-yices2,0.049513,1,0,1,sat
/Users/e35480/git/kn-yices2-2/tests/regress/coverage/random/QF_AUFBV/ebcb7234.smt2,vanilla-yices2,0.008731,1,0,0,sat
/Users/e35480/git/kn-yices2-2/tests/regress/coverage/random/QF_AUFBV/ebcb7234.smt2,esat-2007,0.007854,1,0,1,sat
/Users/e35480/git/kn-yices2-2/tests/regress/coverage/random/QF_AUFBV/ec99dd8c.smt2,esat-2007,0.006957,1,0,0,sat
/Users/e35480/git/kn-yices2-2/tests/regress/coverage/random/QF_AUFBV/ec99dd8c.smt2,vanilla-yices2,0.006799,1,0,1,sat
/Users/e35480/git/kn-yices2-2/tests/regress/coverage/random/QF_AUFBV/f5dcb284.smt2,vanilla-yices2,0.007837,1,0,0,sat
/Users/e35480/git/kn-yices2-2/tests/regress/coverage/random/QF_AUFBV/f5dcb284.smt2,esat-2007,0.008227,1,0,1,sat
/Users/e35480/git/kn-yices2-2/tests/regress/coverage/random/QF_AUFBV/ffac3a97.smt2,esat-2007,0.006437,1,0,0,sat
/Users/e35480/git/kn-yices2-2/tests/regress/coverage/random/QF_AUFBV/ffac3a97.smt2,vanilla-yices2,0.006016,1,0,1,sat
/Users/e35480/git/kn-yices2-2/tests/regress/coverage/random/QF_AUFBV/ffe57986.smt2,vanilla-yices2,0.011071,1,0,0,sat
/Users/e35480/git/kn-yices2-2/tests/regress/coverage/random/QF_AUFBV/ffe57986.smt2,esat-2007,0.010495,1,0,1,sat
/Users/e35480/git/kn-yices2-2/tests/regress/coverage/random/QF_AUFLIA/046e3bb4.smt2,esat-2007,0.243998,1,0,0,sat
/Users/e35480/git/kn-yices2-2/tests/regress/coverage/random/QF_AUFLIA/046e3bb4.smt2,vanilla-yices2,0.243250,1,0,1,sat
/Users/e35480/git/kn-yices2-2/tests/regress/coverage/random/QF_AUFLIA/0a6522a7.smt2,vanilla-yices2,0.016810,1,0,0,sat
/Users/e35480/git/kn-yices2-2/tests/regress/coverage/random/QF_AUFLIA/0a6522a7.smt2,esat-2007,0.013567,1,0,1,sat
/Users/e35480/git/kn-yices2-2/tests/regress/coverage/random/QF_AUFLIA/17b567f5.smt2,esat-2007,0.022566,1,0,0,sat
/Users/e35480/git/kn-yices2-2/tests/regress/coverage/random/QF_AUFLIA/17b567f5.smt2,vanilla-yices2,0.025795,1,0,1,sat
/Users/e35480/git/kn-yices2-2/tests/regress/coverage/random/QF_AUFLIA/21ad7827.smt2,vanilla-yices2,0.013161,1,0,0,sat
/Users/e35480/git/kn-yices2-2/tests/regress/coverage/random/QF_AUFLIA/21ad7827.smt2,esat-2007,0.010966,1,0,1,sat
/Users/e35480/git/kn-yices2-2/tests/regress/coverage/random/QF_AUFLIA/2328a12f.smt2,esat-2007,0.008653,1,0,0,sat
/Users/e35480/git/kn-yices2-2/tests/regress/coverage/random/QF_AUFLIA/2328a12f.smt2,vanilla-yices2,0.008208,1,0,1,sat
/Users/e35480/git/kn-yices2-2/tests/regress/coverage/random/QF_AUFLIA/303b3ac9.smt2,vanilla-yices2,0.016663,1,0,0,sat
/Users/e35480/git/kn-yices2-2/tests/regress/coverage/random/QF_AUFLIA/303b3ac9.smt2,esat-2007,0.016797,1,0,1,sat
/Users/e35480/git/kn-yices2-2/tests/regress/coverage/random/QF_AUFLIA/3354a931.smt2,esat-2007,0.008665,1,0,0,sat
/Users/e35480/git/kn-yices2-2/tests/regress/coverage/random/QF_AUFLIA/3354a931.smt2,vanilla-yices2,0.006003,1,0,1,sat
/Users/e35480/git/kn-yices2-2/tests/regress/coverage/random/QF_AUFLIA/3ddb3130.smt2,vanilla-yices2,0.010712,1,0,0,sat
/Users/e35480/git/kn-yices2-2/tests/regress/coverage/random/QF_AUFLIA/3ddb3130.smt2,esat-2007,0.010880,1,0,1,sat
/Users/e35480/git/kn-yices2-2/tests/regress/coverage/random/QF_AUFLIA/521b0803.smt2,esat-2007,0.019462,1,0,0,sat
/Users/e35480/git/kn-yices2-2/tests/regress/coverage/random/QF_AUFLIA/521b0803.smt2,vanilla-yices2,0.019294,1,0,1,sat
/Users/e35480/git/kn-yices2-2/tests/regress/coverage/random/QF_AUFLIA/58720a10.smt2,vanilla-yices2,0.008066,1,0,0,sat
/Users/e35480/git/kn-yices2-2/tests/regress/coverage/random/QF_AUFLIA/58720a10.smt2,esat-2007,0.006550,1,0,1,sat
/Users/e35480/git/kn-yices2-2/tests/regress/coverage/random/QF_AUFLIA/67802798.smt2,esat-2007,0.008068,1,0,0,sat
/Users/e35480/git/kn-yices2-2/tests/regress/coverage/random/QF_AUFLIA/67802798.smt2,vanilla-yices2,0.008085,1,0,1,sat
/Users/e35480/git/kn-yices2-2/tests/regress/coverage/random/QF_AUFLIA/6affd61f.smt2,vanilla-yices2,0.014330,1,0,0,sat
/Users/e35480/git/kn-yices2-2/tests/regress/coverage/random/QF_AUFLIA/6affd61f.smt2,esat-2007,0.013608,1,0,1,sat
/Users/e35480/git/kn-yices2-2/tests/regress/coverage/random/QF_AUFLIA/75834956.smt2,esat-2007,0.006091,1,0,0,sat
/Users/e35480/git/kn-yices2-2/tests/regress/coverage/random/QF_AUFLIA/75834956.smt2,vanilla-yices2,0.050348,1,0,1,sat
/Users/e35480/git/kn-yices2-2/tests/regress/coverage/random/QF_AUFLIA/89ba99c1.smt2,vanilla-yices2,0.006570,1,0,0,sat
/Users/e35480/git/kn-yices2-2/tests/regress/coverage/random/QF_AUFLIA/89ba99c1.smt2,esat-2007,0.005561,1,0,1,sat
/Users/e35480/git/kn-yices2-2/tests/regress/coverage/random/QF_AUFLIA/8b993975.smt2,esat-2007,0.007597,1,0,0,sat
/Users/e35480/git/kn-yices2-2/tests/regress/coverage/random/QF_AUFLIA/8b993975.smt2,vanilla-yices2,0.009341,1,0,1,sat
/Users/e35480/git/kn-yices2-2/tests/regress/coverage/random/QF_AUFLIA/8d791671.smt2,vanilla-yices2,0.016381,1,0,0,sat
/Users/e35480/git/kn-yices2-2/tests/regress/coverage/random/QF_AUFLIA/8d791671.smt2,esat-2007,0.006507,1,0,1,sat
/Users/e35480/git/kn-yices2-2/tests/regress/coverage/random/QF_AUFLIA/960668fb.smt2,esat-2007,0.008791,1,0,0,sat
/Users/e35480/git/kn-yices2-2/tests/regress/coverage/random/QF_AUFLIA/960668fb.smt2,vanilla-yices2,0.008736,1,0,1,sat
/Users/e35480/git/kn-yices2-2/tests/regress/coverage/random/QF_AUFLIA/a502aa90.smt2,vanilla-yices2,0.005520,1,0,0,sat
/Users/e35480/git/kn-yices2-2/tests/regress/coverage/random/QF_AUFLIA/a502aa90.smt2,esat-2007,0.005964,1,0,1,sat
/Users/e35480/git/kn-yices2-2/tests/regress/coverage/random/QF_AUFLIA/ac906f47.smt2,esat-2007,0.061794,1,0,0,sat
/Users/e35480/git/kn-yices2-2/tests/regress/coverage/random/QF_AUFLIA/ac906f47.smt2,vanilla-yices2,0.062517,1,0,1,sat
/Users/e35480/git/kn-yices2-2/tests/regress/coverage/random/QF_AUFLIA/ad0f28d2.smt2,vanilla-yices2,0.010470,1,0,0,sat
/Users/e35480/git/kn-yices2-2/tests/regress/coverage/random/QF_AUFLIA/ad0f28d2.smt2,esat-2007,0.010788,1,0,1,sat
/Users/e35480/git/kn-yices2-2/tests/regress/coverage/random/QF_AUFLIA/ba5143e3.smt2,esat-2007,0.289424,1,0,0,sat
/Users/e35480/git/kn-yices2-2/tests/regress/coverage/random/QF_AUFLIA/ba5143e3.smt2,vanilla-yices2,0.298093,1,0,1,sat
/Users/e35480/git/kn-yices2-2/tests/regress/coverage/random/QF_AUFLIA/c74aefb7.smt2,vanilla-yices2,0.008908,1,0,0,sat
/Users/e35480/git/kn-yices2-2/tests/regress/coverage/random/QF_AUFLIA/c74aefb7.smt2,esat-2007,0.009227,1,0,1,sat
/Users/e35480/git/kn-yices2-2/tests/regress/coverage/random/QF_AUFLIA/dca3b154.smt2,esat-2007,0.011323,1,0,0,sat
/Users/e35480/git/kn-yices2-2/tests/regress/coverage/random/QF_AUFLIA/dca3b154.smt2,vanilla-yices2,0.010764,1,0,1,sat
/Users/e35480/git/kn-yices2-2/tests/regress/coverage/random/QF_AUFLIA/ed9186b0.smt2,vanilla-yices2,0.019776,1,0,0,sat
/Users/e35480/git/kn-yices2-2/tests/regress/coverage/random/QF_AUFLIA/ed9186b0.smt2,esat-2007,0.019654,1,0,1,sat
/Users/e35480/git/kn-yices2-2/tests/regress/coverage/random/QF_AUFLIA/edeb11da.smt2,esat-2007,0.010607,1,0,0,sat
/Users/e35480/git/kn-yices2-2/tests/regress/coverage/random/QF_AUFLIA/edeb11da.smt2,vanilla-yices2,0.009197,1,0,1,sat
/Users/e35480/git/kn-yices2-2/tests/regress/coverage/random/QF_AUFLIA/f31e4fe7.smt2,vanilla-yices2,0.015000,1,0,0,sat
/Users/e35480/git/kn-yices2-2/tests/regress/coverage/random/QF_AUFLIA/f31e4fe7.smt2,esat-2007,0.013996,1,0,1,sat
/Users/e35480/git/kn-yices2-2/tests/regress/coverage/random/QF_BV/003b74b7.smt2,esat-2007,0.360960,1,0,0,unsat
/Users/e35480/git/kn-yices2-2/tests/regress/coverage/random/QF_BV/003b74b7.smt2,vanilla-yices2,0.367802,1,0,1,unsat
/Users/e35480/git/kn-yices2-2/tests/regress/coverage/random/QF_BV/0045be1d.smt2,vanilla-yices2,0.006458,1,0,0,unsat
/Users/e35480/git/kn-yices2-2/tests/regress/coverage/random/QF_BV/0045be1d.smt2,esat-2007,0.005673,1,0,1,unsat
/Users/e35480/git/kn-yices2-2/tests/regress/coverage/random/QF_BV/023ce693.smt2,esat-2007,0.006493,1,0,0,sat
/Users/e35480/git/kn-yices2-2/tests/regress/coverage/random/QF_BV/023ce693.smt2,vanilla-yices2,0.006010,1,0,1,sat
/Users/e35480/git/kn-yices2-2/tests/regress/coverage/random/QF_BV/038ef701.smt2,vanilla-yices2,0.009668,1,0,0,unsat
/Users/e35480/git/kn-yices2-2/tests/regress/coverage/random/QF_BV/038ef701.smt2,esat-2007,0.009042,1,0,1,unsat
/Users/e35480/git/kn-yices2-2/tests/regress/coverage/random/QF_BV/0561eff2.smt2,esat-2007,0.006368,1,0,0,sat
/Users/e35480/git/kn-yices2-2/tests/regress/coverage/random/QF_BV/0561eff2.smt2,vanilla-yices2,0.005589,1,0,1,sat
/Users/e35480/git/kn-yices2-2/tests/regress/coverage/random/QF_BV/05cd27ff.smt2,vanilla-yices2,0.007712,1,0,0,sat
/Users/e35480/git/kn-yices2-2/tests/regress/coverage/random/QF_BV/05cd27ff.smt2,esat-2007,0.007461,1,0,1,sat
/Users/e35480/git/kn-yices2-2/tests/regress/coverage/random/QF_BV/131df763.smt2,esat-2007,0.005270,1,0,0,unsat
/Users/e35480/git/kn-yices2-2/tests/regress/coverage/random/QF_BV/131df763.smt2,vanilla-yices2,0.005469,1,0,1,unsat
/Users/e35480/git/kn-yices2-2/tests/regress/coverage/random/QF_BV/138cd124.smt2,vanilla-yices2,0.007110,1,0,0,sat
/Users/e35480/git/kn-yices2-2/tests/regress/coverage/random/QF_BV/138cd124.smt2,esat-2007,0.006747,1,0,1,sat
/Users/e35480/git/kn-yices2-2/tests/regress/coverage/random/QF_BV/151b32d2.smt2,esat-2007,0.005511,1,0,0,unsat
/Users/e35480/git/kn-yices2-2/tests/regress/coverage/random/QF_BV/151b32d2.smt2,vanilla-yices2,0.005281,1,0,1,unsat
/Users/e35480/git/kn-yices2-2/tests/regress/coverage/random/QF_BV/1e5e4c23.smt2,vanilla-yices2,0.010391,1,0,0,sat
/Users/e35480/git/kn-yices2-2/tests/regress/coverage/random/QF_BV/1e5e4c23.smt2,esat-2007,0.009354,1,0,1,sat
/Users/e35480/git/kn-yices2-2/tests/regress/coverage/random/QF_BV/2684cd0d.smt2,esat-2007,0.005067,1,0,0,sat
/Users/e35480/git/kn-yices2-2/tests/regress/coverage/random/QF_BV/2684cd0d.smt2,vanilla-yices2,0.006067,1,0,1,sat
/Users/e35480/git/kn-yices2-2/tests/regress/coverage/random/QF_BV/2e56bb9d.smt2,vanilla-yices2,0.004833,1,0,0,unsat
/Users/e35480/git/kn-yices2-2/tests/regress/coverage/random/QF_BV/2e56bb9d.smt2,esat-2007,0.005722,1,0,1,unsat
/Users/e35480/git/kn-yices2-2/tests/regress/coverage/random/QF_BV/31187ae5.smt2,esat-2007,0.006010,1,0,0,sat
/Users/e35480/git/kn-yices2-2/tests/regress/coverage/random/QF_BV/31187ae5.smt2,vanilla-yices2,0.007436,1,0,1,sat
/Users/e35480/git/kn-yices2-2/tests/regress/coverage/random/QF_BV/3b10377d.smt2,vanilla-yices2,0.011902,1,0,0,sat
/Users/e35480/git/kn-yices2-2/tests/regress/coverage/random/QF_BV/3b10377d.smt2,esat-2007,0.010745,1,0,1,sat
/Users/e35480/git/kn-yices2-2/tests/regress/coverage/random/QF_BV/3cac4b03.smt2,esat-2007,0.006054,1,0,0,unsat
/Users/e35480/git/kn-yices2-2/tests/regress/coverage/random/QF_BV/3cac4b03.smt2,vanilla-yices2,0.005397,1,0,1,unsat
/Users/e35480/git/kn-yices2-2/tests/regress/coverage/random/QF_BV/4268985f.smt2,vanilla-yices2,0.005396,1,0,0,sat
/Users/e35480/git/kn-yices2-2/tests/regress/coverage/random/QF_BV/4268985f.smt2,esat-2007,0.005251,1,0,1,sat
/Users/e35480/git/kn-yices2-2/tests/regress/coverage/random/QF_BV/498202d5.smt2,esat-2007,0.038362,1,0,0,unsat
/Users/e35480/git/kn-yices2-2/tests/regress/coverage/random/QF_BV/498202d5.smt2,vanilla-yices2,0.036908,1,0,1,unsat
/Users/e35480/git/kn-yices2-2/tests/regress/coverage/random/QF_BV/4f7dc4de.smt2,vanilla-yices2,0.073315,1,0,0,unsat
/Users/e35480/git/kn-yices2-2/tests/regress/coverage/random/QF_BV/4f7dc4de.smt2,esat-2007,0.072248,1,0,1,unsat
/Users/e35480/git/kn-yices2-2/tests/regress/coverage/random/QF_BV/54d3ba76.smt2,esat-2007,0.008482,1,0,0,sat
/Users/e35480/git/kn-yices2-2/tests/regress/coverage/random/QF_BV/54d3ba76.smt2,vanilla-yices2,0.006665,1,0,1,sat
/Users/e35480/git/kn-yices2-2/tests/regress/coverage/random/QF_BV/550bbc63.smt2,vanilla-yices2,0.005898,1,0,0,sat
/Users/e35480/git/kn-yices2-2/tests/regress/coverage/random/QF_BV/550bbc63.smt2,esat-2007,0.006326,1,0,1,sat
/Users/e35480/git/kn-yices2-2/tests/regress/coverage/random/QF_BV/57445929.smt2,esat-2007,0.005255,1,0,0,sat
/Users/e35480/git/kn-yices2-2/tests/regress/coverage/random/QF_BV/57445929.smt2,vanilla-yices2,0.005759,1,0,1,sat
/Users/e35480/git/kn-yices2-2/tests/regress/coverage/random/QF_BV/6a16b42b.smt2,vanilla-yices2,0.036554,1,0,0,sat
/Users/e35480/git/kn-yices2-2/tests/regress/coverage/random/QF_BV/6a16b42b.smt2,esat-2007,0.036158,1,0,1,sat
/Users/e35480/git/kn-yices2-2/tests/regress/coverage/random/QF_BV/6cafe1e1.smt2,esat-2007,0.005365,1,0,0,sat
/Users/e35480/git/kn-yices2-2/tests/regress/coverage/random/QF_BV/6cafe1e1.smt2,vanilla-yices2,0.005125,1,0,1,sat
/Users/e35480/git/kn-yices2-2/tests/regress/coverage/random/QF_BV/6df00913.smt2,vanilla-yices2,0.007536,1,0,0,unsat
/Users/e35480/git/kn-yices2-2/tests/regress/coverage/random/QF_BV/6df00913.smt2,esat-2007,0.005741,1,0,1,unsat
/Users/e35480/git/kn-yices2-2/tests/regress/coverage/random/QF_BV/729f8e74.smt2,esat-2007,0.005416,1,0,0,sat
/Users/e35480/git/kn-yices2-2/tests/regress/coverage/random/QF_BV/729f8e74.smt2,vanilla-yices2,0.006609,1,0,1,sat
/Users/e35480/git/kn-yices2-2/tests/regress/coverage/random/QF_BV/73afa00a.smt2,vanilla-yices2,0.004911,1,0,0,sat
/Users/e35480/git/kn-yices2-2/tests/regress/coverage/random/QF_BV/73afa00a.smt2,esat-2007,0.004902,1,0,1,sat
/Users/e35480/git/kn-yices2-2/tests/regress/coverage/random/QF_BV/773dda52.smt2,esat-2007,0.011164,1,0,0,sat
/Users/e35480/git/kn-yices2-2/tests/regress/coverage/random/QF_BV/773dda52.smt2,vanilla-yices2,0.012056,1,0,1,sat
/Users/e35480/git/kn-yices2-2/tests/regress/coverage/random/QF_BV/7b6e4602.smt2,vanilla-yices2,0.006123,1,0,0,unsat
/Users/e35480/git/kn-yices2-2/tests/regress/coverage/random/QF_BV/7b6e4602.smt2,esat-2007,0.006404,1,0,1,unsat
/Users/e35480/git/kn-yices2-2/tests/regress/coverage/random/QF_BV/7ddcd554.smt2,esat-2007,0.007413,1,0,0,sat
/Users/e35480/git/kn-yices2-2/tests/regress/coverage/random/QF_BV/7ddcd554.smt2,vanilla-yices2,0.007336,1,0,1,sat
/Users/e35480/git/kn-yices2-2/tests/regress/coverage/random/QF_BV/7f09a670.smt2,vanilla-yices2,0.005797,1,0,0,sat
/Users/e35480/git/kn-yices2-2/tests/regress/coverage/random/QF_BV/7f09a670.smt2,esat-2007,0.005960,1,0,1,sat
/Users/e35480/git/kn-yices2-2/tests/regress/coverage/random/QF_BV/873a1dbe.smt2,esat-2007,0.006402,1,0,0,unsat
/Users/e35480/git/kn-yices2-2/tests/regress/coverage/random/QF_BV/873a1dbe.smt2,vanilla-yices2,0.005270,1,0,1,unsat
/Users/e35480/git/kn-yices2-2/tests/regress/coverage/random/QF_BV/8ad5b59b.smt2,vanilla-yices2,0.006883,1,0,0,sat
/Users/e35480/git/kn-yices2-2/tests/regress/coverage/random/QF_BV/8ad5b59b.smt2,esat-2007,0.007302,1,0,1,sat
/Users/e35480/git/kn-yices2-2/tests/regress/coverage/random/QF_BV/9753e26e.smt2,esat-2007,0.005663,1,0,0,sat
/Users/e35480/git/kn-yices2-2/tests/regress/coverage/random/QF_BV/9753e26e.smt2,vanilla-yices2,0.005598,1,0,1,sat
/Users/e35480/git/kn-yices2-2/tests/regress/coverage/random/QF_BV/97bcf334.smt2,vanilla-yices2,0.005354,1,0,0,unsat
/Users/e35480/git/kn-yices2-2/tests/regress/coverage/random/QF_BV/97bcf334.smt2,esat-2007,0.005429,1,0,1,unsat
/Users/e35480/git/kn-yices2-2/tests/regress/coverage/random/QF_BV/9ef3296a.smt2,esat-2007,0.034259,1,0,0,sat
/Users/e35480/git/kn-yices2-2/tests/regress/coverage/random/QF_BV/9ef3296a.smt2,vanilla-yices2,0.035745,1,0,1,sat
/Users/e35480/git/kn-yices2-2/tests/regress/coverage/random/QF_BV/a007b83a.smt2,vanilla-yices2,0.006728,1,0,0,sat
/Users/e35480/git/kn-yices2-2/tests/regress/coverage/random/QF_BV/a007b83a.smt2,esat-2007,0.006542,1,0,1,sat
/Users/e35480/git/kn-yices2-2/tests/regress/coverage/random/QF_BV/a166e8af.smt2,esat-2007,0.010209,1,0,0,sat
/Users/e35480/git/kn-yices2-2/tests/regress/coverage/random/QF_BV/a166e8af.smt2,vanilla-yices2,0.010298,1,0,1,sat
/Users/e35480/git/kn-yices2-2/tests/regress/coverage/random/QF_BV/abd8ba61.smt2,vanilla-yices2,0.005744,1,0,0,sat
/Users/e35480/git/kn-yices2-2/tests/regress/coverage/random/QF_BV/abd8ba61.smt2,esat-2007,0.005263,1,0,1,sat
/Users/e35480/git/kn-yices2-2/tests/regress/coverage/random/QF_BV/b0fd092c.smt2,esat-2007,0.046460,1,0,0,sat
/Users/e35480/git/kn-yices2-2/tests/regress/coverage/random/QF_BV/b0fd092c.smt2,vanilla-yices2,0.045864,1,0,1,sat
/Users/e35480/git/kn-yices2-2/tests/regress/coverage/random/QF_BV/b45e9b79.smt2,vanilla-yices2,0.005833,1,0,0,sat
/Users/e35480/git/kn-yices2-2/tests/regress/coverage/random/QF_BV/b45e9b79.smt2,esat-2007,0.006487,1,0,1,sat
/Users/e35480/git/kn-yices2-2/tests/regress/coverage/random/QF_BV/b6f7b06b.smt2,esat-2007,0.006102,1,0,0,sat
/Users/e35480/git/kn-yices2-2/tests/regress/coverage/random/QF_BV/b6f7b06b.smt2,vanilla-yices2,0.005984,1,0,1,sat
/Users/e35480/git/kn-yices2-2/tests/regress/coverage/random/QF_BV/ba0c4bc3.smt2,vanilla-yices2,0.007075,1,0,0,sat
/Users/e35480/git/kn-yices2-2/tests/regress/coverage/random/QF_BV/ba0c4bc3.smt2,esat-2007,0.006020,1,0,1,sat
/Users/e35480/git/kn-yices2-2/tests/regress/coverage/random/QF_BV/bae10308.smt2,esat-2007,0.006841,1,0,0,sat
/Users/e35480/git/kn-yices2-2/tests/regress/coverage/random/QF_BV/bae10308.smt2,vanilla-yices2,0.005555,1,0,1,sat
/Users/e35480/git/kn-yices2-2/tests/regress/coverage/random/QF_BV/bc292413.smt2,vanilla-yices2,0.005648,1,0,0,unsat
/Users/e35480/git/kn-yices2-2/tests/regress/coverage/random/QF_BV/bc292413.smt2,esat-2007,0.007156,1,0,1,unsat
/Users/e35480/git/kn-yices2-2/tests/regress/coverage/random/QF_BV/bde61279.smt2,esat-2007,0.009332,1,0,0,sat
/Users/e35480/git/kn-yices2-2/tests/regress/coverage/random/QF_BV/bde61279.smt2,vanilla-yices2,0.008954,1,0,1,sat
/Users/e35480/git/kn-yices2-2/tests/regress/coverage/random/QF_BV/cd9fc49e.smt2,vanilla-yices2,0.013371,1,0,0,unsat
/Users/e35480/git/kn-yices2-2/tests/regress/coverage/random/QF_BV/cd9fc49e.smt2,esat-2007,0.013309,1,0,1,unsat
/Users/e35480/git/kn-yices2-2/tests/regress/coverage/random/QF_BV/cdb8ba2a.smt2,esat-2007,0.014778,1,0,0,sat
/Users/e35480/git/kn-yices2-2/tests/regress/coverage/random/QF_BV/cdb8ba2a.smt2,vanilla-yices2,0.013028,1,0,1,sat
/Users/e35480/git/kn-yices2-2/tests/regress/coverage/random/QF_BV/d2d9f16c.smt2,vanilla-yices2,0.008194,1,0,0,unsat
/Users/e35480/git/kn-yices2-2/tests/regress/coverage/random/QF_BV/d2d9f16c.smt2,esat-2007,0.006352,1,0,1,unsat
/Users/e35480/git/kn-yices2-2/tests/regress/coverage/random/QF_BV/d491559f.smt2,esat-2007,0.007290,1,0,0,sat
/Users/e35480/git/kn-yices2-2/tests/regress/coverage/random/QF_BV/d491559f.smt2,vanilla-yices2,0.006573,1,0,1,sat
/Users/e35480/git/kn-yices2-2/tests/regress/coverage/random/QF_BV/d4af409b.smt2,vanilla-yices2,0.295639,1,0,0,sat
/Users/e35480/git/kn-yices2-2/tests/regress/coverage/random/QF_BV/d4af409b.smt2,esat-2007,0.294268,1,0,1,sat
/Users/e35480/git/kn-yices2-2/tests/regress/coverage/random/QF_BV/d55172aa.smt2,esat-2007,0.005939,1,0,0,sat
/Users/e35480/git/kn-yices2-2/tests/regress/coverage/random/QF_BV/d55172aa.smt2,vanilla-yices2,0.005818,1,0,1,sat
/Users/e35480/git/kn-yices2-2/tests/regress/coverage/random/QF_BV/dcf95ae7.smt2,vanilla-yices2,0.011236,1,0,0,sat
/Users/e35480/git/kn-yices2-2/tests/regress/coverage/random/QF_BV/dcf95ae7.smt2,esat-2007,0.008873,1,0,1,sat
/Users/e35480/git/kn-yices2-2/tests/regress/coverage/random/QF_BV/e0acb949.smt2,esat-2007,0.005853,1,0,0,unsat
/Users/e35480/git/kn-yices2-2/tests/regress/coverage/random/QF_BV/e0acb949.smt2,vanilla-yices2,0.005334,1,0,1,unsat
/Users/e35480/git/kn-yices2-2/tests/regress/coverage/random/QF_BV/e1ff5428.smt2,vanilla-yices2,0.005530,1,0,0,sat
/Users/e35480/git/kn-yices2-2/tests/regress/coverage/random/QF_BV/e1ff5428.smt2,esat-2007,0.006186,1,0,1,sat
/Users/e35480/git/kn-yices2-2/tests/regress/coverage/random/QF_BV/e3140edc.smt2,esat-2007,0.006641,1,0,0,unsat
/Users/e35480/git/kn-yices2-2/tests/regress/coverage/random/QF_BV/e3140edc.smt2,vanilla-yices2,0.006938,1,0,1,unsat
/Users/e35480/git/kn-yices2-2/tests/regress/coverage/random/QF_BV/e73ce82d.smt2,vanilla-yices2,0.006956,1,0,0,unsat
/Users/e35480/git/kn-yices2-2/tests/regress/coverage/random/QF_BV/e73ce82d.smt2,esat-2007,0.006122,1,0,1,unsat
/Users/e35480/git/kn-yices2-2/tests/regress/coverage/random/QF_BV/f48f163b.smt2,esat-2007,0.126465,1,0,0,sat
/Users/e35480/git/kn-yices2-2/tests/regress/coverage/random/QF_BV/f48f163b.smt2,vanilla-yices2,0.126743,1,0,1,sat
/Users/e35480/git/kn-yices2-2/tests/regress/coverage/random/QF_BV/f8e2a7ed.smt2,vanilla-yices2,0.005928,1,0,0,sat
/Users/e35480/git/kn-yices2-2/tests/regress/coverage/random/QF_BV/f8e2a7ed.smt2,esat-2007,0.007445,1,0,1,sat
/Users/e35480/git/kn-yices2-2/tests/regress/coverage/random/QF_IDL/1b694516.smt2,esat-2007,0.005641,1,0,0,unsat
/Users/e35480/git/kn-yices2-2/tests/regress/coverage/random/QF_IDL/1b694516.smt2,vanilla-yices2,0.005207,1,0,1,unsat
/Users/e35480/git/kn-yices2-2/tests/regress/coverage/random/QF_IDL/268ed0cf.smt2,vanilla-yices2,0.007129,1,0,0,sat
/Users/e35480/git/kn-yices2-2/tests/regress/coverage/random/QF_IDL/268ed0cf.smt2,esat-2007,0.006183,1,0,1,sat
/Users/e35480/git/kn-yices2-2/tests/regress/coverage/random/QF_IDL/35d358eb.smt2,esat-2007,0.005138,1,0,0,unsat
/Users/e35480/git/kn-yices2-2/tests/regress/coverage/random/QF_IDL/35d358eb.smt2,vanilla-yices2,0.006203,1,0,1,unsat
/Users/e35480/git/kn-yices2-2/tests/regress/coverage/random/QF_IDL/3e5e2e59.smt2,vanilla-yices2,0.005642,1,0,0,sat
/Users/e35480/git/kn-yices2-2/tests/regress/coverage/random/QF_IDL/3e5e2e59.smt2,esat-2007,0.005304,1,0,1,sat
/Users/e35480/git/kn-yices2-2/tests/regress/coverage/random/QF_IDL/46b8879c.smt2,esat-2007,0.007673,1,0,0,sat
/Users/e35480/git/kn-yices2-2/tests/regress/coverage/random/QF_IDL/46b8879c.smt2,vanilla-yices2,0.006810,1,0,1,sat
/Users/e35480/git/kn-yices2-2/tests/regress/coverage/random/QF_IDL/6b1e2414.smt2,vanilla-yices2,0.005534,1,0,0,sat
/Users/e35480/git/kn-yices2-2/tests/regress/coverage/random/QF_IDL/6b1e2414.smt2,esat-2007,0.007662,1,0,1,sat
/Users/e35480/git/kn-yices2-2/tests/regress/coverage/random/QF_IDL/6c610c66.smt2,esat-2007,0.005759,1,0,0,sat
/Users/e35480/git/kn-yices2-2/tests/regress/coverage/random/QF_IDL/6c610c66.smt2,vanilla-yices2,0.006245,1,0,1,sat
/Users/e35480/git/kn-yices2-2/tests/regress/coverage/random/QF_IDL/6f0279df.smt2,vanilla-yices2,0.005716,1,0,0,unsat
/Users/e35480/git/kn-yices2-2/tests/regress/coverage/random/QF_IDL/6f0279df.smt2,esat-2007,0.006102,1,0,1,unsat
/Users/e35480/git/kn-yices2-2/tests/regress/coverage/random/QF_IDL/74c47979.smt2,esat-2007,0.005375,1,0,0,unsat
/Users/e35480/git/kn-yices2-2/tests/regress/coverage/random/QF_IDL/74c47979.smt2,vanilla-yices2,0.005892,1,0,1,unsat
/Users/e35480/git/kn-yices2-2/tests/regress/coverage/random/QF_IDL/8e7bdc40.smt2,vanilla-yices2,0.006187,1,0,0,sat
/Users/e35480/git/kn-yices2-2/tests/regress/coverage/random/QF_IDL/8e7bdc40.smt2,esat-2007,0.007058,1,0,1,sat
/Users/e35480/git/kn-yices2-2/tests/regress/coverage/random/QF_IDL/9f5469b5.smt2,esat-2007,0.006768,1,0,0,sat
/Users/e35480/git/kn-yices2-2/tests/regress/coverage/random/QF_IDL/9f5469b5.smt2,vanilla-yices2,0.005755,1,0,1,sat
/Users/e35480/git/kn-yices2-2/tests/regress/coverage/random/QF_IDL/af1527fd.smt2,vanilla-yices2,0.007116,1,0,0,unsat
/Users/e35480/git/kn-yices2-2/tests/regress/coverage/random/QF_IDL/af1527fd.smt2,esat-2007,0.030375,1,0,1,unsat
/Users/e35480/git/kn-yices2-2/tests/regress/coverage/random/QF_IDL/b1b3b307.smt2,esat-2007,0.021257,1,0,0,unsat
/Users/e35480/git/kn-yices2-2/tests/regress/coverage/random/QF_IDL/b1b3b307.smt2,vanilla-yices2,0.006152,1,0,1,unsat
/Users/e35480/git/kn-yices2-2/tests/regress/coverage/random/QF_IDL/b7d34cf9.smt2,vanilla-yices2,0.006057,1,0,0,unsat
/Users/e35480/git/kn-yices2-2/tests/regress/coverage/random/QF_IDL/b7d34cf9.smt2,esat-2007,0.006918,1,0,1,unsat
/Users/e35480/git/kn-yices2-2/tests/regress/coverage/random/QF_IDL/bee51410.smt2,esat-2007,0.005550,1,0,0,unsat
/Users/e35480/git/kn-yices2-2/tests/regress/coverage/random/QF_IDL/bee51410.smt2,vanilla-yices2,0.005307,1,0,1,unsat
/Users/e35480/git/kn-yices2-2/tests/regress/coverage/random/QF_IDL/dfab9e5b.smt2,vanilla-yices2,0.006214,1,0,0,unsat
/Users/e35480/git/kn-yices2-2/tests/regress/coverage/random/QF_IDL/dfab9e5b.smt2,esat-2007,0.005459,1,0,1,unsat
/Users/e35480/git/kn-yices2-2/tests/regress/coverage/random/QF_IDL/e540ecd5.smt2,esat-2007,0.005905,1,0,0,sat
/Users/e35480/git/kn-yices2-2/tests/regress/coverage/random/QF_IDL/e540ecd5.smt2,vanilla-yices2,0.006053,1,0,1,sat
/Users/e35480/git/kn-yices2-2/tests/regress/coverage/random/QF_IDL/e570fcc3.smt2,vanilla-yices2,0.005151,1,0,0,unsat
/Users/e35480/git/kn-yices2-2/tests/regress/coverage/random/QF_IDL/e570fcc3.smt2,esat-2007,0.005718,1,0,1,unsat
/Users/e35480/git/kn-yices2-2/tests/regress/coverage/random/QF_IDL/eb040e6e.smt2,esat-2007,0.005702,1,0,0,sat
/Users/e35480/git/kn-yices2-2/tests/regress/coverage/random/QF_IDL/eb040e6e.smt2,vanilla-yices2,0.005410,1,0,1,sat
/Users/e35480/git/kn-yices2-2/tests/regress/coverage/random/QF_LIA/1ca974b6.smt2,vanilla-yices2,0.006042,1,0,0,unsat
/Users/e35480/git/kn-yices2-2/tests/regress/coverage/random/QF_LIA/1ca974b6.smt2,esat-2007,0.006924,1,0,1,unsat
/Users/e35480/git/kn-yices2-2/tests/regress/coverage/random/QF_LIA/2de4999d.smt2,esat-2007,0.005377,1,0,0,sat
/Users/e35480/git/kn-yices2-2/tests/regress/coverage/random/QF_LIA/2de4999d.smt2,vanilla-yices2,0.005502,1,0,1,sat
/Users/e35480/git/kn-yices2-2/tests/regress/coverage/random/QF_LIA/3135426d.smt2,vanilla-yices2,0.008033,1,0,0,sat
/Users/e35480/git/kn-yices2-2/tests/regress/coverage/random/QF_LIA/3135426d.smt2,esat-2007,0.006152,1,0,1,sat
/Users/e35480/git/kn-yices2-2/tests/regress/coverage/random/QF_LIA/366b3fee.smt2,esat-2007,0.021209,1,0,0,sat
/Users/e35480/git/kn-yices2-2/tests/regress/coverage/random/QF_LIA/366b3fee.smt2,vanilla-yices2,0.018367,1,0,1,sat
/Users/e35480/git/kn-yices2-2/tests/regress/coverage/random/QF_LIA/485ed27c.smt2,vanilla-yices2,0.005583,1,0,0,unsat
/Users/e35480/git/kn-yices2-2/tests/regress/coverage/random/QF_LIA/485ed27c.smt2,esat-2007,0.005434,1,0,1,unsat
/Users/e35480/git/kn-yices2-2/tests/regress/coverage/random/QF_LIA/66958542.smt2,esat-2007,0.005621,1,0,0,sat
/Users/e35480/git/kn-yices2-2/tests/regress/coverage/random/QF_LIA/66958542.smt2,vanilla-yices2,0.005498,1,0,1,sat
/Users/e35480/git/kn-yices2-2/tests/regress/coverage/random/QF_LIA/892ff7d6.smt2,vanilla-yices2,0.005695,1,0,0,unsat
/Users/e35480/git/kn-yices2-2/tests/regress/coverage/random/QF_LIA/892ff7d6.smt2,esat-2007,0.004959,1,0,1,unsat
/Users/e35480/git/kn-yices2-2/tests/regress/coverage/random/QF_LIA/897d0cab.smt2,esat-2007,0.006649,1,0,0,unsat
/Users/e35480/git/kn-yices2-2/tests/regress/coverage/random/QF_LIA/897d0cab.smt2,vanilla-yices2,0.006408,1,0,1,unsat
/Users/e35480/git/kn-yices2-2/tests/regress/coverage/random/QF_LIA/8a6f7991.smt2,vanilla-yices2,0.011575,1,0,0,sat
/Users/e35480/git/kn-yices2-2/tests/regress/coverage/random/QF_LIA/8a6f7991.smt2,esat-2007,0.010414,1,0,1,sat
/Users/e35480/git/kn-yices2-2/tests/regress/coverage/random/QF_LIA/946e339d.smt2,esat-2007,0.074690,1,0,0,sat
/Users/e35480/git/kn-yices2-2/tests/regress/coverage/random/QF_LIA/946e339d.smt2,vanilla-yices2,0.035233,1,0,1,sat
/Users/e35480/git/kn-yices2-2/tests/regress/coverage/random/QF_LIA/9b5b8eb2.smt2,vanilla-yices2,0.007012,1,0,0,sat
/Users/e35480/git/kn-yices2-2/tests/regress/coverage/random/QF_LIA/9b5b8eb2.smt2,esat-2007,0.005945,1,0,1,sat
/Users/e35480/git/kn-yices2-2/tests/regress/coverage/random/QF_LIA/db53c9b3.smt2,esat-2007,0.005453,1,0,0,unsat
/Users/e35480/git/kn-yices2-2/tests/regress/coverage/random/QF_LIA/db53c9b3.smt2,vanilla-yices2,0.005178,1,0,1,unsat
/Users/e35480/git/kn-yices2-2/tests/regress/coverage/random/QF_LIA/e662d85f.smt2,vanilla-yices2,0.006385,1,0,0,sat
/Users/e35480/git/kn-yices2-2/tests/regress/coverage/random/QF_LIA/e662d85f.smt2,esat-2007,0.007222,1,0,1,sat
/Users/e35480/git/kn-yices2-2/tests/regress/coverage/random/QF_LRA/1175c125.smt2,esat-2007,0.005345,1,0,0,unsat
/Users/e35480/git/kn-yices2-2/tests/regress/coverage/random/QF_LRA/1175c125.smt2,vanilla-yices2,0.005349,1,0,1,unsat
/Users/e35480/git/kn-yices2-2/tests/regress/coverage/random/QF_LRA/128806be.smt2,vanilla-yices2,0.005301,1,0,0,sat
/Users/e35480/git/kn-yices2-2/tests/regress/coverage/random/QF_LRA/128806be.smt2,esat-2007,0.005672,1,0,1,sat
/Users/e35480/git/kn-yices2-2/tests/regress/coverage/random/QF_LRA/1714a8d0.smt2,esat-2007,0.005963,1,0,0,unsat
/Users/e35480/git/kn-yices2-2/tests/regress/coverage/random/QF_LRA/1714a8d0.smt2,vanilla-yices2,0.004968,1,0,1,unsat
/Users/e35480/git/kn-yices2-2/tests/regress/coverage/random/QF_LRA/17813021.smt2,vanilla-yices2,0.005371,1,0,0,sat
/Users/e35480/git/kn-yices2-2/tests/regress/coverage/random/QF_LRA/17813021.smt2,esat-2007,0.005062,1,0,1,sat
/Users/e35480/git/kn-yices2-2/tests/regress/coverage/random/QF_LRA/2879cfd7.smt2,esat-2007,0.005291,1,0,0,sat
/Users/e35480/git/kn-yices2-2/tests/regress/coverage/random/QF_LRA/2879cfd7.smt2,vanilla-yices2,0.004912,1,0,1,sat
/Users/e35480/git/kn-yices2-2/tests/regress/coverage/random/QF_LRA/28b44ac6.smt2,vanilla-yices2,0.008167,1,0,0,sat
/Users/e35480/git/kn-yices2-2/tests/regress/coverage/random/QF_LRA/28b44ac6.smt2,esat-2007,0.007543,1,0,1,sat
/Users/e35480/git/kn-yices2-2/tests/regress/coverage/random/QF_LRA/2e4d28cb.smt2,esat-2007,0.005527,1,0,0,unsat
/Users/e35480/git/kn-yices2-2/tests/regress/coverage/random/QF_LRA/2e4d28cb.smt2,vanilla-yices2,0.006571,1,0,1,unsat
/Users/e35480/git/kn-yices2-2/tests/regress/coverage/random/QF_LRA/2e641cac.smt2,vanilla-yices2,0.006700,1,0,0,unsat
/Users/e35480/git/kn-yices2-2/tests/regress/coverage/random/QF_LRA/2e641cac.smt2,esat-2007,0.005247,1,0,1,unsat
/Users/e35480/git/kn-yices2-2/tests/regress/coverage/random/QF_LRA/30542e2e.smt2,esat-2007,0.004897,1,0,0,sat
/Users/e35480/git/kn-yices2-2/tests/regress/coverage/random/QF_LRA/30542e2e.smt2,vanilla-yices2,0.005552,1,0,1,sat
/Users/e35480/git/kn-yices2-2/tests/regress/coverage/random/QF_LRA/4838edde.smt2,vanilla-yices2,0.007439,1,0,0,sat
/Users/e35480/git/kn-yices2-2/tests/regress/coverage/random/QF_LRA/4838edde.smt2,esat-2007,0.007753,1,0,1,sat
/Users/e35480/git/kn-yices2-2/tests/regress/coverage/random/QF_LRA/4c8a211f.smt2,esat-2007,0.021568,1,0,0,sat
/Users/e35480/git/kn-yices2-2/tests/regress/coverage/random/QF_LRA/4c8a211f.smt2,vanilla-yices2,0.022461,1,0,1,sat
/Users/e35480/git/kn-yices2-2/tests/regress/coverage/random/QF_LRA/54038167.smt2,vanilla-yices2,0.006462,1,0,0,unsat
/Users/e35480/git/kn-yices2-2/tests/regress/coverage/random/QF_LRA/54038167.smt2,esat-2007,0.005308,1,0,1,unsat
/Users/e35480/git/kn-yices2-2/tests/regress/coverage/random/QF_LRA/5817ae85.smt2,esat-2007,0.005789,1,0,0,unsat
/Users/e35480/git/kn-yices2-2/tests/regress/coverage/random/QF_LRA/5817ae85.smt2,vanilla-yices2,0.005797,1,0,1,unsat
/Users/e35480/git/kn-yices2-2/tests/regress/coverage/random/QF_LRA/5f614f99.smt2,vanilla-yices2,0.502815,1,0,0,sat
/Users/e35480/git/kn-yices2-2/tests/regress/coverage/random/QF_LRA/5f614f99.smt2,esat-2007,0.150683,1,0,1,sat
/Users/e35480/git/kn-yices2-2/tests/regress/coverage/random/QF_LRA/70bfa813.smt2,esat-2007,0.008652,1,0,0,sat
/Users/e35480/git/kn-yices2-2/tests/regress/coverage/random/QF_LRA/70bfa813.smt2,vanilla-yices2,0.007594,1,0,1,sat
/Users/e35480/git/kn-yices2-2/tests/regress/coverage/random/QF_LRA/817b6fcd.smt2,vanilla-yices2,0.005917,1,0,0,unsat
/Users/e35480/git/kn-yices2-2/tests/regress/coverage/random/QF_LRA/817b6fcd.smt2,esat-2007,0.005716,1,0,1,unsat
/Users/e35480/git/kn-yices2-2/tests/regress/coverage/random/QF_LRA/9c6a4843.smt2,esat-2007,0.005934,1,0,0,sat
/Users/e35480/git/kn-yices2-2/tests/regress/coverage/random/QF_LRA/9c6a4843.smt2,vanilla-yices2,0.005953,1,0,1,sat
/Users/e35480/git/kn-yices2-2/tests/regress/coverage/random/QF_LRA/a22ce037.smt2,vanilla-yices2,0.012845,1,0,0,sat
/Users/e35480/git/kn-yices2-2/tests/regress/coverage/random/QF_LRA/a22ce037.smt2,esat-2007,0.010931,1,0,1,sat
/Users/e35480/git/kn-yices2-2/tests/regress/coverage/random/QF_LRA/a6c22f1d.smt2,esat-2007,0.007340,1,0,0,sat
/Users/e35480/git/kn-yices2-2/tests/regress/coverage/random/QF_LRA/a6c22f1d.smt2,vanilla-yices2,0.005870,1,0,1,sat
/Users/e35480/git/kn-yices2-2/tests/regress/coverage/random/QF_LRA/ae775b3c.smt2,vanilla-yices2,0.005425,1,0,0,unsat
/Users/e35480/git/kn-yices2-2/tests/regress/coverage/random/QF_LRA/ae775b3c.smt2,esat-2007,0.005394,1,0,1,unsat
/Users/e35480/git/kn-yices2-2/tests/regress/coverage/random/QF_LRA/afad9ff7.smt2,esat-2007,0.006537,1,0,0,sat
/Users/e35480/git/kn-yices2-2/tests/regress/coverage/random/QF_LRA/afad9ff7.smt2,vanilla-yices2,0.006282,1,0,1,sat
/Users/e35480/git/kn-yices2-2/tests/regress/coverage/random/QF_LRA/b0164583.smt2,vanilla-yices2,0.004986,1,0,0,sat
/Users/e35480/git/kn-yices2-2/tests/regress/coverage/random/QF_LRA/b0164583.smt2,esat-2007,0.006056,1,0,1,sat
/Users/e35480/git/kn-yices2-2/tests/regress/coverage/random/QF_LRA/bd228f0d.smt2,esat-2007,0.007892,1,0,0,sat
/Users/e35480/git/kn-yices2-2/tests/regress/coverage/random/QF_LRA/bd228f0d.smt2,vanilla-yices2,0.007095,1,0,1,sat
/Users/e35480/git/kn-yices2-2/tests/regress/coverage/random/QF_LRA/bdbddd13.smt2,vanilla-yices2,0.013017,1,0,0,sat
/Users/e35480/git/kn-yices2-2/tests/regress/coverage/random/QF_LRA/bdbddd13.smt2,esat-2007,0.011670,1,0,1,sat
/Users/e35480/git/kn-yices2-2/tests/regress/coverage/random/QF_LRA/c0d4a681.smt2,esat-2007,0.007019,1,0,0,sat
/Users/e35480/git/kn-yices2-2/tests/regress/coverage/random/QF_LRA/c0d4a681.smt2,vanilla-yices2,0.005372,1,0,1,sat
/Users/e35480/git/kn-yices2-2/tests/regress/coverage/random/QF_LRA/c2e98bca.smt2,vanilla-yices2,0.005097,1,0,0,unsat
/Users/e35480/git/kn-yices2-2/tests/regress/coverage/random/QF_LRA/c2e98bca.smt2,esat-2007,0.005851,1,0,1,unsat
/Users/e35480/git/kn-yices2-2/tests/regress/coverage/random/QF_LRA/c3abcc52.smt2,esat-2007,0.004789,1,0,0,unsat
/Users/e35480/git/kn-yices2-2/tests/regress/coverage/random/QF_LRA/c3abcc52.smt2,vanilla-yices2,0.005935,1,0,1,unsat
/Users/e35480/git/kn-yices2-2/tests/regress/coverage/random/QF_LRA/c545f52e.smt2,vanilla-yices2,0.005209,1,0,0,unsat
/Users/e35480/git/kn-yices2-2/tests/regress/coverage/random/QF_LRA/c545f52e.smt2,esat-2007,0.005913,1,0,1,unsat
/Users/e35480/git/kn-yices2-2/tests/regress/coverage/random/QF_LRA/cbdacb1f.smt2,esat-2007,0.005759,1,0,0,unsat
/Users/e35480/git/kn-yices2-2/tests/regress/coverage/random/QF_LRA/cbdacb1f.smt2,vanilla-yices2,0.006689,1,0,1,unsat
/Users/e35480/git/kn-yices2-2/tests/regress/coverage/random/QF_LRA/cfb467a7.smt2,vanilla-yices2,0.006049,1,0,0,unsat
/Users/e35480/git/kn-yices2-2/tests/regress/coverage/random/QF_LRA/cfb467a7.smt2,esat-2007,0.005597,1,0,1,unsat
/Users/e35480/git/kn-yices2-2/tests/regress/coverage/random/QF_LRA/da6df395.smt2,esat-2007,0.006043,1,0,0,unsat
/Users/e35480/git/kn-yices2-2/tests/regress/coverage/random/QF_LRA/da6df395.smt2,vanilla-yices2,0.005561,1,0,1,unsat
/Users/e35480/git/kn-yices2-2/tests/regress/coverage/random/QF_LRA/eb08ed51.smt2,vanilla-yices2,0.005349,1,0,0,unsat
/Users/e35480/git/kn-yices2-2/tests/regress/coverage/random/QF_LRA/eb08ed51.smt2,esat-2007,0.006123,1,0,1,unsat
/Users/e35480/git/kn-yices2-2/tests/regress/coverage/random/QF_LRA/efbdf7fc.smt2,esat-2007,0.005975,1,0,0,sat
/Users/e35480/git/kn-yices2-2/tests/regress/coverage/random/QF_LRA/efbdf7fc.smt2,vanilla-yices2,0.006538,1,0,1,sat
/Users/e35480/git/kn-yices2-2/tests/regress/coverage/random/QF_LRA/f4d2a270.smt2,vanilla-yices2,0.012326,1,0,0,sat
/Users/e35480/git/kn-yices2-2/tests/regress/coverage/random/QF_LRA/f4d2a270.smt2,esat-2007,0.013264,1,0,1,sat
/Users/e35480/git/kn-yices2-2/tests/regress/coverage/random/QF_LRA/fb3397ce.smt2,esat-2007,0.006920,1,0,0,sat
/Users/e35480/git/kn-yices2-2/tests/regress/coverage/random/QF_LRA/fb3397ce.smt2,vanilla-yices2,0.005806,1,0,1,sat
/Users/e35480/git/kn-yices2-2/tests/regress/coverage/random/QF_UF/0271da96.smt2,vanilla-yices2,0.006357,1,0,0,sat
/Users/e35480/git/kn-yices2-2/tests/regress/coverage/random/QF_UF/0271da96.smt2,esat-2007,0.006550,1,0,1,sat
/Users/e35480/git/kn-yices2-2/tests/regress/coverage/random/QF_UF/0be8401c.smt2,esat-2007,0.006465,1,0,0,sat
/Users/e35480/git/kn-yices2-2/tests/regress/coverage/random/QF_UF/0be8401c.smt2,vanilla-yices2,0.006612,1,0,1,sat
/Users/e35480/git/kn-yices2-2/tests/regress/coverage/random/QF_UF/20b11783.smt2,vanilla-yices2,0.005276,1,0,0,sat
/Users/e35480/git/kn-yices2-2/tests/regress/coverage/random/QF_UF/20b11783.smt2,esat-2007,0.006113,1,0,1,sat
/Users/e35480/git/kn-yices2-2/tests/regress/coverage/random/QF_UF/392c2b4f.smt2,esat-2007,0.007669,1,0,0,sat
/Users/e35480/git/kn-yices2-2/tests/regress/coverage/random/QF_UF/392c2b4f.smt2,vanilla-yices2,0.007186,1,0,1,sat
/Users/e35480/git/kn-yices2-2/tests/regress/coverage/random/QF_UF/4434134a.smt2,vanilla-yices2,0.007597,1,0,0,sat
/Users/e35480/git/kn-yices2-2/tests/regress/coverage/random/QF_UF/4434134a.smt2,esat-2007,0.005899,1,0,1,sat
/Users/e35480/git/kn-yices2-2/tests/regress/coverage/random/QF_UF/512dd826.smt2,esat-2007,0.006593,1,0,0,sat
/Users/e35480/git/kn-yices2-2/tests/regress/coverage/random/QF_UF/512dd826.smt2,vanilla-yices2,0.005970,1,0,1,sat
/Users/e35480/git/kn-yices2-2/tests/regress/coverage/random/QF_UF/546617b0.smt2,vanilla-yices2,0.005964,1,0,0,sat
/Users/e35480/git/kn-yices2-2/tests/regress/coverage/random/QF_UF/546617b0.smt2,esat-2007,0.007338,1,0,1,sat
/Users/e35480/git/kn-yices2-2/tests/regress/coverage/random/QF_UF/80f23efc.smt2,esat-2007,0.006431,1,0,0,sat
/Users/e35480/git/kn-yices2-2/tests/regress/coverage/random/QF_UF/80f23efc.smt2,vanilla-yices2,0.007770,1,0,1,sat
/Users/e35480/git/kn-yices2-2/tests/regress/coverage/random/QF_UF/91bbcac0.smt2,vanilla-yices2,0.006257,1,0,0,sat
/Users/e35480/git/kn-yices2-2/tests/regress/coverage/random/QF_UF/91bbcac0.smt2,esat-2007,0.006607,1,0,1,sat
/Users/e35480/git/kn-yices2-2/tests/regress/coverage/random/QF_UF/942b5259.smt2,esat-2007,0.005777,1,0,0,sat
/Users/e35480/git/kn-yices2-2/tests/regress/coverage/random/QF_UF/942b5259.smt2,vanilla-yices2,0.005953,1,0,1,sat
/Users/e35480/git/kn-yices2-2/tests/regress/coverage/random/QF_UF/9b9c3481.smt2,vanilla-yices2,0.007379,1,0,0,sat
/Users/e35480/git/kn-yices2-2/tests/regress/coverage/random/QF_UF/9b9c3481.smt2,esat-2007,0.007300,1,0,1,sat
/Users/e35480/git/kn-yices2-2/tests/regress/coverage/random/QF_UF/a6b93893.smt2,esat-2007,0.006789,1,0,0,sat
/Users/e35480/git/kn-yices2-2/tests/regress/coverage/random/QF_UF/a6b93893.smt2,vanilla-yices2,0.006642,1,0,1,sat
/Users/e35480/git/kn-yices2-2/tests/regress/coverage/random/QF_UF/b1c3a00e.smt2,vanilla-yices2,0.005967,1,0,0,sat
/Users/e35480/git/kn-yices2-2/tests/regress/coverage/random/QF_UF/b1c3a00e.smt2,esat-2007,0.005849,1,0,1,sat
/Users/e35480/git/kn-yices2-2/tests/regress/coverage/random/QF_UFBV/10495933.smt2,esat-2007,0.005311,1,0,0,sat
/Users/e35480/git/kn-yices2-2/tests/regress/coverage/random/QF_UFBV/10495933.smt2,vanilla-yices2,0.005318,1,0,1,sat
/Users/e35480/git/kn-yices2-2/tests/regress/coverage/random/QF_UFBV/18e993ce.smt2,vanilla-yices2,0.009830,1,0,0,sat
/Users/e35480/git/kn-yices2-2/tests/regress/coverage/random/QF_UFBV/18e993ce.smt2,esat-2007,0.006861,1,0,1,sat
/Users/e35480/git/kn-yices2-2/tests/regress/coverage/random/QF_UFBV/1f8c13bc.smt2,esat-2007,0.007079,1,0,0,sat
/Users/e35480/git/kn-yices2-2/tests/regress/coverage/random/QF_UFBV/1f8c13bc.smt2,vanilla-yices2,0.005356,1,0,1,sat
/Users/e35480/git/kn-yices2-2/tests/regress/coverage/random/QF_UFBV/26bc3b92.smt2,vanilla-yices2,0.008267,1,0,0,sat
/Users/e35480/git/kn-yices2-2/tests/regress/coverage/random/QF_UFBV/26bc3b92.smt2,esat-2007,0.007569,1,0,1,sat
/Users/e35480/git/kn-yices2-2/tests/regress/coverage/random/QF_UFBV/2737bb29.smt2,esat-2007,0.005452,1,0,0,sat
/Users/e35480/git/kn-yices2-2/tests/regress/coverage/random/QF_UFBV/2737bb29.smt2,vanilla-yices2,0.005422,1,0,1,sat
/Users/e35480/git/kn-yices2-2/tests/regress/coverage/random/QF_UFBV/29f565c3.smt2,vanilla-yices2,0.006255,1,0,0,sat
/Users/e35480/git/kn-yices2-2/tests/regress/coverage/random/QF_UFBV/29f565c3.smt2,esat-2007,0.007214,1,0,1,sat
/Users/e35480/git/kn-yices2-2/tests/regress/coverage/random/QF_UFBV/301fe1a8.smt2,esat-2007,0.008626,1,0,0,sat
/Users/e35480/git/kn-yices2-2/tests/regress/coverage/random/QF_UFBV/301fe1a8.smt2,vanilla-yices2,0.007351,1,0,1,sat
/Users/e35480/git/kn-yices2-2/tests/regress/coverage/random/QF_UFBV/4196e785.smt2,vanilla-yices2,0.006675,1,0,0,sat
/Users/e35480/git/kn-yices2-2/tests/regress/coverage/random/QF_UFBV/4196e785.smt2,esat-2007,0.006368,1,0,1,sat
/Users/e35480/git/kn-yices2-2/tests/regress/coverage/random/QF_UFBV/530a50f7.smt2,esat-2007,0.012117,1,0,0,sat
/Users/e35480/git/kn-yices2-2/tests/regress/coverage/random/QF_UFBV/530a50f7.smt2,vanilla-yices2,0.011008,1,0,1,sat
/Users/e35480/git/kn-yices2-2/tests/regress/coverage/random/QF_UFBV/55fc3e84.smt2,vanilla-yices2,0.006672,1,0,0,sat
/Users/e35480/git/kn-yices2-2/tests/regress/coverage/random/QF_UFBV/55fc3e84.smt2,esat-2007,0.006174,1,0,1,sat
/Users/e35480/git/kn-yices2-2/tests/regress/coverage/random/QF_UFBV/58e1afcf.smt2,esat-2007,0.007089,1,0,0,sat
/Users/e35480/git/kn-yices2-2/tests/regress/coverage/random/QF_UFBV/58e1afcf.smt2,vanilla-yices2,0.007227,1,0,1,sat
/Users/e35480/git/kn-yices2-2/tests/regress/coverage/random/QF_UFBV/592d6ea8.smt2,vanilla-yices2,0.013611,1,0,0,sat
/Users/e35480/git/kn-yices2-2/tests/regress/coverage/random/QF_UFBV/592d6ea8.smt2,esat-2007,0.013876,1,0,1,sat
/Users/e35480/git/kn-yices2-2/tests/regress/coverage/random/QF_UFBV/611d8db7.smt2,esat-2007,0.010140,1,0,0,sat
/Users/e35480/git/kn-yices2-2/tests/regress/coverage/random/QF_UFBV/611d8db7.smt2,vanilla-yices2,0.010120,1,0,1,sat
/Users/e35480/git/kn-yices2-2/tests/regress/coverage/random/QF_UFBV/627eaef4.smt2,vanilla-yices2,0.005722,1,0,0,unsat
/Users/e35480/git/kn-yices2-2/tests/regress/coverage/random/QF_UFBV/627eaef4.smt2,esat-2007,0.005126,1,0,1,unsat
/Users/e35480/git/kn-yices2-2/tests/regress/coverage/random/QF_UFBV/6453672b.smt2,esat-2007,0.027487,1,0,0,unsat
/Users/e35480/git/kn-yices2-2/tests/regress/coverage/random/QF_UFBV/6453672b.smt2,vanilla-yices2,0.027739,1,0,1,unsat
/Users/e35480/git/kn-yices2-2/tests/regress/coverage/random/QF_UFBV/66b45814.smt2,vanilla-yices2,0.010701,1,0,0,sat
/Users/e35480/git/kn-yices2-2/tests/regress/coverage/random/QF_UFBV/66b45814.smt2,esat-2007,0.010103,1,0,1,sat
/Users/e35480/git/kn-yices2-2/tests/regress/coverage/random/QF_UFBV/6755163d.smt2,esat-2007,0.007970,1,0,0,unsat
/Users/e35480/git/kn-yices2-2/tests/regress/coverage/random/QF_UFBV/6755163d.smt2,vanilla-yices2,0.008310,1,0,1,unsat
/Users/e35480/git/kn-yices2-2/tests/regress/coverage/random/QF_UFBV/6ef9e062.smt2,vanilla-yices2,0.006817,1,0,0,unsat
/Users/e35480/git/kn-yices2-2/tests/regress/coverage/random/QF_UFBV/6ef9e062.smt2,esat-2007,0.005732,1,0,1,unsat
/Users/e35480/git/kn-yices2-2/tests/regress/coverage/random/QF_UFBV/7832a454.smt2,esat-2007,0.006874,1,0,0,sat
/Users/e35480/git/kn-yices2-2/tests/regress/coverage/random/QF_UFBV/7832a454.smt2,vanilla-yices2,0.006265,1,0,1,sat
/Users/e35480/git/kn-yices2-2/tests/regress/coverage/random/QF_UFBV/7bec3c8f.smt2,vanilla-yices2,0.005969,1,0,0,sat
/Users/e35480/git/kn-yices2-2/tests/regress/coverage/random/QF_UFBV/7bec3c8f.smt2,esat-2007,0.005929,1,0,1,sat
/Users/e35480/git/kn-yices2-2/tests/regress/coverage/random/QF_UFBV/7d5df95e.smt2,esat-2007,0.006410,1,0,0,sat
/Users/e35480/git/kn-yices2-2/tests/regress/coverage/random/QF_UFBV/7d5df95e.smt2,vanilla-yices2,0.006978,1,0,1,sat
/Users/e35480/git/kn-yices2-2/tests/regress/coverage/random/QF_UFBV/8c2c6eaa.smt2,vanilla-yices2,0.008024,1,0,0,sat
/Users/e35480/git/kn-yices2-2/tests/regress/coverage/random/QF_UFBV/8c2c6eaa.smt2,esat-2007,0.007791,1,0,1,sat
/Users/e35480/git/kn-yices2-2/tests/regress/coverage/random/QF_UFBV/90c17f42.smt2,esat-2007,0.006291,1,0,0,sat
/Users/e35480/git/kn-yices2-2/tests/regress/coverage/random/QF_UFBV/90c17f42.smt2,vanilla-yices2,0.006285,1,0,1,sat
/Users/e35480/git/kn-yices2-2/tests/regress/coverage/random/QF_UFBV/93594a82.smt2,vanilla-yices2,0.008530,1,0,0,sat
/Users/e35480/git/kn-yices2-2/tests/regress/coverage/random/QF_UFBV/93594a82.smt2,esat-2007,0.009365,1,0,1,sat
/Users/e35480/git/kn-yices2-2/tests/regress/coverage/random/QF_UFBV/973a10fc.smt2,esat-2007,0.083232,1,0,0,sat
/Users/e35480/git/kn-yices2-2/tests/regress/coverage/random/QF_UFBV/973a10fc.smt2,vanilla-yices2,0.084878,1,0,1,sat
/Users/e35480/git/kn-yices2-2/tests/regress/coverage/random/QF_UFBV/a57f5151.smt2,vanilla-yices2,0.007778,1,0,0,sat
/Users/e35480/git/kn-yices2-2/tests/regress/coverage/random/QF_UFBV/a57f5151.smt2,esat-2007,0.007912,1,0,1,sat
/Users/e35480/git/kn-yices2-2/tests/regress/coverage/random/QF_UFBV/a6b031e1.smt2,esat-2007,0.006520,1,0,0,sat
/Users/e35480/git/kn-yices2-2/tests/regress/coverage/random/QF_UFBV/a6b031e1.smt2,vanilla-yices2,0.006753,1,0,1,sat
/Users/e35480/git/kn-yices2-2/tests/regress/coverage/random/QF_UFBV/ac504b99.smt2,vanilla-yices2,0.010251,1,0,0,sat
/Users/e35480/git/kn-yices2-2/tests/regress/coverage/random/QF_UFBV/ac504b99.smt2,esat-2007,0.010892,1,0,1,sat
/Users/e35480/git/kn-yices2-2/tests/regress/coverage/random/QF_UFBV/afb28a25.smt2,esat-2007,0.007249,1,0,0,sat
/Users/e35480/git/kn-yices2-2/tests/regress/coverage/random/QF_UFBV/afb28a25.smt2,vanilla-yices2,0.006589,1,0,1,sat
/Users/e35480/git/kn-yices2-2/tests/regress/coverage/random/QF_UFBV/b40626bd.smt2,vanilla-yices2,0.009760,1,0,0,sat
/Users/e35480/git/kn-yices2-2/tests/regress/coverage/random/QF_UFBV/b40626bd.smt2,esat-2007,0.009035,1,0,1,sat
/Users/e35480/git/kn-yices2-2/tests/regress/coverage/random/QF_UFBV/b6943d96.smt2,esat-2007,0.006700,1,0,0,sat
/Users/e35480/git/kn-yices2-2/tests/regress/coverage/random/QF_UFBV/b6943d96.smt2,vanilla-yices2,0.006003,1,0,1,sat
/Users/e35480/git/kn-yices2-2/tests/regress/coverage/random/QF_UFBV/b7a2f1c8.smt2,vanilla-yices2,0.027735,1,0,0,sat
/Users/e35480/git/kn-yices2-2/tests/regress/coverage/random/QF_UFBV/b7a2f1c8.smt2,esat-2007,0.028377,1,0,1,sat
/Users/e35480/git/kn-yices2-2/tests/regress/coverage/random/QF_UFBV/c8ee1375.smt2,esat-2007,0.261728,1,0,0,sat
/Users/e35480/git/kn-yices2-2/tests/regress/coverage/random/QF_UFBV/c8ee1375.smt2,vanilla-yices2,0.255554,1,0,1,sat
/Users/e35480/git/kn-yices2-2/tests/regress/coverage/random/QF_UFBV/c94343fc.smt2,vanilla-yices2,0.007595,1,0,0,sat
/Users/e35480/git/kn-yices2-2/tests/regress/coverage/random/QF_UFBV/c94343fc.smt2,esat-2007,0.006590,1,0,1,sat
/Users/e35480/git/kn-yices2-2/tests/regress/coverage/random/QF_UFBV/ca837ae2.smt2,esat-2007,0.007512,1,0,0,sat
/Users/e35480/git/kn-yices2-2/tests/regress/coverage/random/QF_UFBV/ca837ae2.smt2,vanilla-yices2,0.006873,1,0,1,sat
/Users/e35480/git/kn-yices2-2/tests/regress/coverage/random/QF_UFBV/d3d782b1.smt2,vanilla-yices2,0.006861,1,0,0,sat
/Users/e35480/git/kn-yices2-2/tests/regress/coverage/random/QF_UFBV/d3d782b1.smt2,esat-2007,0.005517,1,0,1,sat
/Users/e35480/git/kn-yices2-2/tests/regress/coverage/random/QF_UFBV/d51c24d2.smt2,esat-2007,0.011594,1,0,0,sat
/Users/e35480/git/kn-yices2-2/tests/regress/coverage/random/QF_UFBV/d51c24d2.smt2,vanilla-yices2,0.011224,1,0,1,sat
/Users/e35480/git/kn-yices2-2/tests/regress/coverage/random/QF_UFBV/e4a7bed7.smt2,vanilla-yices2,0.006779,1,0,0,sat
/Users/e35480/git/kn-yices2-2/tests/regress/coverage/random/QF_UFBV/e4a7bed7.smt2,esat-2007,0.006612,1,0,1,sat
/Users/e35480/git/kn-yices2-2/tests/regress/coverage/random/QF_UFBV/e9f0384c.smt2,esat-2007,0.006065,1,0,0,sat
/Users/e35480/git/kn-yices2-2/tests/regress/coverage/random/QF_UFBV/e9f0384c.smt2,vanilla-yices2,0.006746,1,0,1,sat
/Users/e35480/git/kn-yices2-2/tests/regress/coverage/random/QF_UFBV/ee7bcc60.smt2,vanilla-yices2,0.005499,1,0,0,unsat
/Users/e35480/git/kn-yices2-2/tests/regress/coverage/random/QF_UFBV/ee7bcc60.smt2,esat-2007,0.005310,1,0,1,unsat
/Users/e35480/git/kn-yices2-2/tests/regress/coverage/random/QF_UFBV/eec265ed.smt2,esat-2007,0.006468,1,0,0,unsat
/Users/e35480/git/kn-yices2-2/tests/regress/coverage/random/QF_UFBV/eec265ed.smt2,vanilla-yices2,0.007324,1,0,1,unsat
/Users/e35480/git/kn-yices2-2/tests/regress/coverage/random/QF_UF/c127fd1b.smt2,vanilla-yices2,0.007435,1,0,0,sat
/Users/e35480/git/kn-yices2-2/tests/regress/coverage/random/QF_UF/c127fd1b.smt2,esat-2007,0.007638,1,0,1,sat
/Users/e35480/git/kn-yices2-2/tests/regress/coverage/random/QF_UF/d2ef318c.smt2,esat-2007,0.006820,1,0,0,sat
/Users/e35480/git/kn-yices2-2/tests/regress/coverage/random/QF_UF/d2ef318c.smt2,vanilla-yices2,0.006107,1,0,1,sat
/Users/e35480/git/kn-yices2-2/tests/regress/coverage/random/QF_UF/d79e8d3e.smt2,vanilla-yices2,0.006394,1,0,0,sat
/Users/e35480/git/kn-yices2-2/tests/regress/coverage/random/QF_UF/d79e8d3e.smt2,esat-2007,0.006769,1,0,1,sat
/Users/e35480/git/kn-yices2-2/tests/regress/coverage/random/QF_UF/e49a2f54.smt2,esat-2007,0.007266,1,0,0,sat
/Users/e35480/git/kn-yices2-2/tests/regress/coverage/random/QF_UF/e49a2f54.smt2,vanilla-yices2,0.007672,1,0,1,sat
/Users/e35480/git/kn-yices2-2/tests/regress/coverage/random/QF_UFIDL/04cf1964.smt2,vanilla-yices2,0.006299,1,0,0,sat
/Users/e35480/git/kn-yices2-2/tests/regress/coverage/random/QF_UFIDL/04cf1964.smt2,esat-2007,0.008509,1,0,1,sat
/Users/e35480/git/kn-yices2-2/tests/regress/coverage/random/QF_UFIDL/38761014.smt2,esat-2007,0.008324,1,0,0,sat
/Users/e35480/git/kn-yices2-2/tests/regress/coverage/random/QF_UFIDL/38761014.smt2,vanilla-yices2,0.006746,1,0,1,sat
/Users/e35480/git/kn-yices2-2/tests/regress/coverage/random/QF_UFIDL/7030a80e.smt2,vanilla-yices2,0.007220,1,0,0,sat
/Users/e35480/git/kn-yices2-2/tests/regress/coverage/random/QF_UFIDL/7030a80e.smt2,esat-2007,0.007108,1,0,1,sat
/Users/e35480/git/kn-yices2-2/tests/regress/coverage/random/QF_UFIDL/9818d99a.smt2,esat-2007,0.005709,1,0,0,unsat
/Users/e35480/git/kn-yices2-2/tests/regress/coverage/random/QF_UFIDL/9818d99a.smt2,vanilla-yices2,0.005258,1,0,1,unsat
/Users/e35480/git/kn-yices2-2/tests/regress/coverage/random/QF_UFIDL/bb774f80.smt2,vanilla-yices2,0.007956,1,0,0,sat
/Users/e35480/git/kn-yices2-2/tests/regress/coverage/random/QF_UFIDL/bb774f80.smt2,esat-2007,0.007803,1,0,1,sat
/Users/e35480/git/kn-yices2-2/tests/regress/coverage/random/QF_UFIDL/c7de1768.smt2,esat-2007,0.008645,1,0,0,sat
/Users/e35480/git/kn-yices2-2/tests/regress/coverage/random/QF_UFIDL/c7de1768.smt2,vanilla-yices2,0.009656,1,0,1,sat
/Users/e35480/git/kn-yices2-2/tests/regress/coverage/random/QF_UFIDL/cda6a8fd.smt2,vanilla-yices2,0.008882,1,0,0,sat
/Users/e35480/git/kn-yices2-2/tests/regress/coverage/random/QF_UFIDL/cda6a8fd.smt2,esat-2007,0.007096,1,0,1,sat
/Users/e35480/git/kn-yices2-2/tests/regress/coverage/random/QF_UFIDL/e9eea798.smt2,esat-2007,0.007240,1,0,0,sat
/Users/e35480/git/kn-yices2-2/tests/regress/coverage/random/QF_UFIDL/e9eea798.smt2,vanilla-yices2,0.006781,1,0,1,sat
/Users/e35480/git/kn-yices2-2/tests/regress/coverage/random/QF_UFIDL/f938dbb9.smt2,vanilla-yices2,0.007399,1,0,0,sat
/Users/e35480/git/kn-yices2-2/tests/regress/coverage/random/QF_UFIDL/f938dbb9.smt2,esat-2007,0.006950,1,0,1,sat
/Users/e35480/git/kn-yices2-2/tests/regress/coverage/smtlib/QF_ABV/brummayerbiere2/countbitstableoffbyone0128.smt2,esat-2007,0.048738,1,0,0,sat
/Users/e35480/git/kn-yices2-2/tests/regress/coverage/smtlib/QF_ABV/brummayerbiere2/countbitstableoffbyone0128.smt2,vanilla-yices2,0.047893,1,0,1,sat
/Users/e35480/git/kn-yices2-2/tests/regress/coverage/smtlib/QF_ABV/brummayerbiere/fifo32ia06k05.smt2,vanilla-yices2,2.461986,1,0,0,sat
/Users/e35480/git/kn-yices2-2/tests/regress/coverage/smtlib/QF_ABV/brummayerbiere/fifo32ia06k05.smt2,esat-2007,2.499889,1,0,1,sat
/Users/e35480/git/kn-yices2-2/tests/regress/coverage/smtlib/QF_ABV/brummayerbiere/fifo32in04k07.smt2,esat-2007,0.156247,1,0,0,sat
/Users/e35480/git/kn-yices2-2/tests/regress/coverage/smtlib/QF_ABV/brummayerbiere/fifo32in04k07.smt2,vanilla-yices2,0.158276,1,0,1,sat
/Users/e35480/git/kn-yices2-2/tests/regress/coverage/smtlib/QF_ABV/brummayerbiere/swapmem022se.smt2,vanilla-yices2,1.003971,1,0,0,sat
/Users/e35480/git/kn-yices2-2/tests/regress/coverage/smtlib/QF_ABV/brummayerbiere/swapmem022se.smt2,esat-2007,1.012629,1,0,1,sat
/Users/e35480/git/kn-yices2-2/tests/regress/coverage/smtlib/QF_ABV/brummayerbiere/wchains130se.smt2,esat-2007,1.567435,1,0,0,sat
/Users/e35480/git/kn-yices2-2/tests/regress/coverage/smtlib/QF_ABV/brummayerbiere/wchains130se.smt2,vanilla-yices2,1.624155,1,0,1,sat
/Users/e35480/git/kn-yices2-2/tests/regress/coverage/smtlib/QF_ABV/dwp_formulas/try3_sameret_functions_dwp_unlink.set_quoting_style.il.dwp.smt2,vanilla-yices2,0.008777,1,0,0,sat
/Users/e35480/git/kn-yices2-2/tests/regress/coverage/smtlib/QF_ABV/dwp_formulas/try3_sameret_functions_dwp_unlink.set_quoting_style.il.dwp.smt2,esat-2007,0.008839,1,0,1,sat
/Users/e35480/git/kn-yices2-2/tests/regress/coverage/smtlib/QF_ABV/dwp_formulas/try3_true_functions_dwp_nl.bkm_scale.il.dwp.smt2,esat-2007,0.006929,1,0,0,sat
/Users/e35480/git/kn-yices2-2/tests/regress/coverage/smtlib/QF_ABV/dwp_formulas/try3_true_functions_dwp_nl.bkm_scale.il.dwp.smt2,vanilla-yices2,0.006254,1,0,1,sat
/Users/e35480/git/kn-yices2-2/tests/regress/coverage/smtlib/QF_ABV/dwp_formulas/try4_difret_functions_disjunctions_dd.advance_input_offset.il.disjunctions_3.smt2,vanilla-yices2,0.011378,1,0,0,sat
/Users/e35480/git/kn-yices2-2/tests/regress/coverage/smtlib/QF_ABV/dwp_formulas/try4_difret_functions_disjunctions_dd.advance_input_offset.il.disjunctions_3.smt2,esat-2007,0.011502,1,0,1,sat
/Users/e35480/git/kn-yices2-2/tests/regress/coverage/smtlib/QF_ABV/dwp_formulas/try5_small_difret_functions_dwp_hostid.close_stdout_set_file_name.il.dwp.smt2,esat-2007,0.007610,1,0,0,sat
/Users/e35480/git/kn-yices2-2/tests/regress/coverage/smtlib/QF_ABV/dwp_formulas/try5_small_difret_functions_dwp_hostid.close_stdout_set_file_name.il.dwp.smt2,vanilla-yices2,0.007356,1,0,1,sat
/Users/e35480/git/kn-yices2-2/tests/regress/coverage/smtlib/QF_ABV/dwp_formulas/try5_small_difret_functions_fse-bfs_fmt.set_other_indent.il.fse-bfs.smt2,vanilla-yices2,0.008325,1,0,0,sat
/Users/e35480/git/kn-yices2-2/tests/regress/coverage/smtlib/QF_ABV/dwp_formulas/try5_small_difret_functions_fse-bfs_fmt.set_other_indent.il.fse-bfs.smt2,esat-2007,0.008288,1,0,1,sat
/Users/e35480/git/kn-yices2-2/tests/regress/coverage/smtlib/QF_ABV/dwp_formulas/try5_small_difret_functions_fse-bfs_vdir.get_type_indicator.il.fse-bfs.smt2,esat-2007,0.007446,1,0,0,unsat
/Users/e35480/git/kn-yices2-2/tests/regress/coverage/smtlib/QF_ABV/dwp_formulas/try5_small_difret_functions_fse-bfs_vdir.get_type_indicator.il.fse-bfs.smt2,vanilla-yices2,0.006338,1,0,1,unsat
/Users/e35480/git/kn-yices2-2/tests/regress/coverage/smtlib/QF_ABV/dwp_formulas/try5_small_difret_functions_wp_join.set_char_quoting.il.wp.smt2,vanilla-yices2,0.080053,1,0,0,sat
/Users/e35480/git/kn-yices2-2/tests/regress/coverage/smtlib/QF_ABV/dwp_formulas/try5_small_difret_functions_wp_join.set_char_quoting.il.wp.smt2,esat-2007,0.081089,1,0,1,sat
/Users/e35480/git/kn-yices2-2/tests/regress/coverage/smtlib/QF_ABV/dwp_formulas/try5_small_difret_functions_wp_pr.hold_file.il.wp.smt2,esat-2007,0.041450,1,0,0,sat
/Users/e35480/git/kn-yices2-2/tests/regress/coverage/smtlib/QF_ABV/dwp_formulas/try5_small_difret_functions_wp_pr.hold_file.il.wp.smt2,vanilla-yices2,0.038982,1,0,1,sat
/Users/e35480/git/kn-yices2-2/tests/regress/coverage/smtlib/QF_ABV/dwp_formulas/try5_small_noof_functions_flanagansaxe_true.set_char_quoting.il.flanagansaxe.smt2,vanilla-yices2,0.012848,1,0,0,sat
/Users/e35480/git/kn-yices2-2/tests/regress/coverage/smtlib/QF_ABV/dwp_formulas/try5_small_noof_functions_flanagansaxe_true.set_char_quoting.il.flanagansaxe.smt2,esat-2007,0.013644,1,0,1,sat
/Users/e35480/git/kn-yices2-2/tests/regress/coverage/smtlib/QF_ABV/dwp_formulas/try5_small_noof_functions_wp_expr.optimize_subexps.il.wp.smt2,esat-2007,0.010261,1,0,0,sat
/Users/e35480/git/kn-yices2-2/tests/regress/coverage/smtlib/QF_ABV/dwp_formulas/try5_small_noof_functions_wp_expr.optimize_subexps.il.wp.smt2,vanilla-yices2,0.006975,1,0,1,sat
/Users/e35480/git/kn-yices2-2/tests/regress/coverage/smtlib/QF_ABV/dwp_formulas/try5_small_noof_functions_wp_mknod.mode_adjust.il.wp.smt2,vanilla-yices2,0.007647,1,0,0,sat
/Users/e35480/git/kn-yices2-2/tests/regress/coverage/smtlib/QF_ABV/dwp_formulas/try5_small_noof_functions_wp_mknod.mode_adjust.il.wp.smt2,esat-2007,0.006321,1,0,1,sat
/Users/e35480/git/kn-yices2-2/tests/regress/coverage/smtlib/QF_ABV/dwp_formulas/try5_small_noof_functions_wp_pinky.set_char_quoting.il.wp.smt2,esat-2007,0.006100,1,0,0,sat
/Users/e35480/git/kn-yices2-2/tests/regress/coverage/smtlib/QF_ABV/dwp_formulas/try5_small_noof_functions_wp_pinky.set_char_quoting.il.wp.smt2,vanilla-yices2,0.005651,1,0,1,sat
/Users/e35480/git/kn-yices2-2/tests/regress/coverage/smtlib/QF_ABV/dwp_formulas/try5_small_noof_functions_wp_pr.cols_ready_to_print.il.wp.smt2,vanilla-yices2,0.005458,1,0,0,sat
/Users/e35480/git/kn-yices2-2/tests/regress/coverage/smtlib/QF_ABV/dwp_formulas/try5_small_noof_functions_wp_pr.cols_ready_to_print.il.wp.smt2,esat-2007,0.005533,1,0,1,sat
/Users/e35480/git/kn-yices2-2/tests/regress/coverage/smtlib/QF_ABV/ecc/com.galois.ecc.P384ECC64.ec_full_sub.short.smt2,esat-2007,0.005349,1,0,0,unsat
/Users/e35480/git/kn-yices2-2/tests/regress/coverage/smtlib/QF_ABV/ecc/com.galois.ecc.P384ECC64.ec_full_sub.short.smt2,vanilla-yices2,0.005470,1,0,1,unsat
/Users/e35480/git/kn-yices2-2/tests/regress/coverage/smtlib/QF_ABV/platania/no_init_extract_sublist.old/no_init_extract_sublist5.smt2,vanilla-yices2,0.006218,1,0,0,unsat
/Users/e35480/git/kn-yices2-2/tests/regress/coverage/smtlib/QF_ABV/platania/no_init_extract_sublist.old/no_init_extract_sublist5.smt2,esat-2007,0.005526,1,0,1,unsat
/Users/e35480/git/kn-yices2-2/tests/regress/coverage/smtlib/QF_ABV/stp/grep0065.stp.smt2,esat-2007,0.026899,1,0,0,unsat
/Users/e35480/git/kn-yices2-2/tests/regress/coverage/smtlib/QF_ABV/stp/grep0065.stp.smt2,vanilla-yices2,0.025579,1,0,1,unsat
/Users/e35480/git/kn-yices2-2/tests/regress/coverage/smtlib/QF_ABV/stp_samples/run_00007.trace.Alloc_zero__016019.smt2,vanilla-yices2,0.007752,1,0,0,sat
/Users/e35480/git/kn-yices2-2/tests/regress/coverage/smtlib/QF_ABV/stp_samples/run_00007.trace.Alloc_zero__016019.smt2,esat-2007,0.006615,1,0,1,sat
/Users/e35480/git/kn-yices2-2/tests/regress/coverage/smtlib/QF_ALIA/array_benchmarks/misc/queue-th1-6.smt2,esat-2007,0.006319,1,0,0,unsat
/Users/e35480/git/kn-yices2-2/tests/regress/coverage/smtlib/QF_ALIA/array_benchmarks/misc/queue-th1-6.smt2,vanilla-yices2,0.007496,1,0,1,unsat
/Users/e35480/git/kn-yices2-2/tests/regress/coverage/smtlib/QF_ALIA/array_benchmarks/misc/stack-th2-6.smt2,vanilla-yices2,0.005260,1,0,0,unsat
/Users/e35480/git/kn-yices2-2/tests/regress/coverage/smtlib/QF_ALIA/array_benchmarks/misc/stack-th2-6.smt2,esat-2007,0.005913,1,0,1,unsat
/Users/e35480/git/kn-yices2-2/tests/regress/coverage/smtlib/QF_ALIA/qlock2/qlock.base.19.smt2,esat-2007,0.549964,1,0,0,sat
/Users/e35480/git/kn-yices2-2/tests/regress/coverage/smtlib/QF_ALIA/qlock2/qlock.base.19.smt2,vanilla-yices2,0.536326,1,0,1,sat
/Users/e35480/git/kn-yices2-2/tests/regress/coverage/smtlib/QF_AUFBV/ecc/com.galois.ecc.P384ECC64.ec_full_sub3.short.smt2,vanilla-yices2,0.028024,1,0,0,unsat
/Users/e35480/git/kn-yices2-2/tests/regress/coverage/smtlib/QF_AUFBV/ecc/com.galois.ecc.P384ECC64.ec_full_sub3.short.smt2,esat-2007,0.026822,1,0,1,unsat
/Users/e35480/git/kn-yices2-2/tests/regress/coverage/smtlib/QF_AUFBV/ecc/com.galois.ecc.P384ECC64.ec_twin_mul_init.short.smt2,esat-2007,0.008820,1,0,0,unsat
/Users/e35480/git/kn-yices2-2/tests/regress/coverage/smtlib/QF_AUFBV/ecc/com.galois.ecc.P384ECC64.ec_twin_mul_init.short.smt2,vanilla-yices2,0.007769,1,0,1,unsat
/Users/e35480/git/kn-yices2-2/tests/regress/coverage/smtlib/QF_AUFBV/ecc/com.galois.ecc.P384ECC64.group_red1.short.smt2,vanilla-yices2,0.129512,1,0,0,unsat
/Users/e35480/git/kn-yices2-2/tests/regress/coverage/smtlib/QF_AUFBV/ecc/com.galois.ecc.P384ECC64.group_red1.short.smt2,esat-2007,0.135894,1,0,1,unsat
/Users/e35480/git/kn-yices2-2/tests/regress/coverage/smtlib/QF_AUFBV/ecc/com.galois.ecc.P384ECC64.mul_inner3.short.smt2,esat-2007,0.012584,1,0,0,sat
/Users/e35480/git/kn-yices2-2/tests/regress/coverage/smtlib/QF_AUFBV/ecc/com.galois.ecc.P384ECC64.mul_inner3.short.smt2,vanilla-yices2,0.013249,1,0,1,sat
/Users/e35480/git/kn-yices2-2/tests/regress/coverage/smtlib/QF_AUFBV/ecc/com.galois.ecc.P384ECC64.signHash4.short.smt2,vanilla-yices2,0.014067,1,0,0,unsat
/Users/e35480/git/kn-yices2-2/tests/regress/coverage/smtlib/QF_AUFBV/ecc/com.galois.ecc.P384ECC64.signHash4.short.smt2,esat-2007,0.013647,1,0,1,unsat
/Users/e35480/git/kn-yices2-2/tests/regress/coverage/smtlib/QF_AUFLIA/array_benchmarks/misc/pipeline-invalid.smt2,esat-2007,0.021018,1,0,0,sat
/Users/e35480/git/kn-yices2-2/tests/regress/coverage/smtlib/QF_AUFLIA/array_benchmarks/misc/pipeline-invalid.smt2,vanilla-yices2,0.021191,1,0,1,sat
/Users/e35480/git/kn-yices2-2/tests/regress/coverage/smtlib/QF_AUFLIA/cvc/read6.smt2,vanilla-yices2,0.008591,1,0,0,unsat
/Users/e35480/git/kn-yices2-2/tests/regress/coverage/smtlib/QF_AUFLIA/cvc/read6.smt2,esat-2007,0.007422,1,0,1,unsat
/Users/e35480/git/kn-yices2-2/tests/regress/coverage/smtlib/QF_AUFLIA/cvc/read8.smt2,esat-2007,0.005999,1,0,0,unsat
/Users/e35480/git/kn-yices2-2/tests/regress/coverage/smtlib/QF_AUFLIA/cvc/read8.smt2,vanilla-yices2,0.007311,1,0,1,unsat
/Users/e35480/git/kn-yices2-2/tests/regress/coverage/smtlib/QF_AUFLIA/safari/ini.smt2 [ --incremental ],vanilla-yices2,0.004843,0,18,0,/Users/e35480/git/kn-yices2-2/tests/regress/coverage/smtlib/QF_AUFLIA/safari/ini.smt2 [ --incremental ]: No such file or directory
/Users/e35480/git/kn-yices2-2/tests/regress/coverage/smtlib/QF_AUFLIA/safari/ini.smt2 [ --incremental ],esat-2007,0.005920,0,18,1,/Users/e35480/git/kn-yices2-2/tests/regress/coverage/smtlib/QF_AUFLIA/safari/ini.smt2 [ --incremental ]: No such file or directory
/Users/e35480/git/kn-yices2-2/tests/regress/coverage/smtlib/QF_AUFLIA/safari/moesi_ca.smt2 [ --incremental ],esat-2007,0.004998,0,18,0,/Users/e35480/git/kn-yices2-2/tests/regress/coverage/smtlib/QF_AUFLIA/safari/moesi_ca.smt2 [ --incremental ]: No such file or directory
/Users/e35480/git/kn-yices2-2/tests/regress/coverage/smtlib/QF_AUFLIA/safari/moesi_ca.smt2 [ --incremental ],vanilla-yices2,0.005336,0,18,1,/Users/e35480/git/kn-yices2-2/tests/regress/coverage/smtlib/QF_AUFLIA/safari/moesi_ca.smt2 [ --incremental ]: No such file or directory
/Users/e35480/git/kn-yices2-2/tests/regress/coverage/smtlib/QF_AUFLIA/storecomm/storecomm_t3_pp_nf_ai_00050_001.cvc.smt2,vanilla-yices2,0.057772,1,0,0,unsat
/Users/e35480/git/kn-yices2-2/tests/regress/coverage/smtlib/QF_AUFLIA/storecomm/storecomm_t3_pp_nf_ai_00050_001.cvc.smt2,esat-2007,0.055987,1,0,1,unsat
/Users/e35480/git/kn-yices2-2/tests/regress/coverage/smtlib/QF_AUFLIA/storeinv/storeinv_invalid_t1_pp_sf_ai_00006_001.cvc.smt2,esat-2007,0.007245,1,0,0,sat
/Users/e35480/git/kn-yices2-2/tests/regress/coverage/smtlib/QF_AUFLIA/storeinv/storeinv_invalid_t1_pp_sf_ai_00006_001.cvc.smt2,vanilla-yices2,0.008167,1,0,1,sat
/Users/e35480/git/kn-yices2-2/tests/regress/coverage/smtlib/QF_AUFLIA/swap/swap_invalid_t1_pp_sf_ai_00004_001.cvc.smt2,vanilla-yices2,0.006895,1,0,0,sat
/Users/e35480/git/kn-yices2-2/tests/regress/coverage/smtlib/QF_AUFLIA/swap/swap_invalid_t1_pp_sf_ai_00004_001.cvc.smt2,esat-2007,0.007169,1,0,1,sat
/Users/e35480/git/kn-yices2-2/tests/regress/coverage/smtlib/QF_BV/bmc-bv/ex33.smt2,esat-2007,0.006301,1,0,0,unsat
/Users/e35480/git/kn-yices2-2/tests/regress/coverage/smtlib/QF_BV/bmc-bv/ex33.smt2,vanilla-yices2,0.005139,1,0,1,unsat
/Users/e35480/git/kn-yices2-2/tests/regress/coverage/smtlib/QF_BV/brummayerbiere2/umulov1bw048.smt2,vanilla-yices2,0.213552,1,0,0,unsat
/Users/e35480/git/kn-yices2-2/tests/regress/coverage/smtlib/QF_BV/brummayerbiere2/umulov1bw048.smt2,esat-2007,0.222438,1,0,1,unsat
/Users/e35480/git/kn-yices2-2/tests/regress/coverage/smtlib/QF_BV/brummayerbiere/nextpoweroftwo128.smt2,esat-2007,0.095579,1,0,0,unsat
/Users/e35480/git/kn-yices2-2/tests/regress/coverage/smtlib/QF_BV/brummayerbiere/nextpoweroftwo128.smt2,vanilla-yices2,0.096122,1,0,1,unsat
/Users/e35480/git/kn-yices2-2/tests/regress/coverage/smtlib/QF_BV/brummayerbiere/nlzbe128.smt2,vanilla-yices2,0.184069,1,0,0,unsat
/Users/e35480/git/kn-yices2-2/tests/regress/coverage/smtlib/QF_BV/brummayerbiere/nlzbe128.smt2,esat-2007,0.178157,1,0,1,unsat
/Users/e35480/git/kn-yices2-2/tests/regress/coverage/smtlib/QF_BV/brummayerbiere/nlzbs128.smt2,esat-2007,0.103677,1,0,0,unsat
/Users/e35480/git/kn-yices2-2/tests/regress/coverage/smtlib/QF_BV/brummayerbiere/nlzbs128.smt2,vanilla-yices2,0.107415,1,0,1,unsat
/Users/e35480/git/kn-yices2-2/tests/regress/coverage/smtlib/QF_BV/brummayerbiere/nlzbsdown128.smt2,vanilla-yices2,0.185096,1,0,0,unsat
/Users/e35480/git/kn-yices2-2/tests/regress/coverage/smtlib/QF_BV/brummayerbiere/nlzbsdown128.smt2,esat-2007,0.183552,1,0,1,unsat
/Users/e35480/git/kn-yices2-2/tests/regress/coverage/smtlib/QF_BV/bruttomesso/core/ext_con_016_001_0064.smt2,esat-2007,0.012213,1,0,0,unsat
/Users/e35480/git/kn-yices2-2/tests/regress/coverage/smtlib/QF_BV/bruttomesso/core/ext_con_016_001_0064.smt2,vanilla-yices2,0.012214,1,0,1,unsat
/Users/e35480/git/kn-yices2-2/tests/regress/coverage/smtlib/QF_BV/bruttomesso/lfsr/lfsr_002_095_128.smt2,vanilla-yices2,0.512262,1,0,0,unsat
/Users/e35480/git/kn-yices2-2/tests/regress/coverage/smtlib/QF_BV/bruttomesso/lfsr/lfsr_002_095_128.smt2,esat-2007,0.458869,1,0,1,unsat
/Users/e35480/git/kn-yices2-2/tests/regress/coverage/smtlib/QF_BV/bruttomesso/lfsr/lfsr_002_143_048.smt2,esat-2007,0.335770,1,0,0,unsat
/Users/e35480/git/kn-yices2-2/tests/regress/coverage/smtlib/QF_BV/bruttomesso/lfsr/lfsr_002_143_048.smt2,vanilla-yices2,0.334181,1,0,1,unsat
/Users/e35480/git/kn-yices2-2/tests/regress/coverage/smtlib/QF_BV/bruttomesso/simple_processor/simple_processors_006_002_0008.smt2,vanilla-yices2,0.085000,1,0,0,unsat
/Users/e35480/git/kn-yices2-2/tests/regress/coverage/smtlib/QF_BV/bruttomesso/simple_processor/simple_processors_006_002_0008.smt2,esat-2007,0.087114,1,0,1,unsat
/Users/e35480/git/kn-yices2-2/tests/regress/coverage/smtlib/QF_BV/calypto/problem_1.smt2,esat-2007,0.014008,1,0,0,sat
/Users/e35480/git/kn-yices2-2/tests/regress/coverage/smtlib/QF_BV/calypto/problem_1.smt2,vanilla-yices2,0.013123,1,0,1,sat
/Users/e35480/git/kn-yices2-2/tests/regress/coverage/smtlib/QF_BV/calypto/problem_4.smt2,vanilla-yices2,0.013295,1,0,0,unsat
/Users/e35480/git/kn-yices2-2/tests/regress/coverage/smtlib/QF_BV/calypto/problem_4.smt2,esat-2007,0.013576,1,0,1,unsat
/Users/e35480/git/kn-yices2-2/tests/regress/coverage/smtlib/QF_BV/check2/bigHex.smt2,esat-2007,0.006532,1,0,0,sat
/Users/e35480/git/kn-yices2-2/tests/regress/coverage/smtlib/QF_BV/check2/bigHex.smt2,vanilla-yices2,0.005601,1,0,1,sat
/Users/e35480/git/kn-yices2-2/tests/regress/coverage/smtlib/QF_BV/check2/symbols.smt2,vanilla-yices2,0.006162,1,0,0,sat
/Users/e35480/git/kn-yices2-2/tests/regress/coverage/smtlib/QF_BV/check2/symbols.smt2,esat-2007,0.005628,1,0,1,sat
/Users/e35480/git/kn-yices2-2/tests/regress/coverage/smtlib/QF_BV/gulwani-pldi08/merge.phx.smt2,esat-2007,0.028408,1,0,0,sat
/Users/e35480/git/kn-yices2-2/tests/regress/coverage/smtlib/QF_BV/gulwani-pldi08/merge.phx.smt2,vanilla-yices2,0.029628,1,0,1,sat
/Users/e35480/git/kn-yices2-2/tests/regress/coverage/smtlib/QF_BV/RWS/Example_8.txt.smt2,vanilla-yices2,0.048770,1,0,0,sat
/Users/e35480/git/kn-yices2-2/tests/regress/coverage/smtlib/QF_BV/RWS/Example_8.txt.smt2,esat-2007,0.048611,1,0,1,sat
/Users/e35480/git/kn-yices2-2/tests/regress/coverage/smtlib/QF_BV/sage/app1/bench_1097.smt2,esat-2007,0.007668,1,0,0,unsat
/Users/e35480/git/kn-yices2-2/tests/regress/coverage/smtlib/QF_BV/sage/app1/bench_1097.smt2,vanilla-yices2,0.006410,1,0,1,unsat
/Users/e35480/git/kn-yices2-2/tests/regress/coverage/smtlib/QF_BV/sage/app1/bench_1945.smt2,vanilla-yices2,0.005398,1,0,0,unsat
/Users/e35480/git/kn-yices2-2/tests/regress/coverage/smtlib/QF_BV/sage/app1/bench_1945.smt2,esat-2007,0.005016,1,0,1,unsat
/Users/e35480/git/kn-yices2-2/tests/regress/coverage/smtlib/QF_BV/sage/app1/bench_859.smt2,esat-2007,0.005161,1,0,0,unsat
/Users/e35480/git/kn-yices2-2/tests/regress/coverage/smtlib/QF_BV/sage/app1/bench_859.smt2,vanilla-yices2,0.005785,1,0,1,unsat
/Users/e35480/git/kn-yices2-2/tests/regress/coverage/smtlib/QF_BV/sage/app2/bench_319.smt2,vanilla-yices2,0.005607,1,0,0,unsat
/Users/e35480/git/kn-yices2-2/tests/regress/coverage/smtlib/QF_BV/sage/app2/bench_319.smt2,esat-2007,0.006050,1,0,1,unsat
/Users/e35480/git/kn-yices2-2/tests/regress/coverage/smtlib/QF_BV/sage/app5/bench_524.smt2,esat-2007,0.007053,1,0,0,unsat
/Users/e35480/git/kn-yices2-2/tests/regress/coverage/smtlib/QF_BV/sage/app5/bench_524.smt2,vanilla-yices2,0.006873,1,0,1,unsat
/Users/e35480/git/kn-yices2-2/tests/regress/coverage/smtlib/QF_BV/sage/app7/bench_7910.smt2,vanilla-yices2,0.004854,1,0,0,unsat
/Users/e35480/git/kn-yices2-2/tests/regress/coverage/smtlib/QF_BV/sage/app7/bench_7910.smt2,esat-2007,0.008398,1,0,1,unsat
/Users/e35480/git/kn-yices2-2/tests/regress/coverage/smtlib/QF_BV/sage/app8/bench_263.smt2,esat-2007,0.019578,1,0,0,sat
/Users/e35480/git/kn-yices2-2/tests/regress/coverage/smtlib/QF_BV/sage/app8/bench_263.smt2,vanilla-yices2,0.018930,1,0,1,sat
/Users/e35480/git/kn-yices2-2/tests/regress/coverage/smtlib/QF_BV/sage/app8/bench_3776.smt2,vanilla-yices2,0.011294,1,0,0,unsat
/Users/e35480/git/kn-yices2-2/tests/regress/coverage/smtlib/QF_BV/sage/app8/bench_3776.smt2,esat-2007,0.011069,1,0,1,unsat
/Users/e35480/git/kn-yices2-2/tests/regress/coverage/smtlib/QF_BV/sage/app9/bench_1669.smt2,esat-2007,0.005108,1,0,0,unsat
/Users/e35480/git/kn-yices2-2/tests/regress/coverage/smtlib/QF_BV/sage/app9/bench_1669.smt2,vanilla-yices2,0.007353,1,0,1,unsat
/Users/e35480/git/kn-yices2-2/tests/regress/coverage/smtlib/QF_BV/sage/app9/bench_1935.smt2,vanilla-yices2,0.005227,1,0,0,unsat
/Users/e35480/git/kn-yices2-2/tests/regress/coverage/smtlib/QF_BV/sage/app9/bench_1935.smt2,esat-2007,0.005757,1,0,1,unsat
/Users/e35480/git/kn-yices2-2/tests/regress/coverage/smtlib/QF_BV/spear/wget_v1.10.2/src_wget_vc17914.smt2,esat-2007,0.129811,1,0,0,sat
/Users/e35480/git/kn-yices2-2/tests/regress/coverage/smtlib/QF_BV/spear/wget_v1.10.2/src_wget_vc17914.smt2,vanilla-yices2,0.130824,1,0,1,sat
/Users/e35480/git/kn-yices2-2/tests/regress/coverage/smtlib/QF_BV/spear/wget_v1.10.2/src_wget_vc18511.smt2,vanilla-yices2,0.694631,1,0,0,sat
/Users/e35480/git/kn-yices2-2/tests/regress/coverage/smtlib/QF_BV/spear/wget_v1.10.2/src_wget_vc18511.smt2,esat-2007,0.701803,1,0,1,sat
/Users/e35480/git/kn-yices2-2/tests/regress/coverage/smtlib/QF_BV/tacas07/s-40-50-bv.smt2,esat-2007,0.103636,1,0,0,sat
/Users/e35480/git/kn-yices2-2/tests/regress/coverage/smtlib/QF_BV/tacas07/s-40-50-bv.smt2,vanilla-yices2,0.095480,1,0,1,sat
/Users/e35480/git/kn-yices2-2/tests/regress/coverage/smtlib/QF_BV/uclid/tcas/tcas45_k_0.smt2,vanilla-yices2,0.008120,1,0,0,unsat
/Users/e35480/git/kn-yices2-2/tests/regress/coverage/smtlib/QF_BV/uclid/tcas/tcas45_k_0.smt2,esat-2007,0.007610,1,0,1,unsat
/Users/e35480/git/kn-yices2-2/tests/regress/coverage/smtlib/QF_BV/wienand-cav2008/Distrib/distrib32.sf.smt2,esat-2007,0.006496,1,0,0,unsat
/Users/e35480/git/kn-yices2-2/tests/regress/coverage/smtlib/QF_BV/wienand-cav2008/Distrib/distrib32.sf.smt2,vanilla-yices2,0.006230,1,0,1,unsat
/Users/e35480/git/kn-yices2-2/tests/regress/coverage/smtlib/QF_IDL/check/bignum_idl1.smt2,vanilla-yices2,0.005850,1,0,0,unsat
/Users/e35480/git/kn-yices2-2/tests/regress/coverage/smtlib/QF_IDL/check/bignum_idl1.smt2,esat-2007,0.005904,1,0,1,unsat
/Users/e35480/git/kn-yices2-2/tests/regress/coverage/smtlib/QF_IDL/diamonds/diamonds.10.10.i.a.u.smt2,esat-2007,0.008612,1,0,0,unsat
/Users/e35480/git/kn-yices2-2/tests/regress/coverage/smtlib/QF_IDL/diamonds/diamonds.10.10.i.a.u.smt2,vanilla-yices2,0.015166,1,0,1,unsat
/Users/e35480/git/kn-yices2-2/tests/regress/coverage/smtlib/QF_IDL/qlock/qlock-4-10-5.base.cvc.smt2,vanilla-yices2,0.011733,1,0,0,unsat
/Users/e35480/git/kn-yices2-2/tests/regress/coverage/smtlib/QF_IDL/qlock/qlock-4-10-5.base.cvc.smt2,esat-2007,0.013044,1,0,1,unsat
/Users/e35480/git/kn-yices2-2/tests/regress/coverage/smtlib/QF_IDL/queens_bench/super_queen/super_queen33-1.smt2,esat-2007,3.976060,1,0,0,sat
/Users/e35480/git/kn-yices2-2/tests/regress/coverage/smtlib/QF_IDL/queens_bench/super_queen/super_queen33-1.smt2,vanilla-yices2,0.032910,1,0,1,sat
/Users/e35480/git/kn-yices2-2/tests/regress/coverage/smtlib/QF_IDL/sal/lpsat/lpsat-goal-1.smt2,vanilla-yices2,0.007413,1,0,0,unsat
/Users/e35480/git/kn-yices2-2/tests/regress/coverage/smtlib/QF_IDL/sal/lpsat/lpsat-goal-1.smt2,esat-2007,0.006342,1,0,1,unsat
/Users/e35480/git/kn-yices2-2/tests/regress/coverage/smtlib/QF_LIA/calypto/problem-002267.cvc.1.smt2,esat-2007,0.008582,1,0,0,unsat
/Users/e35480/git/kn-yices2-2/tests/regress/coverage/smtlib/QF_LIA/calypto/problem-002267.cvc.1.smt2,vanilla-yices2,0.008399,1,0,1,unsat
/Users/e35480/git/kn-yices2-2/tests/regress/coverage/smtlib/QF_LIA/calypto/problem-002673.cvc.1.smt2,vanilla-yices2,0.006827,1,0,0,unsat
/Users/e35480/git/kn-yices2-2/tests/regress/coverage/smtlib/QF_LIA/calypto/problem-002673.cvc.1.smt2,esat-2007,0.008105,1,0,1,unsat
/Users/e35480/git/kn-yices2-2/tests/regress/coverage/smtlib/QF_LIA/CAV_2009_benchmarks/smt/20-vars/problem_2__012.smt2,esat-2007,0.268082,1,0,0,sat
/Users/e35480/git/kn-yices2-2/tests/regress/coverage/smtlib/QF_LIA/CAV_2009_benchmarks/smt/20-vars/problem_2__012.smt2,vanilla-yices2,0.263136,1,0,1,sat
/Users/e35480/git/kn-yices2-2/tests/regress/coverage/smtlib/QF_LIA/CAV_2009_benchmarks/smt/25-vars/problem__034.smt2,vanilla-yices2,0.169315,1,0,0,unsat
/Users/e35480/git/kn-yices2-2/tests/regress/coverage/smtlib/QF_LIA/CAV_2009_benchmarks/smt/25-vars/problem__034.smt2,esat-2007,0.166872,1,0,1,unsat
/Users/e35480/git/kn-yices2-2/tests/regress/coverage/smtlib/QF_LIA/CAV_2009_benchmarks/smt/25-vars/problem_2__015.smt2,esat-2007,0.010739,1,0,0,sat
/Users/e35480/git/kn-yices2-2/tests/regress/coverage/smtlib/QF_LIA/CAV_2009_benchmarks/smt/25-vars/problem_2__015.smt2,vanilla-yices2,0.010284,1,0,1,sat
/Users/e35480/git/kn-yices2-2/tests/regress/coverage/smtlib/QF_LIA/CAV_2009_benchmarks/smt/40-vars/problem_2__004.smt2,vanilla-yices2,0.007021,1,0,0,sat
/Users/e35480/git/kn-yices2-2/tests/regress/coverage/smtlib/QF_LIA/CAV_2009_benchmarks/smt/40-vars/problem_2__004.smt2,esat-2007,0.006117,1,0,1,sat
/Users/e35480/git/kn-yices2-2/tests/regress/coverage/smtlib/QF_LIA/check/int_incompleteness1.smt2,esat-2007,0.005375,1,0,0,unsat
/Users/e35480/git/kn-yices2-2/tests/regress/coverage/smtlib/QF_LIA/check/int_incompleteness1.smt2,vanilla-yices2,0.006132,1,0,1,unsat
/Users/e35480/git/kn-yices2-2/tests/regress/coverage/smtlib/QF_LIA/CIRC/multiplier_prime/MULTIPLIER_PRIME_16.msat.smt2,vanilla-yices2,0.009276,1,0,0,sat
/Users/e35480/git/kn-yices2-2/tests/regress/coverage/smtlib/QF_LIA/CIRC/multiplier_prime/MULTIPLIER_PRIME_16.msat.smt2,esat-2007,0.009020,1,0,1,sat
/Users/e35480/git/kn-yices2-2/tests/regress/coverage/smtlib/QF_LIA/convert/convert-jpg2gif-query-1347.smt2,esat-2007,0.036012,1,0,0,sat
/Users/e35480/git/kn-yices2-2/tests/regress/coverage/smtlib/QF_LIA/convert/convert-jpg2gif-query-1347.smt2,vanilla-yices2,0.040220,1,0,1,sat
/Users/e35480/git/kn-yices2-2/tests/regress/coverage/smtlib/QF_LIA/convert/convert-jpg2gif-query-901.smt2,vanilla-yices2,0.007039,1,0,0,sat
/Users/e35480/git/kn-yices2-2/tests/regress/coverage/smtlib/QF_LIA/convert/convert-jpg2gif-query-901.smt2,esat-2007,0.005822,1,0,1,sat
/Users/e35480/git/kn-yices2-2/tests/regress/coverage/smtlib/QF_LIA/cut_lemmas/15-vars/cut_lemma_03_005.smt2,esat-2007,0.014327,1,0,0,unsat
/Users/e35480/git/kn-yices2-2/tests/regress/coverage/smtlib/QF_LIA/cut_lemmas/15-vars/cut_lemma_03_005.smt2,vanilla-yices2,0.014345,1,0,1,unsat
/Users/e35480/git/kn-yices2-2/tests/regress/coverage/smtlib/QF_LIA/mathsat/FISCHER6-1-fair.smt2,vanilla-yices2,0.006908,1,0,0,sat
/Users/e35480/git/kn-yices2-2/tests/regress/coverage/smtlib/QF_LIA/mathsat/FISCHER6-1-fair.smt2,esat-2007,0.006878,1,0,1,sat
/Users/e35480/git/kn-yices2-2/tests/regress/coverage/smtlib/QF_LIA/nec-smt/med/checkpass_pwd/prp-27-30.smt2,esat-2007,0.028476,1,0,0,unsat
/Users/e35480/git/kn-yices2-2/tests/regress/coverage/smtlib/QF_LIA/nec-smt/med/checkpass_pwd/prp-27-30.smt2,vanilla-yices2,0.030029,1,0,1,unsat
/Users/e35480/git/kn-yices2-2/tests/regress/coverage/smtlib/QF_LIA/nec-smt/small/int_from_list/prp-4-21.smt2,vanilla-yices2,0.006737,1,0,0,unsat
/Users/e35480/git/kn-yices2-2/tests/regress/coverage/smtlib/QF_LIA/nec-smt/small/int_from_list/prp-4-21.smt2,esat-2007,0.007018,1,0,1,unsat
/Users/e35480/git/kn-yices2-2/tests/regress/coverage/smtlib/QF_LIA/prime-cone/prime_cone_unsat_11.smt2,esat-2007,0.006961,1,0,0,unsat
/Users/e35480/git/kn-yices2-2/tests/regress/coverage/smtlib/QF_LIA/prime-cone/prime_cone_unsat_11.smt2,vanilla-yices2,0.007636,1,0,1,unsat
/Users/e35480/git/kn-yices2-2/tests/regress/coverage/smtlib/QF_LIA/rings_preprocessed/ring_2exp4_8vars_0ite_unsat.smt2,vanilla-yices2,0.006653,1,0,0,unsat
/Users/e35480/git/kn-yices2-2/tests/regress/coverage/smtlib/QF_LIA/rings_preprocessed/ring_2exp4_8vars_0ite_unsat.smt2,esat-2007,0.006454,1,0,1,unsat
/Users/e35480/git/kn-yices2-2/tests/regress/coverage/smtlib/QF_LIA/rings/ring_2exp16_9vars_7ite_unsat.smt2,esat-2007,0.006077,1,0,0,unsat
/Users/e35480/git/kn-yices2-2/tests/regress/coverage/smtlib/QF_LIA/rings/ring_2exp16_9vars_7ite_unsat.smt2,vanilla-yices2,0.006598,1,0,1,unsat
/Users/e35480/git/kn-yices2-2/tests/regress/coverage/smtlib/QF_LIA/RTCL/b04_tf_20/ckt_PROP0_tf_20.smt2,vanilla-yices2,0.006963,1,0,0,sat
/Users/e35480/git/kn-yices2-2/tests/regress/coverage/smtlib/QF_LIA/RTCL/b04_tf_20/ckt_PROP0_tf_20.smt2,esat-2007,0.011023,1,0,1,sat
/Users/e35480/git/kn-yices2-2/tests/regress/coverage/smtlib/QF_LIA/slacks/10-12.slack.smt2,esat-2007,0.006922,1,0,0,sat
/Users/e35480/git/kn-yices2-2/tests/regress/coverage/smtlib/QF_LIA/slacks/10-12.slack.smt2,vanilla-yices2,0.006371,1,0,1,sat
/Users/e35480/git/kn-yices2-2/tests/regress/coverage/smtlib/QF_LRA/clock_synchro/clocksynchro_2clocks.main_invar.induct.smt2,vanilla-yices2,0.071100,1,0,0,unsat
/Users/e35480/git/kn-yices2-2/tests/regress/coverage/smtlib/QF_LRA/clock_synchro/clocksynchro_2clocks.main_invar.induct.smt2,esat-2007,0.108234,1,0,1,unsat
/Users/e35480/git/kn-yices2-2/tests/regress/coverage/smtlib/QF_LRA/clock_synchro/clocksynchro_7clocks.main_invar.base.smt2,esat-2007,0.010540,1,0,0,unsat
/Users/e35480/git/kn-yices2-2/tests/regress/coverage/smtlib/QF_LRA/clock_synchro/clocksynchro_7clocks.main_invar.base.smt2,vanilla-yices2,0.008578,1,0,1,unsat
/Users/e35480/git/kn-yices2-2/tests/regress/coverage/smtlib/QF_LRA/LassoRanker/Ultimate/MenloPark.bpl_Iteration1_Lasso_3-pieceTemplate.smt2,vanilla-yices2,2.861762,1,0,0,unsat
/Users/e35480/git/kn-yices2-2/tests/regress/coverage/smtlib/QF_LRA/LassoRanker/Ultimate/MenloPark.bpl_Iteration1_Lasso_3-pieceTemplate.smt2,esat-2007,16.418436,1,0,1,unsat
/Users/e35480/git/kn-yices2-2/tests/regress/coverage/smtlib/QF_LRA/meti-tarski/Chua/2/IL/L/Chua-2-IL-L-chunk-0071.smt2,esat-2007,0.005787,1,0,0,sat
/Users/e35480/git/kn-yices2-2/tests/regress/coverage/smtlib/QF_LRA/meti-tarski/Chua/2/IL/L/Chua-2-IL-L-chunk-0071.smt2,vanilla-yices2,0.006500,1,0,1,sat
/Users/e35480/git/kn-yices2-2/tests/regress/coverage/smtlib/QF_LRA/miplib/pp08a-11000.smt2,vanilla-yices2,0.122585,1,0,0,sat
/Users/e35480/git/kn-yices2-2/tests/regress/coverage/smtlib/QF_LRA/miplib/pp08a-11000.smt2,esat-2007,14.149126,1,0,1,sat
/Users/e35480/git/kn-yices2-2/tests/regress/coverage/smtlib/QF_LRA/sal/tgc/tgc_io-safe-13.smt2,esat-2007,0.014498,1,0,0,unsat
/Users/e35480/git/kn-yices2-2/tests/regress/coverage/smtlib/QF_LRA/sal/tgc/tgc_io-safe-13.smt2,vanilla-yices2,0.015489,1,0,1,unsat
/Users/e35480/git/kn-yices2-2/tests/regress/coverage/smtlib/QF_LRA/spider_benchmarks/op_seen_less2.base.smt2,vanilla-yices2,0.007469,1,0,0,unsat
/Users/e35480/git/kn-yices2-2/tests/regress/coverage/smtlib/QF_LRA/spider_benchmarks/op_seen_less2.base.smt2,esat-2007,0.008891,1,0,1,unsat
/Users/e35480/git/kn-yices2-2/tests/regress/coverage/smtlib/QF_LRA/spider_benchmarks/pd_not_fs_seen.base.smt2,esat-2007,0.005867,1,0,0,unsat
/Users/e35480/git/kn-yices2-2/tests/regress/coverage/smtlib/QF_LRA/spider_benchmarks/pd_not_fs_seen.base.smt2,vanilla-yices2,0.005513,1,0,1,unsat
/Users/e35480/git/kn-yices2-2/tests/regress/coverage/smtlib/QF_LRA/TM/p2-zenonumeric_s6.smt2,vanilla-yices2,0.010782,1,0,0,sat
/Users/e35480/git/kn-yices2-2/tests/regress/coverage/smtlib/QF_LRA/TM/p2-zenonumeric_s6.smt2,esat-2007,0.012522,1,0,1,sat
/Users/e35480/git/kn-yices2-2/tests/regress/coverage/smtlib/QF_RDL/check/bignum_rdl1.smt2,esat-2007,0.006542,1,0,0,sat
/Users/e35480/git/kn-yices2-2/tests/regress/coverage/smtlib/QF_RDL/check/bignum_rdl1.smt2,vanilla-yices2,0.006732,1,0,1,sat
/Users/e35480/git/kn-yices2-2/tests/regress/coverage/smtlib/QF_RDL/check/bignum_rdl2.smt2,vanilla-yices2,0.005283,1,0,0,unsat
/Users/e35480/git/kn-yices2-2/tests/regress/coverage/smtlib/QF_RDL/check/bignum_rdl2.smt2,esat-2007,0.004885,1,0,1,unsat
/Users/e35480/git/kn-yices2-2/tests/regress/coverage/smtlib/QF_RDL/sal/fischer3-mutex-2.smt2,esat-2007,0.005871,1,0,0,unsat
/Users/e35480/git/kn-yices2-2/tests/regress/coverage/smtlib/QF_RDL/sal/fischer3-mutex-2.smt2,vanilla-yices2,0.005189,1,0,1,unsat
/Users/e35480/git/kn-yices2-2/tests/regress/coverage/smtlib/QF_RDL/scheduling/abz6_900.smt2,vanilla-yices2,0.021095,1,0,0,unsat
/Users/e35480/git/kn-yices2-2/tests/regress/coverage/smtlib/QF_RDL/scheduling/abz6_900.smt2,esat-2007,0.118818,1,0,1,unsat
/Users/e35480/git/kn-yices2-2/tests/regress/coverage/smtlib/QF_RDL/scheduling/orb07_550.smt2,esat-2007,0.019805,1,0,0,sat
/Users/e35480/git/kn-yices2-2/tests/regress/coverage/smtlib/QF_RDL/scheduling/orb07_550.smt2,vanilla-yices2,0.011925,1,0,1,sat
/Users/e35480/git/kn-yices2-2/tests/regress/coverage/smtlib/QF_UF/eq_diamond/eq_diamond2.smt2,vanilla-yices2,0.006504,1,0,0,unsat
/Users/e35480/git/kn-yices2-2/tests/regress/coverage/smtlib/QF_UF/eq_diamond/eq_diamond2.smt2,esat-2007,0.005175,1,0,1,unsat
/Users/e35480/git/kn-yices2-2/tests/regress/coverage/smtlib/QF_UF/eq_diamond/eq_diamond51.smt2,esat-2007,0.005925,1,0,0,unsat
/Users/e35480/git/kn-yices2-2/tests/regress/coverage/smtlib/QF_UF/eq_diamond/eq_diamond51.smt2,vanilla-yices2,0.005825,1,0,1,unsat
/Users/e35480/git/kn-yices2-2/tests/regress/coverage/smtlib/QF_UFIDL/pete2/c10.smt2,vanilla-yices2,0.023421,1,0,0,unsat
/Users/e35480/git/kn-yices2-2/tests/regress/coverage/smtlib/QF_UFIDL/pete2/c10.smt2,esat-2007,0.024071,1,0,1,unsat
/Users/e35480/git/kn-yices2-2/tests/regress/coverage/smtlib/QF_UFIDL/uclid/37s.smt2,esat-2007,0.006651,1,0,0,unsat
/Users/e35480/git/kn-yices2-2/tests/regress/coverage/smtlib/QF_UFIDL/uclid/37s.smt2,vanilla-yices2,0.005948,1,0,1,unsat
/Users/e35480/git/kn-yices2-2/tests/regress/coverage/smtlib/QF_UFIDL/uclid/elf.rf10.smt2,vanilla-yices2,0.093838,1,0,0,unsat
/Users/e35480/git/kn-yices2-2/tests/regress/coverage/smtlib/QF_UFIDL/uclid/elf.rf10.smt2,esat-2007,0.097553,1,0,1,unsat
/Users/e35480/git/kn-yices2-2/tests/regress/coverage/smtlib/QF_UFIDL/UCLID-pred/BRP/BRP2.smt2,esat-2007,0.006376,1,0,0,sat
/Users/e35480/git/kn-yices2-2/tests/regress/coverage/smtlib/QF_UFIDL/UCLID-pred/BRP/BRP2.smt2,vanilla-yices2,0.007066,1,0,1,sat
/Users/e35480/git/kn-yices2-2/tests/regress/coverage/smtlib/QF_UFLIA/kind/_6counters.ec.smt2 [ --incremental ],vanilla-yices2,0.004859,0,18,0,/Users/e35480/git/kn-yices2-2/tests/regress/coverage/smtlib/QF_UFLIA/kind/_6counters.ec.smt2 [ --incremental ]: No such file or directory
/Users/e35480/git/kn-yices2-2/tests/regress/coverage/smtlib/QF_UFLIA/kind/_6counters.ec.smt2 [ --incremental ],esat-2007,0.006396,0,18,1,/Users/e35480/git/kn-yices2-2/tests/regress/coverage/smtlib/QF_UFLIA/kind/_6counters.ec.smt2 [ --incremental ]: No such file or directory
/Users/e35480/git/kn-yices2-2/tests/regress/coverage/smtlib/QF_UFLIA/kind/FIREFLY_2_e2_3244_e3_1305.ec.smt2 [ --incremental ],esat-2007,0.005698,0,18,0,/Users/e35480/git/kn-yices2-2/tests/regress/coverage/smtlib/QF_UFLIA/kind/FIREFLY_2_e2_3244_e3_1305.ec.smt2 [ --incremental ]: No such file or directory
/Users/e35480/git/kn-yices2-2/tests/regress/coverage/smtlib/QF_UFLIA/kind/FIREFLY_2_e2_3244_e3_1305.ec.smt2 [ --incremental ],vanilla-yices2,0.005597,0,18,1,/Users/e35480/git/kn-yices2-2/tests/regress/coverage/smtlib/QF_UFLIA/kind/FIREFLY_2_e2_3244_e3_1305.ec.smt2 [ --incremental ]: No such file or directory
/Users/e35480/git/kn-yices2-2/tests/regress/coverage/smtlib/QF_UFLIA/kind/metros_1_e1_846_e1_1317.ec.smt2 [ --incremental ],vanilla-yices2,0.005242,0,18,0,/Users/e35480/git/kn-yices2-2/tests/regress/coverage/smtlib/QF_UFLIA/kind/metros_1_e1_846_e1_1317.ec.smt2 [ --incremental ]: No such file or directory
/Users/e35480/git/kn-yices2-2/tests/regress/coverage/smtlib/QF_UFLIA/kind/metros_1_e1_846_e1_1317.ec.smt2 [ --incremental ],esat-2007,0.005229,0,18,1,/Users/e35480/git/kn-yices2-2/tests/regress/coverage/smtlib/QF_UFLIA/kind/metros_1_e1_846_e1_1317.ec.smt2 [ --incremental ]: No such file or directory
/Users/e35480/git/kn-yices2-2/tests/regress/coverage/smtlib/QF_UFLIA/kind/microwave01.ec.smt2 [ --incremental ],esat-2007,0.004917,0,18,0,/Users/e35480/git/kn-yices2-2/tests/regress/coverage/smtlib/QF_UFLIA/kind/microwave01.ec.smt2 [ --incremental ]: No such file or directory
/Users/e35480/git/kn-yices2-2/tests/regress/coverage/smtlib/QF_UFLIA/kind/microwave01.ec.smt2 [ --incremental ],vanilla-yices2,0.006728,0,18,1,/Users/e35480/git/kn-yices2-2/tests/regress/coverage/smtlib/QF_UFLIA/kind/microwave01.ec.smt2 [ --incremental ]: No such file or directory
/Users/e35480/git/kn-yices2-2/tests/regress/coverage/smtlib/QF_UFLIA/kind/MOESI_all_e3_2032_e3_2788.ec.smt2 [ --incremental ],vanilla-yices2,0.004695,0,18,0,/Users/e35480/git/kn-yices2-2/tests/regress/coverage/smtlib/QF_UFLIA/kind/MOESI_all_e3_2032_e3_2788.ec.smt2 [ --incremental ]: No such file or directory
/Users/e35480/git/kn-yices2-2/tests/regress/coverage/smtlib/QF_UFLIA/kind/MOESI_all_e3_2032_e3_2788.ec.smt2 [ --incremental ],esat-2007,0.004633,0,18,1,/Users/e35480/git/kn-yices2-2/tests/regress/coverage/smtlib/QF_UFLIA/kind/MOESI_all_e3_2032_e3_2788.ec.smt2 [ --incremental ]: No such file or directory
/Users/e35480/git/kn-yices2-2/tests/regress/coverage/smtlib/QF_UFLIA/kind/two_counters_e1_268.ec.smt2 [ --incremental ],esat-2007,0.004702,0,18,0,/Users/e35480/git/kn-yices2-2/tests/regress/coverage/smtlib/QF_UFLIA/kind/two_counters_e1_268.ec.smt2 [ --incremental ]: No such file or directory
/Users/e35480/git/kn-yices2-2/tests/regress/coverage/smtlib/QF_UFLIA/kind/two_counters_e1_268.ec.smt2 [ --incremental ],vanilla-yices2,0.004752,0,18,1,/Users/e35480/git/kn-yices2-2/tests/regress/coverage/smtlib/QF_UFLIA/kind/two_counters_e1_268.ec.smt2 [ --incremental ]: No such file or directory
/Users/e35480/git/kn-yices2-2/tests/regress/coverage/smtlib/QF_UFLIA/mathsat/Hash/hash_sat_05_09.smt2,vanilla-yices2,0.005974,1,0,0,sat
/Users/e35480/git/kn-yices2-2/tests/regress/coverage/smtlib/QF_UFLIA/mathsat/Hash/hash_sat_05_09.smt2,esat-2007,0.006854,1,0,1,sat
/Users/e35480/git/kn-yices2-2/tests/regress/coverage/smtlib/QF_UFLIA/wisas/xs_27_47.smt2,esat-2007,0.011325,1,0,0,sat
/Users/e35480/git/kn-yices2-2/tests/regress/coverage/smtlib/QF_UFLIA/wisas/xs_27_47.smt2,vanilla-yices2,0.012160,1,0,1,sat
/Users/e35480/git/kn-yices2-2/tests/regress/coverage/smtlib/QF_UFLRA/cpachecker-bmc-svcomp14/cpachecker-bmc.43_1a_cilled_true-unreach-call_ok_nondet_linux-43_1a-drivers--media--video--cx88--cx88-vp3054-i2c.ko-ldv_main0_sequence_infinite_withcheck_stateful.cil.out.c.smt2 [ --incremental ],vanilla-yices2,0.004865,0,18,0,/Users/e35480/git/kn-yices2-2/tests/regress/coverage/smtlib/QF_UFLRA/cpachecker-bmc-svcomp14/cpachecker-bmc.43_1a_cilled_true-unreach-call_ok_nondet_linux-43_1a-drivers--media--video--cx88--cx88-vp3054-i2c.ko-ldv_main0_sequence_infinite_withcheck_stateful.cil.out.c.smt2 [ --incremental ]: No such file or directory
/Users/e35480/git/kn-yices2-2/tests/regress/coverage/smtlib/QF_UFLRA/cpachecker-bmc-svcomp14/cpachecker-bmc.43_1a_cilled_true-unreach-call_ok_nondet_linux-43_1a-drivers--media--video--cx88--cx88-vp3054-i2c.ko-ldv_main0_sequence_infinite_withcheck_stateful.cil.out.c.smt2 [ --incremental ],esat-2007,0.004836,0,18,1,/Users/e35480/git/kn-yices2-2/tests/regress/coverage/smtlib/QF_UFLRA/cpachecker-bmc-svcomp14/cpachecker-bmc.43_1a_cilled_true-unreach-call_ok_nondet_linux-43_1a-drivers--media--video--cx88--cx88-vp3054-i2c.ko-ldv_main0_sequence_infinite_withcheck_stateful.cil.out.c.smt2 [ --incremental ]: No such file or directory
/Users/e35480/git/kn-yices2-2/tests/regress/coverage/smtlib/QF_UFLRA/cpachecker-bmc-svcomp14/cpachecker-bmc.43_1a_cilled_true-unreach-call_ok_nondet_linux-43_1a-drivers--platform--x86--intel_menlow.ko-ldv_main0_sequence_infinite_withcheck_stateful.cil.out.c.smt2 [ --incremental ],esat-2007,0.004947,0,18,0,/Users/e35480/git/kn-yices2-2/tests/regress/coverage/smtlib/QF_UFLRA/cpachecker-bmc-svcomp14/cpachecker-bmc.43_1a_cilled_true-unreach-call_ok_nondet_linux-43_1a-drivers--platform--x86--intel_menlow.ko-ldv_main0_sequence_infinite_withcheck_stateful.cil.out.c.smt2 [ --incremental ]: No such file or directory
/Users/e35480/git/kn-yices2-2/tests/regress/coverage/smtlib/QF_UFLRA/cpachecker-bmc-svcomp14/cpachecker-bmc.43_1a_cilled_true-unreach-call_ok_nondet_linux-43_1a-drivers--platform--x86--intel_menlow.ko-ldv_main0_sequence_infinite_withcheck_stateful.cil.out.c.smt2 [ --incremental ],vanilla-yices2,0.004625,0,18,1,/Users/e35480/git/kn-yices2-2/tests/regress/coverage/smtlib/QF_UFLRA/cpachecker-bmc-svcomp14/cpachecker-bmc.43_1a_cilled_true-unreach-call_ok_nondet_linux-43_1a-drivers--platform--x86--intel_menlow.ko-ldv_main0_sequence_infinite_withcheck_stateful.cil.out.c.smt2 [ --incremental ]: No such file or directory
/Users/e35480/git/kn-yices2-2/tests/regress/coverage/smtlib/QF_UFLRA/cpachecker-bmc-svcomp14/cpachecker-bmc.alias_of_return.c_true-unreach-call_1.i.smt2 [ --incremental ],vanilla-yices2,0.005035,0,18,0,/Users/e35480/git/kn-yices2-2/tests/regress/coverage/smtlib/QF_UFLRA/cpachecker-bmc-svcomp14/cpachecker-bmc.alias_of_return.c_true-unreach-call_1.i.smt2 [ --incremental ]: No such file or directory
/Users/e35480/git/kn-yices2-2/tests/regress/coverage/smtlib/QF_UFLRA/cpachecker-bmc-svcomp14/cpachecker-bmc.alias_of_return.c_true-unreach-call_1.i.smt2 [ --incremental ],esat-2007,0.005242,0,18,1,/Users/e35480/git/kn-yices2-2/tests/regress/coverage/smtlib/QF_UFLRA/cpachecker-bmc-svcomp14/cpachecker-bmc.alias_of_return.c_true-unreach-call_1.i.smt2 [ --incremental ]: No such file or directory
/Users/e35480/git/kn-yices2-2/tests/regress/coverage/smtlib/QF_UFLRA/cpachecker-bmc-svcomp14/cpachecker-bmc.elevator_spec14_product03_true-unreach-call.cil.c.smt2 [ --incremental ],esat-2007,0.004615,0,18,0,/Users/e35480/git/kn-yices2-2/tests/regress/coverage/smtlib/QF_UFLRA/cpachecker-bmc-svcomp14/cpachecker-bmc.elevator_spec14_product03_true-unreach-call.cil.c.smt2 [ --incremental ]: No such file or directory
/Users/e35480/git/kn-yices2-2/tests/regress/coverage/smtlib/QF_UFLRA/cpachecker-bmc-svcomp14/cpachecker-bmc.elevator_spec14_product03_true-unreach-call.cil.c.smt2 [ --incremental ],vanilla-yices2,0.004453,0,18,1,/Users/e35480/git/kn-yices2-2/tests/regress/coverage/smtlib/QF_UFLRA/cpachecker-bmc-svcomp14/cpachecker-bmc.elevator_spec14_product03_true-unreach-call.cil.c.smt2 [ --incremental ]: No such file or directory
/Users/e35480/git/kn-yices2-2/tests/regress/coverage/smtlib/QF_UFLRA/cpachecker-bmc-svcomp14/cpachecker-bmc.merge_sort_false-unreach-call.i.smt2 [ --incremental ],vanilla-yices2,0.004478,0,18,0,/Users/e35480/git/kn-yices2-2/tests/regress/coverage/smtlib/QF_UFLRA/cpachecker-bmc-svcomp14/cpachecker-bmc.merge_sort_false-unreach-call.i.smt2 [ --incremental ]: No such file or directory
/Users/e35480/git/kn-yices2-2/tests/regress/coverage/smtlib/QF_UFLRA/cpachecker-bmc-svcomp14/cpachecker-bmc.merge_sort_false-unreach-call.i.smt2 [ --incremental ],esat-2007,0.004705,0,18,1,/Users/e35480/git/kn-yices2-2/tests/regress/coverage/smtlib/QF_UFLRA/cpachecker-bmc-svcomp14/cpachecker-bmc.merge_sort_false-unreach-call.i.smt2 [ --incremental ]: No such file or directory
/Users/e35480/git/kn-yices2-2/tests/regress/coverage/smtlib/QF_UFLRA/cpachecker-bmc-svcomp14/cpachecker-bmc.rule57_ebda_blast.c_false-unreach-call.i.smt2 [ --incremental ],esat-2007,0.005569,0,18,0,/Users/e35480/git/kn-yices2-2/tests/regress/coverage/smtlib/QF_UFLRA/cpachecker-bmc-svcomp14/cpachecker-bmc.rule57_ebda_blast.c_false-unreach-call.i.smt2 [ --incremental ]: No such file or directory
/Users/e35480/git/kn-yices2-2/tests/regress/coverage/smtlib/QF_UFLRA/cpachecker-bmc-svcomp14/cpachecker-bmc.rule57_ebda_blast.c_false-unreach-call.i.smt2 [ --incremental ],vanilla-yices2,0.005328,0,18,1,/Users/e35480/git/kn-yices2-2/tests/regress/coverage/smtlib/QF_UFLRA/cpachecker-bmc-svcomp14/cpachecker-bmc.rule57_ebda_blast.c_false-unreach-call.i.smt2 [ --incremental ]: No such file or directory
/Users/e35480/git/kn-yices2-2/tests/regress/coverage/smtlib/QF_UFLRA/cpachecker-bmc-svcomp14/cpachecker-bmc.sum02_true-unreach-call.i.smt2 [ --incremental ],vanilla-yices2,0.004842,0,18,0,/Users/e35480/git/kn-yices2-2/tests/regress/coverage/smtlib/QF_UFLRA/cpachecker-bmc-svcomp14/cpachecker-bmc.sum02_true-unreach-call.i.smt2 [ --incremental ]: No such file or directory
/Users/e35480/git/kn-yices2-2/tests/regress/coverage/smtlib/QF_UFLRA/cpachecker-bmc-svcomp14/cpachecker-bmc.sum02_true-unreach-call.i.smt2 [ --incremental ],esat-2007,0.005073,0,18,1,/Users/e35480/git/kn-yices2-2/tests/regress/coverage/smtlib/QF_UFLRA/cpachecker-bmc-svcomp14/cpachecker-bmc.sum02_true-unreach-call.i.smt2 [ --incremental ]: No such file or directory
/Users/e35480/git/kn-yices2-2/tests/regress/coverage/smtlib/QF_UFLRA/cpachecker-induction-svcomp14/cpachecker-induction.cdaudio_simpl1_false-unreach-call_true-termination.cil.c.smt2,esat-2007,0.006139,1,0,0,sat
/Users/e35480/git/kn-yices2-2/tests/regress/coverage/smtlib/QF_UFLRA/cpachecker-induction-svcomp14/cpachecker-induction.cdaudio_simpl1_false-unreach-call_true-termination.cil.c.smt2,vanilla-yices2,0.005857,1,0,1,sat
/Users/e35480/git/kn-yices2-2/tests/regress/coverage/smtlib/QF_UFLRA/cpachecker-induction-svcomp14/cpachecker-induction.count_up_down_true-unreach-call_true-termination.i.smt2,vanilla-yices2,0.005403,1,0,0,sat
/Users/e35480/git/kn-yices2-2/tests/regress/coverage/smtlib/QF_UFLRA/cpachecker-induction-svcomp14/cpachecker-induction.count_up_down_true-unreach-call_true-termination.i.smt2,esat-2007,0.005009,1,0,1,sat
/Users/e35480/git/kn-yices2-2/tests/regress/coverage/smtlib/QF_UFLRA/cpachecker-induction-svcomp14/cpachecker-induction.jain_7_true-unreach-call.i.smt2,esat-2007,0.005940,1,0,0,sat
/Users/e35480/git/kn-yices2-2/tests/regress/coverage/smtlib/QF_UFLRA/cpachecker-induction-svcomp14/cpachecker-induction.jain_7_true-unreach-call.i.smt2,vanilla-yices2,0.005009,1,0,1,sat
/Users/e35480/git/kn-yices2-2/tests/regress/coverage/smtlib/QF_UFLRA/mathsat/RandomCoupled/pb_real_10_0200_10_25.smt2,vanilla-yices2,0.005695,1,0,0,unsat
/Users/e35480/git/kn-yices2-2/tests/regress/coverage/smtlib/QF_UFLRA/mathsat/RandomCoupled/pb_real_10_0200_10_25.smt2,esat-2007,0.006447,1,0,1,unsat
/Users/e35480/git/kn-yices2-2/tests/regress/coverage/smtlib/QF_UFLRA/mathsat/RandomDecoupled/pb_real_50_100_30_02.smt2,esat-2007,0.018406,1,0,0,sat
/Users/e35480/git/kn-yices2-2/tests/regress/coverage/smtlib/QF_UFLRA/mathsat/RandomDecoupled/pb_real_50_100_30_02.smt2,vanilla-yices2,0.018476,1,0,1,sat
/Users/e35480/git/kn-yices2-2/tests/regress/coverage/smtlib/QF_UF/QG-classification/loops6/gensys_brn004.smt2,vanilla-yices2,0.010810,1,0,0,unsat
/Users/e35480/git/kn-yices2-2/tests/regress/coverage/smtlib/QF_UF/QG-classification/loops6/gensys_brn004.smt2,esat-2007,0.008363,1,0,1,unsat
/Users/e35480/git/kn-yices2-2/tests/regress/coverage/smtlib/QF_UF/QG-classification/qg5/gensys_icl007.smt2,esat-2007,0.007799,1,0,0,unsat
/Users/e35480/git/kn-yices2-2/tests/regress/coverage/smtlib/QF_UF/QG-classification/qg5/gensys_icl007.smt2,vanilla-yices2,0.006077,1,0,1,unsat
/Users/e35480/git/kn-yices2-2/tests/regress/coverage/smtlib/QF_UF/QG-classification/qg5/iso_icl1066.smt2,vanilla-yices2,0.007528,1,0,0,unsat
/Users/e35480/git/kn-yices2-2/tests/regress/coverage/smtlib/QF_UF/QG-classification/qg5/iso_icl1066.smt2,esat-2007,0.006854,1,0,1,unsat
/Users/e35480/git/kn-yices2-2/tests/regress/coverage/smtlib/QF_UF/QG-classification/qg6/iso_brn_repgen016.smt2,esat-2007,0.081150,1,0,0,sat
/Users/e35480/git/kn-yices2-2/tests/regress/coverage/smtlib/QF_UF/QG-classification/qg6/iso_brn_repgen016.smt2,vanilla-yices2,0.081252,1,0,1,sat
/Users/e35480/git/kn-yices2-2/tests/regress/coverage/smtlib/QF_UF/QG-classification/qg6/iso_icl_repgen_sk009.smt2,vanilla-yices2,0.070101,1,0,0,unsat
/Users/e35480/git/kn-yices2-2/tests/regress/coverage/smtlib/QF_UF/QG-classification/qg6/iso_icl_repgen_sk009.smt2,esat-2007,0.070097,1,0,1,unsat
/Users/e35480/git/kn-yices2-2/tests/regress/coverage/smtlib/QF_UF/SEQ/SEQ004_size5.smt2,esat-2007,0.008975,1,0,0,unsat
/Users/e35480/git/kn-yices2-2/tests/regress/coverage/smtlib/QF_UF/SEQ/SEQ004_size5.smt2,vanilla-yices2,0.007180,1,0,1,unsat
/Users/e35480/git/kn-yices2-2/tests/regress/coverage/smtlib/QF_UF/SEQ/SEQ035_size5.smt2,vanilla-yices2,0.244791,1,0,0,unsat
/Users/e35480/git/kn-yices2-2/tests/regress/coverage/smtlib/QF_UF/SEQ/SEQ035_size5.smt2,esat-2007,0.247480,1,0,1,unsat
/Users/e35480/git/kn-yices2-2/tests/regress/coverage/smtlib/QF_UF/SEQ/SEQ038_size7.smt2,esat-2007,0.026045,1,0,0,unsat
/Users/e35480/git/kn-yices2-2/tests/regress/coverage/smtlib/QF_UF/SEQ/SEQ038_size7.smt2,vanilla-yices2,0.026802,1,0,1,unsat
/Users/e35480/git/kn-yices2-2/tests/regress/efsmt/bv/ranking_2012246_kernel_agplib_init.c.smt2,vanilla-yices2,0.005424,1,0,0,sat
/Users/e35480/git/kn-yices2-2/tests/regress/efsmt/bv/ranking_2012246_kernel_agplib_init.c.smt2,esat-2007,0.005398,1,0,1,sat
/Users/e35480/git/kn-yices2-2/tests/regress/efsmt/bv/ranking_2012247_filesys_smbmrx_cvsndrcv.c.smt2,esat-2007,0.005302,1,0,0,unsat
/Users/e35480/git/kn-yices2-2/tests/regress/efsmt/bv/ranking_2012247_filesys_smbmrx_cvsndrcv.c.smt2,vanilla-yices2,0.004969,1,0,1,unsat
/Users/e35480/git/kn-yices2-2/tests/regress/efsmt/bv/ranking_2012248_audio_ac97_wavepcistream3.cpp.smt2,vanilla-yices2,0.005538,1,0,0,unsat
/Users/e35480/git/kn-yices2-2/tests/regress/efsmt/bv/ranking_2012248_audio_ac97_wavepcistream3.cpp.smt2,esat-2007,0.005016,1,0,1,unsat
/Users/e35480/git/kn-yices2-2/tests/regress/efsmt/bv/ranking_2012249_mmedia_gsm610_gsm6102.c.smt2,esat-2007,0.004768,1,0,0,unsat
/Users/e35480/git/kn-yices2-2/tests/regress/efsmt/bv/ranking_2012249_mmedia_gsm610_gsm6102.c.smt2,vanilla-yices2,0.005056,1,0,1,unsat
/Users/e35480/git/kn-yices2-2/tests/regress/efsmt/bv/ranking_2012250_kmdf_pcidrv_sys_hw_physet.c.smt2,vanilla-yices2,0.007123,1,0,0,sat
/Users/e35480/git/kn-yices2-2/tests/regress/efsmt/bv/ranking_2012250_kmdf_pcidrv_sys_hw_physet.c.smt2,esat-2007,0.008852,1,0,1,sat
/Users/e35480/git/kn-yices2-2/tests/regress/efsmt/bv/ranking_2012251_mmedia_gsm610_gsm6103.c.smt2,esat-2007,0.005594,1,0,0,unsat
/Users/e35480/git/kn-yices2-2/tests/regress/efsmt/bv/ranking_2012251_mmedia_gsm610_gsm6103.c.smt2,vanilla-yices2,0.005539,1,0,1,unsat
/Users/e35480/git/kn-yices2-2/tests/regress/efsmt/bv/ranking_2012252_network_trans_sys_notify.c.smt2,vanilla-yices2,0.005265,1,0,0,unsat
/Users/e35480/git/kn-yices2-2/tests/regress/efsmt/bv/ranking_2012252_network_trans_sys_notify.c.smt2,esat-2007,0.005044,1,0,1,unsat
/Users/e35480/git/kn-yices2-2/tests/regress/efsmt/ef-tests/test10.unsat.smt2,esat-2007,0.005764,1,0,0,unsat
/Users/e35480/git/kn-yices2-2/tests/regress/efsmt/ef-tests/test10.unsat.smt2,vanilla-yices2,0.005067,1,0,1,unsat
/Users/e35480/git/kn-yices2-2/tests/regress/efsmt/ef-tests/test11b.sat.smt2,vanilla-yices2,0.151201,1,0,0,sat
/Users/e35480/git/kn-yices2-2/tests/regress/efsmt/ef-tests/test11b.sat.smt2,esat-2007,0.157210,1,0,1,sat
/Users/e35480/git/kn-yices2-2/tests/regress/efsmt/ef-tests/test11c.sat.smt2,esat-2007,0.027482,1,0,0,sat
/Users/e35480/git/kn-yices2-2/tests/regress/efsmt/ef-tests/test11c.sat.smt2,vanilla-yices2,0.025931,1,0,1,sat
/Users/e35480/git/kn-yices2-2/tests/regress/efsmt/ef-tests/test11.sat.smt2,vanilla-yices2,0.005876,1,0,0,sat
/Users/e35480/git/kn-yices2-2/tests/regress/efsmt/ef-tests/test11.sat.smt2,esat-2007,0.005913,1,0,1,sat
/Users/e35480/git/kn-yices2-2/tests/regress/efsmt/ef-tests/test1.unsat.smt2,esat-2007,0.006197,1,0,0,unsat
/Users/e35480/git/kn-yices2-2/tests/regress/efsmt/ef-tests/test1.unsat.smt2,vanilla-yices2,0.007256,1,0,1,unsat
/Users/e35480/git/kn-yices2-2/tests/regress/efsmt/ef-tests/test2.sat.smt2,vanilla-yices2,0.005591,1,0,0,sat
/Users/e35480/git/kn-yices2-2/tests/regress/efsmt/ef-tests/test2.sat.smt2,esat-2007,0.004914,1,0,1,sat
/Users/e35480/git/kn-yices2-2/tests/regress/efsmt/ef-tests/test3.sat.smt2,esat-2007,0.005313,1,0,0,sat
/Users/e35480/git/kn-yices2-2/tests/regress/efsmt/ef-tests/test3.sat.smt2,vanilla-yices2,0.005228,1,0,1,sat
/Users/e35480/git/kn-yices2-2/tests/regress/efsmt/ef-tests/test4.sat.smt2,vanilla-yices2,0.005367,1,0,0,sat
/Users/e35480/git/kn-yices2-2/tests/regress/efsmt/ef-tests/test4.sat.smt2,esat-2007,0.005244,1,0,1,sat
/Users/e35480/git/kn-yices2-2/tests/regress/efsmt/ef-tests/test5.sat.smt2,esat-2007,0.004717,1,0,0,sat
/Users/e35480/git/kn-yices2-2/tests/regress/efsmt/ef-tests/test5.sat.smt2,vanilla-yices2,0.004635,1,0,1,sat
/Users/e35480/git/kn-yices2-2/tests/regress/efsmt/ef-tests/test6.sat.smt2,vanilla-yices2,0.004998,1,0,0,sat
/Users/e35480/git/kn-yices2-2/tests/regress/efsmt/ef-tests/test6.sat.smt2,esat-2007,0.006275,1,0,1,sat
/Users/e35480/git/kn-yices2-2/tests/regress/efsmt/ef-tests/test7.sat.smt2,esat-2007,0.005907,1,0,0,sat
/Users/e35480/git/kn-yices2-2/tests/regress/efsmt/ef-tests/test7.sat.smt2,vanilla-yices2,0.004990,1,0,1,sat
/Users/e35480/git/kn-yices2-2/tests/regress/efsmt/ef-tests/test8.unsat.smt2,vanilla-yices2,0.005910,1,0,0,unsat
/Users/e35480/git/kn-yices2-2/tests/regress/efsmt/ef-tests/test8.unsat.smt2,esat-2007,0.005509,1,0,1,unsat
/Users/e35480/git/kn-yices2-2/tests/regress/efsmt/ef-tests/test9.sat.smt2,esat-2007,0.006240,1,0,0,sat
/Users/e35480/git/kn-yices2-2/tests/regress/efsmt/ef-tests/test9.sat.smt2,vanilla-yices2,0.005165,1,0,1,sat
/Users/e35480/git/kn-yices2-2/tests/regress/efsmt/lra/scholl-smt08_RND_2012364_RND_3_5.smt2,vanilla-yices2,0.005647,1,0,0,unsat
/Users/e35480/git/kn-yices2-2/tests/regress/efsmt/lra/scholl-smt08_RND_2012364_RND_3_5.smt2,esat-2007,0.005641,1,0,1,unsat
/Users/e35480/git/kn-yices2-2/tests/regress/efsmt/lra/scholl-smt08_RND_2012368_RND_3_25.smt2,esat-2007,0.005411,1,0,0,unsat
/Users/e35480/git/kn-yices2-2/tests/regress/efsmt/lra/scholl-smt08_RND_2012368_RND_3_25.smt2,vanilla-yices2,0.005338,1,0,1,unsat
/Users/e35480/git/kn-yices2-2/tests/regress/keymaera/keymaera_2012253_water_tank-node22259.smt2,vanilla-yices2,0.005117,1,0,0,unsat
/Users/e35480/git/kn-yices2-2/tests/regress/keymaera/keymaera_2012253_water_tank-node22259.smt2,esat-2007,0.005538,1,0,1,unsat
/Users/e35480/git/kn-yices2-2/tests/regress/keymaera/keymaera_2012254_water_tank-node16086.smt2,esat-2007,0.005950,1,0,0,unsat
/Users/e35480/git/kn-yices2-2/tests/regress/keymaera/keymaera_2012254_water_tank-node16086.smt2,vanilla-yices2,0.004870,1,0,1,unsat
/Users/e35480/git/kn-yices2-2/tests/regress/keymaera/keymaera_2012255_water_tank-node23031.smt2,vanilla-yices2,0.006428,1,0,0,unsat
/Users/e35480/git/kn-yices2-2/tests/regress/keymaera/keymaera_2012255_water_tank-node23031.smt2,esat-2007,0.005261,1,0,1,unsat
/Users/e35480/git/kn-yices2-2/tests/regress/keymaera/keymaera_2012256_water_tank-node12581.smt2,esat-2007,0.005559,1,0,0,unsat
/Users/e35480/git/kn-yices2-2/tests/regress/keymaera/keymaera_2012256_water_tank-node12581.smt2,vanilla-yices2,0.005084,1,0,1,unsat
/Users/e35480/git/kn-yices2-2/tests/regress/keymaera/keymaera_2012257_water_tank-node16056.smt2,vanilla-yices2,0.006228,1,0,0,unsat
/Users/e35480/git/kn-yices2-2/tests/regress/keymaera/keymaera_2012257_water_tank-node16056.smt2,esat-2007,0.005592,1,0,1,unsat
/Users/e35480/git/kn-yices2-2/tests/regress/keymaera/keymaera_2012258_water_tank-node28824.smt2,esat-2007,0.004766,1,0,0,unsat
/Users/e35480/git/kn-yices2-2/tests/regress/keymaera/keymaera_2012258_water_tank-node28824.smt2,vanilla-yices2,0.005179,1,0,1,unsat
/Users/e35480/git/kn-yices2-2/tests/regress/keymaera/keymaera_2012259_water_tank-node31001.smt2,vanilla-yices2,0.004925,1,0,0,unsat
/Users/e35480/git/kn-yices2-2/tests/regress/keymaera/keymaera_2012259_water_tank-node31001.smt2,esat-2007,0.006633,1,0,1,unsat
/Users/e35480/git/kn-yices2-2/tests/regress/keymaera/keymaera_2012260_water_tank-node30869.smt2,esat-2007,0.005452,1,0,0,unsat
/Users/e35480/git/kn-yices2-2/tests/regress/keymaera/keymaera_2012260_water_tank-node30869.smt2,vanilla-yices2,0.005793,1,0,1,unsat
/Users/e35480/git/kn-yices2-2/tests/regress/keymaera/keymaera_2012261_water_tank-node29317.smt2,vanilla-yices2,0.006106,1,0,0,unsat
/Users/e35480/git/kn-yices2-2/tests/regress/keymaera/keymaera_2012261_water_tank-node29317.smt2,esat-2007,0.005060,1,0,1,unsat
/Users/e35480/git/kn-yices2-2/tests/regress/keymaera/keymaera_2012262_water_tank-node22228.smt2,esat-2007,0.005452,1,0,0,unsat
/Users/e35480/git/kn-yices2-2/tests/regress/keymaera/keymaera_2012262_water_tank-node22228.smt2,vanilla-yices2,0.005152,1,0,1,unsat
/Users/e35480/git/kn-yices2-2/tests/regress/keymaera/keymaera_2012263_water_tank-node14879.smt2,vanilla-yices2,0.006175,1,0,0,unsat
/Users/e35480/git/kn-yices2-2/tests/regress/keymaera/keymaera_2012263_water_tank-node14879.smt2,esat-2007,0.005227,1,0,1,unsat
/Users/e35480/git/kn-yices2-2/tests/regress/keymaera/keymaera_2012264_water_tank-node30102.smt2,esat-2007,0.004610,1,0,0,unsat
/Users/e35480/git/kn-yices2-2/tests/regress/keymaera/keymaera_2012264_water_tank-node30102.smt2,vanilla-yices2,0.005052,1,0,1,unsat
/Users/e35480/git/kn-yices2-2/tests/regress/keymaera/keymaera_2012265_water_tank-node9351.smt2,vanilla-yices2,0.005140,1,0,0,unsat
/Users/e35480/git/kn-yices2-2/tests/regress/keymaera/keymaera_2012265_water_tank-node9351.smt2,esat-2007,0.006124,1,0,1,unsat
/Users/e35480/git/kn-yices2-2/tests/regress/keymaera/keymaera_2012266_water_tank-node25649.smt2,esat-2007,0.005852,1,0,0,unsat
/Users/e35480/git/kn-yices2-2/tests/regress/keymaera/keymaera_2012266_water_tank-node25649.smt2,vanilla-yices2,0.005537,1,0,1,unsat
/Users/e35480/git/kn-yices2-2/tests/regress/keymaera/keymaera_2012267_water_tank-node24658.smt2,vanilla-yices2,0.007803,1,0,0,unsat
/Users/e35480/git/kn-yices2-2/tests/regress/keymaera/keymaera_2012267_water_tank-node24658.smt2,esat-2007,0.005651,1,0,1,unsat
/Users/e35480/git/kn-yices2-2/tests/regress/keymaera/keymaera_2012268_water_tank-node28794.smt2,esat-2007,0.005407,1,0,0,unsat
/Users/e35480/git/kn-yices2-2/tests/regress/keymaera/keymaera_2012268_water_tank-node28794.smt2,vanilla-yices2,0.005070,1,0,1,unsat
/Users/e35480/git/kn-yices2-2/tests/regress/keymaera/keymaera_2012269_water_tank-node21166.smt2,vanilla-yices2,0.005351,1,0,0,unsat
/Users/e35480/git/kn-yices2-2/tests/regress/keymaera/keymaera_2012269_water_tank-node21166.smt2,esat-2007,0.004914,1,0,1,unsat
/Users/e35480/git/kn-yices2-2/tests/regress/keymaera/keymaera_2012270_water_tank-node30133.smt2,esat-2007,0.004992,1,0,0,unsat
/Users/e35480/git/kn-yices2-2/tests/regress/keymaera/keymaera_2012270_water_tank-node30133.smt2,vanilla-yices2,0.004947,1,0,1,unsat
/Users/e35480/git/kn-yices2-2/tests/regress/keymaera/keymaera_2012271_water_tank-node27679.smt2,vanilla-yices2,0.004539,1,0,0,unsat
/Users/e35480/git/kn-yices2-2/tests/regress/keymaera/keymaera_2012271_water_tank-node27679.smt2,esat-2007,0.004888,1,0,1,unsat
/Users/e35480/git/kn-yices2-2/tests/regress/keymaera/keymaera_2012272_water_tank-node19175.smt2,esat-2007,0.005891,1,0,0,unsat
/Users/e35480/git/kn-yices2-2/tests/regress/keymaera/keymaera_2012272_water_tank-node19175.smt2,vanilla-yices2,0.004825,1,0,1,unsat
/Users/e35480/git/kn-yices2-2/tests/regress/keymaera/keymaera_2012273_water_tank-node29292.smt2,vanilla-yices2,0.005667,1,0,0,unsat
/Users/e35480/git/kn-yices2-2/tests/regress/keymaera/keymaera_2012273_water_tank-node29292.smt2,esat-2007,0.004708,1,0,1,unsat
/Users/e35480/git/kn-yices2-2/tests/regress/keymaera/keymaera_2012274_water_tank-node10186.smt2,esat-2007,0.004750,1,0,0,unsat
/Users/e35480/git/kn-yices2-2/tests/regress/keymaera/keymaera_2012274_water_tank-node10186.smt2,vanilla-yices2,0.004802,1,0,1,unsat
/Users/e35480/git/kn-yices2-2/tests/regress/keymaera/keymaera_2012275_water_tank-node19206.smt2,vanilla-yices2,0.004677,1,0,0,unsat
/Users/e35480/git/kn-yices2-2/tests/regress/keymaera/keymaera_2012275_water_tank-node19206.smt2,esat-2007,0.004772,1,0,1,unsat
/Users/e35480/git/kn-yices2-2/tests/regress/keymaera/keymaera_2012276_water_tank-node21140.smt2,esat-2007,0.004881,1,0,0,unsat
/Users/e35480/git/kn-yices2-2/tests/regress/keymaera/keymaera_2012276_water_tank-node21140.smt2,vanilla-yices2,0.005086,1,0,1,unsat
/Users/e35480/git/kn-yices2-2/tests/regress/keymaera/keymaera_2012277_water_tank-node8198.smt2,vanilla-yices2,0.004926,1,0,0,unsat
/Users/e35480/git/kn-yices2-2/tests/regress/keymaera/keymaera_2012277_water_tank-node8198.smt2,esat-2007,0.005254,1,0,1,unsat
/Users/e35480/git/kn-yices2-2/tests/regress/keymaera/keymaera_2012278_water_tank-node28520.smt2,esat-2007,0.005474,1,0,0,unsat
/Users/e35480/git/kn-yices2-2/tests/regress/keymaera/keymaera_2012278_water_tank-node28520.smt2,vanilla-yices2,0.005105,1,0,1,unsat
/Users/e35480/git/kn-yices2-2/tests/regress/keymaera/keymaera_2012279_water_tank-node7173.smt2,vanilla-yices2,0.005175,1,0,0,unsat
/Users/e35480/git/kn-yices2-2/tests/regress/keymaera/keymaera_2012279_water_tank-node7173.smt2,esat-2007,0.005367,1,0,1,unsat
/Users/e35480/git/kn-yices2-2/tests/regress/keymaera/keymaera_2012280_water_tank-node24598.smt2,esat-2007,0.004914,1,0,0,unsat
/Users/e35480/git/kn-yices2-2/tests/regress/keymaera/keymaera_2012280_water_tank-node24598.smt2,vanilla-yices2,0.005280,1,0,1,unsat
/Users/e35480/git/kn-yices2-2/tests/regress/keymaera/keymaera_2012281_water_tank-node28793.smt2,vanilla-yices2,0.005243,1,0,0,unsat
/Users/e35480/git/kn-yices2-2/tests/regress/keymaera/keymaera_2012281_water_tank-node28793.smt2,esat-2007,0.005339,1,0,1,unsat
/Users/e35480/git/kn-yices2-2/tests/regress/keymaera/keymaera_2012282_water_tank-node30870.smt2,esat-2007,0.004921,1,0,0,unsat
/Users/e35480/git/kn-yices2-2/tests/regress/keymaera/keymaera_2012282_water_tank-node30870.smt2,vanilla-yices2,0.005099,1,0,1,unsat
/Users/e35480/git/kn-yices2-2/tests/regress/keymaera/keymaera_2012283_water_tank-node23061.smt2,vanilla-yices2,0.004692,1,0,0,unsat
/Users/e35480/git/kn-yices2-2/tests/regress/keymaera/keymaera_2012283_water_tank-node23061.smt2,esat-2007,0.004734,1,0,1,unsat
/Users/e35480/git/kn-yices2-2/tests/regress/keymaera/keymaera_2012284_water_tank-node25679.smt2,esat-2007,0.005222,1,0,0,unsat
/Users/e35480/git/kn-yices2-2/tests/regress/keymaera/keymaera_2012284_water_tank-node25679.smt2,vanilla-yices2,0.006087,1,0,1,unsat
/Users/e35480/git/kn-yices2-2/tests/regress/keymaera/keymaera_2012285_water_tank-node27709.smt2,vanilla-yices2,0.004840,1,0,0,unsat
/Users/e35480/git/kn-yices2-2/tests/regress/keymaera/keymaera_2012285_water_tank-node27709.smt2,esat-2007,0.005262,1,0,1,unsat
/Users/e35480/git/kn-yices2-2/tests/regress/keymaera/keymaera_2012286_water_tank-node9381.smt2,esat-2007,0.005635,1,0,0,unsat
/Users/e35480/git/kn-yices2-2/tests/regress/keymaera/keymaera_2012286_water_tank-node9381.smt2,vanilla-yices2,0.004937,1,0,1,unsat
/Users/e35480/git/kn-yices2-2/tests/regress/keymaera/keymaera_2012287_water_tank-node14909.smt2,vanilla-yices2,0.005344,1,0,0,unsat
/Users/e35480/git/kn-yices2-2/tests/regress/keymaera/keymaera_2012287_water_tank-node14909.smt2,esat-2007,0.005172,1,0,1,unsat
/Users/e35480/git/kn-yices2-2/tests/regress/keymaera/keymaera_2012288_water_tank-node13854.smt2,esat-2007,0.005350,1,0,0,unsat
/Users/e35480/git/kn-yices2-2/tests/regress/keymaera/keymaera_2012288_water_tank-node13854.smt2,vanilla-yices2,0.005456,1,0,1,unsat
/Users/e35480/git/kn-yices2-2/tests/regress/keymaera/keymaera_2012289_water_tank-node28519.smt2,vanilla-yices2,0.005006,1,0,0,unsat
/Users/e35480/git/kn-yices2-2/tests/regress/keymaera/keymaera_2012289_water_tank-node28519.smt2,esat-2007,0.004776,1,0,1,unsat
/Users/e35480/git/kn-yices2-2/tests/regress/keymaera/keymaera_2012290_water_tank-node18158.smt2,esat-2007,0.004626,1,0,0,unsat
/Users/e35480/git/kn-yices2-2/tests/regress/keymaera/keymaera_2012290_water_tank-node18158.smt2,vanilla-yices2,0.005898,1,0,1,unsat
/Users/e35480/git/kn-yices2-2/tests/regress/keymaera/keymaera_2012291_water_tank-node23030.smt2,vanilla-yices2,0.005383,1,0,0,unsat
/Users/e35480/git/kn-yices2-2/tests/regress/keymaera/keymaera_2012291_water_tank-node23030.smt2,esat-2007,0.005498,1,0,1,unsat
/Users/e35480/git/kn-yices2-2/tests/regress/keymaera/keymaera_2012292_water_tank-node22229.smt2,esat-2007,0.007229,1,0,0,unsat
/Users/e35480/git/kn-yices2-2/tests/regress/keymaera/keymaera_2012292_water_tank-node22229.smt2,vanilla-yices2,0.005734,1,0,1,unsat
/Users/e35480/git/kn-yices2-2/tests/regress/keymaera/keymaera_2012293_water_tank-node31031.smt2,vanilla-yices2,0.005483,1,0,0,unsat
/Users/e35480/git/kn-yices2-2/tests/regress/keymaera/keymaera_2012293_water_tank-node31031.smt2,esat-2007,0.005181,1,0,1,unsat
/Users/e35480/git/kn-yices2-2/tests/regress/keymaera/keymaera_2012294_water_tank-node7174.smt2,esat-2007,0.005245,1,0,0,unsat
/Users/e35480/git/kn-yices2-2/tests/regress/keymaera/keymaera_2012294_water_tank-node7174.smt2,vanilla-yices2,0.005651,1,0,1,unsat
/Users/e35480/git/kn-yices2-2/tests/regress/keymaera/keymaera_2012295_water_tank-node19176.smt2,vanilla-yices2,0.005475,1,0,0,unsat
/Users/e35480/git/kn-yices2-2/tests/regress/keymaera/keymaera_2012295_water_tank-node19176.smt2,esat-2007,0.005168,1,0,1,unsat
/Users/e35480/git/kn-yices2-2/tests/regress/keymaera/keymaera_2012296_water_tank-node5019.smt2,esat-2007,0.004916,1,0,0,unsat
/Users/e35480/git/kn-yices2-2/tests/regress/keymaera/keymaera_2012296_water_tank-node5019.smt2,vanilla-yices2,0.006442,1,0,1,unsat
/Users/e35480/git/kn-yices2-2/tests/regress/keymaera/keymaera_2012297_water_tank-node11755.smt2,vanilla-yices2,0.006213,1,0,0,unsat
/Users/e35480/git/kn-yices2-2/tests/regress/keymaera/keymaera_2012297_water_tank-node11755.smt2,esat-2007,0.005262,1,0,1,unsat
/Users/e35480/git/kn-yices2-2/tests/regress/keymaera/keymaera_2012298_water_tank-node24597.smt2,esat-2007,0.006266,1,0,0,unsat
/Users/e35480/git/kn-yices2-2/tests/regress/keymaera/keymaera_2012298_water_tank-node24597.smt2,vanilla-yices2,0.005196,1,0,1,unsat
/Users/e35480/git/kn-yices2-2/tests/regress/keymaera/keymaera_2012299_water_tank-node30895.smt2,vanilla-yices2,0.005106,1,0,0,unsat
/Users/e35480/git/kn-yices2-2/tests/regress/keymaera/keymaera_2012299_water_tank-node30895.smt2,esat-2007,0.006388,1,0,1,unsat
/Users/e35480/git/kn-yices2-2/tests/regress/keymaera/keymaera_2012300_water_tank-node25618.smt2,esat-2007,0.005669,1,0,0,unsat
/Users/e35480/git/kn-yices2-2/tests/regress/keymaera/keymaera_2012300_water_tank-node25618.smt2,vanilla-yices2,0.005629,1,0,1,unsat
/Users/e35480/git/kn-yices2-2/tests/regress/keymaera/keymaera_2012301_water_tank-node22289.smt2,vanilla-yices2,0.005668,1,0,0,unsat
/Users/e35480/git/kn-yices2-2/tests/regress/keymaera/keymaera_2012301_water_tank-node22289.smt2,esat-2007,0.004696,1,0,1,unsat
/Users/e35480/git/kn-yices2-2/tests/regress/keymaera/keymaera_2012302_water_tank-node21141.smt2,esat-2007,0.005267,1,0,0,unsat
/Users/e35480/git/kn-yices2-2/tests/regress/keymaera/keymaera_2012302_water_tank-node21141.smt2,vanilla-yices2,0.006349,1,0,1,unsat
/Users/e35480/git/kn-yices2-2/tests/regress/keymaera/keymaera_2012303_water_tank-node16055.smt2,vanilla-yices2,0.006355,1,0,0,unsat
/Users/e35480/git/kn-yices2-2/tests/regress/keymaera/keymaera_2012303_water_tank-node16055.smt2,esat-2007,0.006168,1,0,1,unsat
/Users/e35480/git/kn-yices2-2/tests/regress/keymaera/keymaera_2012304_water_tank-node24628.smt2,esat-2007,0.006101,1,0,0,unsat
/Users/e35480/git/kn-yices2-2/tests/regress/keymaera/keymaera_2012304_water_tank-node24628.smt2,vanilla-yices2,0.004849,1,0,1,unsat
/Users/e35480/git/kn-yices2-2/tests/regress/keymaera/keymaera_2012305_water_tank-node5020.smt2,vanilla-yices2,0.005506,1,0,0,unsat
/Users/e35480/git/kn-yices2-2/tests/regress/keymaera/keymaera_2012305_water_tank-node5020.smt2,esat-2007,0.005720,1,0,1,unsat
/Users/e35480/git/kn-yices2-2/tests/regress/keymaera/keymaera_2012306_water_tank-node10156.smt2,esat-2007,0.004990,1,0,0,unsat
/Users/e35480/git/kn-yices2-2/tests/regress/keymaera/keymaera_2012306_water_tank-node10156.smt2,vanilla-yices2,0.005969,1,0,1,unsat
/Users/e35480/git/kn-yices2-2/tests/regress/keymaera/keymaera_2012307_water_tank-node30158.smt2,vanilla-yices2,0.005268,1,0,0,unsat
/Users/e35480/git/kn-yices2-2/tests/regress/keymaera/keymaera_2012307_water_tank-node30158.smt2,esat-2007,0.004737,1,0,1,unsat
/Users/e35480/git/kn-yices2-2/tests/regress/keymaera/keymaera_2012308_water_tank-node29291.smt2,esat-2007,0.005097,1,0,0,unsat
/Users/e35480/git/kn-yices2-2/tests/regress/keymaera/keymaera_2012308_water_tank-node29291.smt2,vanilla-yices2,0.006945,1,0,1,unsat
/Users/e35480/git/kn-yices2-2/tests/regress/keymaera/keymaera_2012309_water_tank-node26754.smt2,vanilla-yices2,0.005838,1,0,0,unsat
/Users/e35480/git/kn-yices2-2/tests/regress/keymaera/keymaera_2012309_water_tank-node26754.smt2,esat-2007,0.005102,1,0,1,unsat
/Users/e35480/git/kn-yices2-2/tests/regress/keymaera/keymaera_2012310_water_tank-node9350.smt2,esat-2007,0.005778,1,0,0,unsat
/Users/e35480/git/kn-yices2-2/tests/regress/keymaera/keymaera_2012310_water_tank-node9350.smt2,vanilla-yices2,0.005483,1,0,1,unsat
/Users/e35480/git/kn-yices2-2/tests/regress/keymaera/keymaera_2012311_water_tank-node31000.smt2,vanilla-yices2,0.005844,1,0,0,unsat
/Users/e35480/git/kn-yices2-2/tests/regress/keymaera/keymaera_2012311_water_tank-node31000.smt2,esat-2007,0.005119,1,0,1,unsat
/Users/e35480/git/kn-yices2-2/tests/regress/keymaera/keymaera_2012312_water_tank-node8199.smt2,esat-2007,0.005311,1,0,0,unsat
/Users/e35480/git/kn-yices2-2/tests/regress/keymaera/keymaera_2012312_water_tank-node8199.smt2,vanilla-yices2,0.005800,1,0,1,unsat
/Users/e35480/git/kn-yices2-2/tests/regress/keymaera/keymaera_2012313_water_tank-node12555.smt2,vanilla-yices2,0.004831,1,0,0,unsat
/Users/e35480/git/kn-yices2-2/tests/regress/keymaera/keymaera_2012313_water_tank-node12555.smt2,esat-2007,0.004880,1,0,1,unsat
/Users/e35480/git/kn-yices2-2/tests/regress/keymaera/keymaera_2012314_water_tank-node23091.smt2,esat-2007,0.005496,1,0,0,unsat
/Users/e35480/git/kn-yices2-2/tests/regress/keymaera/keymaera_2012314_water_tank-node23091.smt2,vanilla-yices2,0.004819,1,0,1,unsat
/Users/e35480/git/kn-yices2-2/tests/regress/keymaera/keymaera_2012315_water_tank-node25619.smt2,vanilla-yices2,0.004834,1,0,0,unsat
/Users/e35480/git/kn-yices2-2/tests/regress/keymaera/keymaera_2012315_water_tank-node25619.smt2,esat-2007,0.006077,1,0,1,unsat
/Users/e35480/git/kn-yices2-2/tests/regress/keymaera/keymaera_2012316_water_tank-node11781.smt2,esat-2007,0.004879,1,0,0,unsat
/Users/e35480/git/kn-yices2-2/tests/regress/keymaera/keymaera_2012316_water_tank-node11781.smt2,vanilla-yices2,0.004737,1,0,1,unsat
/Users/e35480/git/kn-yices2-2/tests/regress/keymaera/keymaera_2012317_water_tank-node27654.smt2,vanilla-yices2,0.005833,1,0,0,unsat
/Users/e35480/git/kn-yices2-2/tests/regress/keymaera/keymaera_2012317_water_tank-node27654.smt2,esat-2007,0.004910,1,0,1,unsat
/Users/e35480/git/kn-yices2-2/tests/regress/keymaera/keymaera_2012318_water_tank-node18188.smt2,esat-2007,0.004924,1,0,0,unsat
/Users/e35480/git/kn-yices2-2/tests/regress/keymaera/keymaera_2012318_water_tank-node18188.smt2,vanilla-yices2,0.005884,1,0,1,unsat
/Users/e35480/git/kn-yices2-2/tests/regress/keymaera/keymaera_2012319_water_tank-node14878.smt2,vanilla-yices2,0.004732,1,0,0,unsat
/Users/e35480/git/kn-yices2-2/tests/regress/keymaera/keymaera_2012319_water_tank-node14878.smt2,esat-2007,0.005087,1,0,1,unsat
/Users/e35480/git/kn-yices2-2/tests/regress/keymaera/keymaera_2012320_water_tank-node31056.smt2,esat-2007,0.005733,1,0,0,unsat
/Users/e35480/git/kn-yices2-2/tests/regress/keymaera/keymaera_2012320_water_tank-node31056.smt2,vanilla-yices2,0.005059,1,0,1,unsat
/Users/e35480/git/kn-yices2-2/tests/regress/keymaera/keymaera_2012321_water_tank-node12556.smt2,vanilla-yices2,0.004961,1,0,0,unsat
/Users/e35480/git/kn-yices2-2/tests/regress/keymaera/keymaera_2012321_water_tank-node12556.smt2,esat-2007,0.005409,1,0,1,unsat
/Users/e35480/git/kn-yices2-2/tests/regress/keymaera/keymaera_2012322_water_tank-node27653.smt2,esat-2007,0.005201,1,0,0,unsat
/Users/e35480/git/kn-yices2-2/tests/regress/keymaera/keymaera_2012322_water_tank-node27653.smt2,vanilla-yices2,0.005021,1,0,1,unsat
/Users/e35480/git/kn-yices2-2/tests/regress/keymaera/keymaera_2012323_water_tank-node18157.smt2,vanilla-yices2,0.005298,1,0,0,unsat
/Users/e35480/git/kn-yices2-2/tests/regress/keymaera/keymaera_2012323_water_tank-node18157.smt2,esat-2007,0.005634,1,0,1,unsat
/Users/e35480/git/kn-yices2-2/tests/regress/keymaera/keymaera_2012324_water_tank-node13855.smt2,esat-2007,0.005133,1,0,0,unsat
/Users/e35480/git/kn-yices2-2/tests/regress/keymaera/keymaera_2012324_water_tank-node13855.smt2,vanilla-yices2,0.005293,1,0,1,unsat
/Users/e35480/git/kn-yices2-2/tests/regress/keymaera/keymaera_2012325_water_tank-node13885.smt2,vanilla-yices2,0.004922,1,0,0,unsat
/Users/e35480/git/kn-yices2-2/tests/regress/keymaera/keymaera_2012325_water_tank-node13885.smt2,esat-2007,0.005095,1,0,1,unsat
/Users/e35480/git/kn-yices2-2/tests/regress/keymaera/keymaera_2012326_water_tank-node10155.smt2,esat-2007,0.005550,1,0,0,unsat
/Users/e35480/git/kn-yices2-2/tests/regress/keymaera/keymaera_2012326_water_tank-node10155.smt2,vanilla-yices2,0.004911,1,0,1,unsat
/Users/e35480/git/kn-yices2-2/tests/regress/keymaera/keymaera_894071_intersection-example-simple.proof-node85544.smt2,vanilla-yices2,0.004995,1,0,0,unsat
/Users/e35480/git/kn-yices2-2/tests/regress/keymaera/keymaera_894071_intersection-example-simple.proof-node85544.smt2,esat-2007,0.005222,1,0,1,unsat
/Users/e35480/git/kn-yices2-2/tests/regress/keymaera/keymaera_894072_intersection-example-simple.proof-node22267.smt2,esat-2007,0.005509,1,0,0,unsat
/Users/e35480/git/kn-yices2-2/tests/regress/keymaera/keymaera_894072_intersection-example-simple.proof-node22267.smt2,vanilla-yices2,0.005399,1,0,1,unsat
/Users/e35480/git/kn-yices2-2/tests/regress/keymaera/keymaera_894073_intersection-example-simple.proof-node432116.smt2,vanilla-yices2,0.005023,1,0,0,unsat
/Users/e35480/git/kn-yices2-2/tests/regress/keymaera/keymaera_894073_intersection-example-simple.proof-node432116.smt2,esat-2007,0.004992,1,0,1,unsat
/Users/e35480/git/kn-yices2-2/tests/regress/keymaera/keymaera_894074_intersection-example-simple.proof-node22058.smt2,esat-2007,0.004895,1,0,0,unsat
/Users/e35480/git/kn-yices2-2/tests/regress/keymaera/keymaera_894074_intersection-example-simple.proof-node22058.smt2,vanilla-yices2,0.005098,1,0,1,unsat
/Users/e35480/git/kn-yices2-2/tests/regress/keymaera/keymaera_894075_intersection-example-simple.proof-node453137.smt2,vanilla-yices2,0.004867,1,0,0,unsat
/Users/e35480/git/kn-yices2-2/tests/regress/keymaera/keymaera_894075_intersection-example-simple.proof-node453137.smt2,esat-2007,0.004681,1,0,1,unsat
/Users/e35480/git/kn-yices2-2/tests/regress/keymaera/keymaera_894076_intersection-example-simple.proof-node71792.smt2,esat-2007,0.004822,1,0,0,unsat
/Users/e35480/git/kn-yices2-2/tests/regress/keymaera/keymaera_894076_intersection-example-simple.proof-node71792.smt2,vanilla-yices2,0.004873,1,0,1,unsat
/Users/e35480/git/kn-yices2-2/tests/regress/keymaera/keymaera_894078_intersection-example-simple.proof-node47049.smt2,vanilla-yices2,0.004710,1,0,0,unsat
/Users/e35480/git/kn-yices2-2/tests/regress/keymaera/keymaera_894078_intersection-example-simple.proof-node47049.smt2,esat-2007,0.004667,1,0,1,unsat
/Users/e35480/git/kn-yices2-2/tests/regress/keymaera/keymaera_894079_intersection-example-simple.proof-node462796.smt2,esat-2007,0.005156,1,0,0,unsat
/Users/e35480/git/kn-yices2-2/tests/regress/keymaera/keymaera_894079_intersection-example-simple.proof-node462796.smt2,vanilla-yices2,0.004897,1,0,1,unsat
/Users/e35480/git/kn-yices2-2/tests/regress/keymaera/keymaera_894081_intersection-example-simple.proof-node406896.smt2,vanilla-yices2,0.004645,1,0,0,unsat
/Users/e35480/git/kn-yices2-2/tests/regress/keymaera/keymaera_894081_intersection-example-simple.proof-node406896.smt2,esat-2007,0.004649,1,0,1,unsat
/Users/e35480/git/kn-yices2-2/tests/regress/keymaera/keymaera_894085_intersection-example-simple.proof-node75451.smt2,esat-2007,0.005181,1,0,0,unsat
/Users/e35480/git/kn-yices2-2/tests/regress/keymaera/keymaera_894085_intersection-example-simple.proof-node75451.smt2,vanilla-yices2,0.004750,1,0,1,unsat
/Users/e35480/git/kn-yices2-2/tests/regress/keymaera/keymaera_894086_intersection-example-simple.proof-node393141.smt2,vanilla-yices2,0.005091,1,0,0,unsat
/Users/e35480/git/kn-yices2-2/tests/regress/keymaera/keymaera_894086_intersection-example-simple.proof-node393141.smt2,esat-2007,0.004777,1,0,1,unsat
/Users/e35480/git/kn-yices2-2/tests/regress/keymaera/keymaera_894088_intersection-example-simple.proof-node688433.smt2,esat-2007,0.004799,1,0,0,unsat
/Users/e35480/git/kn-yices2-2/tests/regress/keymaera/keymaera_894088_intersection-example-simple.proof-node688433.smt2,vanilla-yices2,0.004826,1,0,1,unsat
/Users/e35480/git/kn-yices2-2/tests/regress/keymaera/keymaera_894090_intersection-example-simple.proof-node432437.smt2,vanilla-yices2,0.005474,1,0,0,unsat
/Users/e35480/git/kn-yices2-2/tests/regress/keymaera/keymaera_894090_intersection-example-simple.proof-node432437.smt2,esat-2007,0.005025,1,0,1,unsat
/Users/e35480/git/kn-yices2-2/tests/regress/keymaera/keymaera_894091_intersection-example-simple.proof-node403405.smt2,esat-2007,0.004977,1,0,0,unsat
/Users/e35480/git/kn-yices2-2/tests/regress/keymaera/keymaera_894091_intersection-example-simple.proof-node403405.smt2,vanilla-yices2,0.005335,1,0,1,unsat
/Users/e35480/git/kn-yices2-2/tests/regress/keymaera/keymaera_894092_intersection-example-simple.proof-node679290.smt2,vanilla-yices2,0.004785,1,0,0,unsat
/Users/e35480/git/kn-yices2-2/tests/regress/keymaera/keymaera_894092_intersection-example-simple.proof-node679290.smt2,esat-2007,0.004849,1,0,1,unsat
/Users/e35480/git/kn-yices2-2/tests/regress/keymaera/keymaera_894093_intersection-example-simple.proof-node13023.smt2,esat-2007,0.004733,1,0,0,unsat
/Users/e35480/git/kn-yices2-2/tests/regress/keymaera/keymaera_894093_intersection-example-simple.proof-node13023.smt2,vanilla-yices2,0.005168,1,0,1,unsat
/Users/e35480/git/kn-yices2-2/tests/regress/keymaera/keymaera_894094_intersection-example-simple.proof-node59054.smt2,vanilla-yices2,0.004563,1,0,0,unsat
/Users/e35480/git/kn-yices2-2/tests/regress/keymaera/keymaera_894094_intersection-example-simple.proof-node59054.smt2,esat-2007,0.005126,1,0,1,unsat
/Users/e35480/git/kn-yices2-2/tests/regress/keymaera/keymaera_894095_intersection-example-simple.proof-node396678.smt2,esat-2007,0.005038,1,0,0,unsat
/Users/e35480/git/kn-yices2-2/tests/regress/keymaera/keymaera_894095_intersection-example-simple.proof-node396678.smt2,vanilla-yices2,0.004960,1,0,1,unsat
/Users/e35480/git/kn-yices2-2/tests/regress/keymaera/keymaera_894096_intersection-example-simple.proof-node679466.smt2,vanilla-yices2,0.004930,1,0,0,unsat
/Users/e35480/git/kn-yices2-2/tests/regress/keymaera/keymaera_894096_intersection-example-simple.proof-node679466.smt2,esat-2007,0.005065,1,0,1,unsat
/Users/e35480/git/kn-yices2-2/tests/regress/keymaera/keymaera_894097_intersection-example-simple.proof-node398905.smt2,esat-2007,0.005371,1,0,0,unsat
/Users/e35480/git/kn-yices2-2/tests/regress/keymaera/keymaera_894097_intersection-example-simple.proof-node398905.smt2,vanilla-yices2,0.004781,1,0,1,unsat
/Users/e35480/git/kn-yices2-2/tests/regress/keymaera/keymaera_894098_intersection-example-simple.proof-node43741.smt2,vanilla-yices2,0.005504,1,0,0,unsat
/Users/e35480/git/kn-yices2-2/tests/regress/keymaera/keymaera_894098_intersection-example-simple.proof-node43741.smt2,esat-2007,0.005111,1,0,1,unsat
/Users/e35480/git/kn-yices2-2/tests/regress/keymaera/keymaera_894099_intersection-example-simple.proof-node463847.smt2,esat-2007,0.005004,1,0,0,unsat
/Users/e35480/git/kn-yices2-2/tests/regress/keymaera/keymaera_894099_intersection-example-simple.proof-node463847.smt2,vanilla-yices2,0.005297,1,0,1,unsat
/Users/e35480/git/kn-yices2-2/tests/regress/keymaera/keymaera_894100_intersection-example-simple.proof-node422254.smt2,vanilla-yices2,0.005034,1,0,0,unsat
/Users/e35480/git/kn-yices2-2/tests/regress/keymaera/keymaera_894100_intersection-example-simple.proof-node422254.smt2,esat-2007,0.004769,1,0,1,unsat
/Users/e35480/git/kn-yices2-2/tests/regress/keymaera/keymaera_894103_intersection-example-simple.proof-node86313.smt2,esat-2007,0.004868,1,0,0,unsat
/Users/e35480/git/kn-yices2-2/tests/regress/keymaera/keymaera_894103_intersection-example-simple.proof-node86313.smt2,vanilla-yices2,0.005160,1,0,1,unsat
/Users/e35480/git/kn-yices2-2/tests/regress/keymaera/keymaera_894104_intersection-example-simple.proof-node12702.smt2,vanilla-yices2,0.004827,1,0,0,unsat
/Users/e35480/git/kn-yices2-2/tests/regress/keymaera/keymaera_894104_intersection-example-simple.proof-node12702.smt2,esat-2007,0.005121,1,0,1,unsat
/Users/e35480/git/kn-yices2-2/tests/regress/keymaera/keymaera_894106_intersection-example-simple.proof-node679744.smt2,esat-2007,0.004876,1,0,0,unsat
/Users/e35480/git/kn-yices2-2/tests/regress/keymaera/keymaera_894106_intersection-example-simple.proof-node679744.smt2,vanilla-yices2,0.004648,1,0,1,unsat
/Users/e35480/git/kn-yices2-2/tests/regress/keymaera/keymaera_894107_intersection-example-simple.proof-node427730.smt2,vanilla-yices2,0.004868,1,0,0,unsat
/Users/e35480/git/kn-yices2-2/tests/regress/keymaera/keymaera_894107_intersection-example-simple.proof-node427730.smt2,esat-2007,0.005364,1,0,1,unsat
/Users/e35480/git/kn-yices2-2/tests/regress/keymaera/keymaera_894109_intersection-example-simple.proof-node431299.smt2,esat-2007,0.004867,1,0,0,unsat
/Users/e35480/git/kn-yices2-2/tests/regress/keymaera/keymaera_894109_intersection-example-simple.proof-node431299.smt2,vanilla-yices2,0.004831,1,0,1,unsat
/Users/e35480/git/kn-yices2-2/tests/regress/keymaera/keymaera_894111_intersection-example-simple.proof-node44607.smt2,vanilla-yices2,0.005137,1,0,0,unsat
/Users/e35480/git/kn-yices2-2/tests/regress/keymaera/keymaera_894111_intersection-example-simple.proof-node44607.smt2,esat-2007,0.005046,1,0,1,unsat
/Users/e35480/git/kn-yices2-2/tests/regress/keymaera/keymaera_894113_intersection-example-simple.proof-node70716.smt2,esat-2007,0.004861,1,0,0,unsat
/Users/e35480/git/kn-yices2-2/tests/regress/keymaera/keymaera_894113_intersection-example-simple.proof-node70716.smt2,vanilla-yices2,0.004785,1,0,1,unsat
/Users/e35480/git/kn-yices2-2/tests/regress/keymaera/keymaera_894114_intersection-example-simple.proof-node98721.smt2,vanilla-yices2,0.005622,1,0,0,unsat
/Users/e35480/git/kn-yices2-2/tests/regress/keymaera/keymaera_894114_intersection-example-simple.proof-node98721.smt2,esat-2007,0.005244,1,0,1,unsat
/Users/e35480/git/kn-yices2-2/tests/regress/keymaera/keymaera_894115_intersection-example-simple.proof-node16357.smt2,esat-2007,0.004843,1,0,0,unsat
/Users/e35480/git/kn-yices2-2/tests/regress/keymaera/keymaera_894115_intersection-example-simple.proof-node16357.smt2,vanilla-yices2,0.005319,1,0,1,unsat
/Users/e35480/git/kn-yices2-2/tests/regress/keymaera/keymaera_894116_intersection-example-simple.proof-node427939.smt2,vanilla-yices2,0.005075,1,0,0,unsat
/Users/e35480/git/kn-yices2-2/tests/regress/keymaera/keymaera_894116_intersection-example-simple.proof-node427939.smt2,esat-2007,0.005268,1,0,1,unsat
/Users/e35480/git/kn-yices2-2/tests/regress/keymaera/keymaera_894117_intersection-example-simple.proof-node733141.smt2,esat-2007,0.006053,1,0,0,unsat
/Users/e35480/git/kn-yices2-2/tests/regress/keymaera/keymaera_894117_intersection-example-simple.proof-node733141.smt2,vanilla-yices2,0.005198,1,0,1,unsat
/Users/e35480/git/kn-yices2-2/tests/regress/keymaera/keymaera_894118_intersection-example-simple.proof-node12911.smt2,vanilla-yices2,0.005014,1,0,0,unsat
/Users/e35480/git/kn-yices2-2/tests/regress/keymaera/keymaera_894118_intersection-example-simple.proof-node12911.smt2,esat-2007,0.005704,1,0,1,unsat
/Users/e35480/git/kn-yices2-2/tests/regress/keymaera/keymaera_894119_intersection-example-simple.proof-node680612.smt2,esat-2007,0.005008,1,0,0,unsat
/Users/e35480/git/kn-yices2-2/tests/regress/keymaera/keymaera_894119_intersection-example-simple.proof-node680612.smt2,vanilla-yices2,0.004880,1,0,1,unsat
/Users/e35480/git/kn-yices2-2/tests/regress/keymaera/keymaera_894120_intersection-example-simple.proof-node53134.smt2,vanilla-yices2,0.005614,1,0,0,unsat
/Users/e35480/git/kn-yices2-2/tests/regress/keymaera/keymaera_894120_intersection-example-simple.proof-node53134.smt2,esat-2007,0.005103,1,0,1,unsat
/Users/e35480/git/kn-yices2-2/tests/regress/keymaera/keymaera_894121_intersection-example-simple.proof-node15586.smt2,esat-2007,0.005122,1,0,0,unsat
/Users/e35480/git/kn-yices2-2/tests/regress/keymaera/keymaera_894121_intersection-example-simple.proof-node15586.smt2,vanilla-yices2,0.005372,1,0,1,unsat
/Users/e35480/git/kn-yices2-2/tests/regress/keymaera/keymaera_894123_intersection-example-simple.proof-node684597.smt2,vanilla-yices2,0.005455,1,0,0,unsat
/Users/e35480/git/kn-yices2-2/tests/regress/keymaera/keymaera_894123_intersection-example-simple.proof-node684597.smt2,esat-2007,0.005259,1,0,1,unsat
/Users/e35480/git/kn-yices2-2/tests/regress/keymaera/keymaera_894124_intersection-example-simple.proof-node459874.smt2,esat-2007,0.005846,1,0,0,unsat
/Users/e35480/git/kn-yices2-2/tests/regress/keymaera/keymaera_894124_intersection-example-simple.proof-node459874.smt2,vanilla-yices2,0.005475,1,0,1,unsat
/Users/e35480/git/kn-yices2-2/tests/regress/keymaera/keymaera_894126_intersection-example-simple.proof-node450267.smt2,vanilla-yices2,0.005189,1,0,0,unsat
/Users/e35480/git/kn-yices2-2/tests/regress/keymaera/keymaera_894126_intersection-example-simple.proof-node450267.smt2,esat-2007,0.005857,1,0,1,unsat
/Users/e35480/git/kn-yices2-2/tests/regress/keymaera/keymaera_894128_intersection-example-simple.proof-node680933.smt2,esat-2007,0.005421,1,0,0,unsat
/Users/e35480/git/kn-yices2-2/tests/regress/keymaera/keymaera_894128_intersection-example-simple.proof-node680933.smt2,vanilla-yices2,0.005328,1,0,1,unsat
/Users/e35480/git/kn-yices2-2/tests/regress/keymaera/keymaera_894130_intersection-example-simple.proof-node688613.smt2,vanilla-yices2,0.005862,1,0,0,unsat
/Users/e35480/git/kn-yices2-2/tests/regress/keymaera/keymaera_894130_intersection-example-simple.proof-node688613.smt2,esat-2007,0.005357,1,0,1,unsat
/Users/e35480/git/kn-yices2-2/tests/regress/keymaera/keymaera_894131_intersection-example-simple.proof-node431090.smt2,esat-2007,0.005046,1,0,0,unsat
/Users/e35480/git/kn-yices2-2/tests/regress/keymaera/keymaera_894131_intersection-example-simple.proof-node431090.smt2,vanilla-yices2,0.005934,1,0,1,unsat
/Users/e35480/git/kn-yices2-2/tests/regress/keymaera/keymaera_894132_intersection-example-simple.proof-node46397.smt2,vanilla-yices2,0.005038,1,0,0,unsat
/Users/e35480/git/kn-yices2-2/tests/regress/keymaera/keymaera_894132_intersection-example-simple.proof-node46397.smt2,esat-2007,0.005312,1,0,1,unsat
/Users/e35480/git/kn-yices2-2/tests/regress/keymaera/keymaera_894133_intersection-example-simple.proof-node99528.smt2,esat-2007,0.005903,1,0,0,unsat
/Users/e35480/git/kn-yices2-2/tests/regress/keymaera/keymaera_894133_intersection-example-simple.proof-node99528.smt2,vanilla-yices2,0.005016,1,0,1,unsat
/Users/e35480/git/kn-yices2-2/tests/regress/keymaera/keymaera_894134_intersection-example-simple.proof-node405951.smt2,vanilla-yices2,0.004887,1,0,0,unsat
/Users/e35480/git/kn-yices2-2/tests/regress/keymaera/keymaera_894134_intersection-example-simple.proof-node405951.smt2,esat-2007,0.005549,1,0,1,unsat
/Users/e35480/git/kn-yices2-2/tests/regress/keymaera/keymaera_894135_intersection-example-simple.proof-node403143.smt2,esat-2007,0.005377,1,0,0,unsat
/Users/e35480/git/kn-yices2-2/tests/regress/keymaera/keymaera_894135_intersection-example-simple.proof-node403143.smt2,vanilla-yices2,0.005013,1,0,1,unsat
/Users/e35480/git/kn-yices2-2/tests/regress/keymaera/keymaera_894137_intersection-example-simple.proof-node404096.smt2,vanilla-yices2,0.005649,1,0,0,unsat
/Users/e35480/git/kn-yices2-2/tests/regress/keymaera/keymaera_894137_intersection-example-simple.proof-node404096.smt2,esat-2007,0.005373,1,0,1,unsat
/Users/e35480/git/kn-yices2-2/tests/regress/keymaera/keymaera_894139_intersection-example-simple.proof-node57616.smt2,esat-2007,0.005241,1,0,0,unsat
/Users/e35480/git/kn-yices2-2/tests/regress/keymaera/keymaera_894139_intersection-example-simple.proof-node57616.smt2,vanilla-yices2,0.005505,1,0,1,unsat
/Users/e35480/git/kn-yices2-2/tests/regress/keymaera/keymaera_894141_intersection-example-simple.proof-node6298.smt2,vanilla-yices2,0.005281,1,0,0,unsat
/Users/e35480/git/kn-yices2-2/tests/regress/keymaera/keymaera_894141_intersection-example-simple.proof-node6298.smt2,esat-2007,0.004914,1,0,1,unsat
/Users/e35480/git/kn-yices2-2/tests/regress/keymaera/keymaera_894142_intersection-example-simple.proof-node412027.smt2,esat-2007,0.005341,1,0,0,unsat
/Users/e35480/git/kn-yices2-2/tests/regress/keymaera/keymaera_894142_intersection-example-simple.proof-node412027.smt2,vanilla-yices2,0.005193,1,0,1,unsat
/Users/e35480/git/kn-yices2-2/tests/regress/keymaera/keymaera_894143_intersection-example-simple.proof-node98609.smt2,vanilla-yices2,0.005150,1,0,0,unsat
/Users/e35480/git/kn-yices2-2/tests/regress/keymaera/keymaera_894143_intersection-example-simple.proof-node98609.smt2,esat-2007,0.005522,1,0,1,unsat
/Users/e35480/git/kn-yices2-2/tests/regress/keymaera/keymaera_894144_intersection-example-simple.proof-node683187.smt2,esat-2007,0.005121,1,0,0,unsat
/Users/e35480/git/kn-yices2-2/tests/regress/keymaera/keymaera_894144_intersection-example-simple.proof-node683187.smt2,vanilla-yices2,0.005002,1,0,1,unsat
/Users/e35480/git/kn-yices2-2/tests/regress/keymaera/keymaera_894147_intersection-example-simple.proof-node26275.smt2,vanilla-yices2,0.004494,1,0,0,unsat
/Users/e35480/git/kn-yices2-2/tests/regress/keymaera/keymaera_894147_intersection-example-simple.proof-node26275.smt2,esat-2007,0.005059,1,0,1,unsat
/Users/e35480/git/kn-yices2-2/tests/regress/keymaera/keymaera_894148_intersection-example-simple.proof-node451347.smt2,esat-2007,0.005569,1,0,0,unsat
/Users/e35480/git/kn-yices2-2/tests/regress/keymaera/keymaera_894148_intersection-example-simple.proof-node451347.smt2,vanilla-yices2,0.005318,1,0,1,unsat
/Users/e35480/git/kn-yices2-2/tests/regress/keymaera/keymaera_894149_intersection-example-simple.proof-node2545.smt2,vanilla-yices2,0.004835,1,0,0,unsat
/Users/e35480/git/kn-yices2-2/tests/regress/keymaera/keymaera_894149_intersection-example-simple.proof-node2545.smt2,esat-2007,0.004512,1,0,1,unsat
/Users/e35480/git/kn-yices2-2/tests/regress/keymaera/keymaera_894150_intersection-example-simple.proof-node85758.smt2,esat-2007,0.005041,1,0,0,unsat
/Users/e35480/git/kn-yices2-2/tests/regress/keymaera/keymaera_894150_intersection-example-simple.proof-node85758.smt2,vanilla-yices2,0.004994,1,0,1,unsat
/Users/e35480/git/kn-yices2-2/tests/regress/keymaera/keymaera_894152_intersection-example-simple.proof-node22930.smt2,vanilla-yices2,0.004453,1,0,0,unsat
/Users/e35480/git/kn-yices2-2/tests/regress/keymaera/keymaera_894152_intersection-example-simple.proof-node22930.smt2,esat-2007,0.004740,1,0,1,unsat
/Users/e35480/git/kn-yices2-2/tests/regress/keymaera/keymaera_894154_intersection-example-simple.proof-node81001.smt2,esat-2007,0.005486,1,0,0,unsat
/Users/e35480/git/kn-yices2-2/tests/regress/keymaera/keymaera_894154_intersection-example-simple.proof-node81001.smt2,vanilla-yices2,0.005284,1,0,1,unsat
/Users/e35480/git/kn-yices2-2/tests/regress/keymaera/keymaera_894155_intersection-example-simple.proof-node409710.smt2,vanilla-yices2,0.005232,1,0,0,unsat
/Users/e35480/git/kn-yices2-2/tests/regress/keymaera/keymaera_894155_intersection-example-simple.proof-node409710.smt2,esat-2007,0.004898,1,0,1,unsat
/Users/e35480/git/kn-yices2-2/tests/regress/keymaera/keymaera_894156_intersection-example-simple.proof-node461247.smt2,esat-2007,0.004847,1,0,0,unsat
/Users/e35480/git/kn-yices2-2/tests/regress/keymaera/keymaera_894156_intersection-example-simple.proof-node461247.smt2,vanilla-yices2,0.004851,1,0,1,unsat
/Users/e35480/git/kn-yices2-2/tests/regress/keymaera/keymaera_894157_intersection-example-simple.proof-node681835.smt2,vanilla-yices2,0.005026,1,0,0,unsat
/Users/e35480/git/kn-yices2-2/tests/regress/keymaera/keymaera_894157_intersection-example-simple.proof-node681835.smt2,esat-2007,0.004866,1,0,1,unsat
/Users/e35480/git/kn-yices2-2/tests/regress/keymaera/keymaera_894159_intersection-example-simple.proof-node84760.smt2,esat-2007,0.004861,1,0,0,unsat
/Users/e35480/git/kn-yices2-2/tests/regress/keymaera/keymaera_894159_intersection-example-simple.proof-node84760.smt2,vanilla-yices2,0.004799,1,0,1,unsat
/Users/e35480/git/kn-yices2-2/tests/regress/keymaera/keymaera_894160_intersection-example-simple.proof-node680821.smt2,vanilla-yices2,0.005144,1,0,0,unsat
/Users/e35480/git/kn-yices2-2/tests/regress/keymaera/keymaera_894160_intersection-example-simple.proof-node680821.smt2,esat-2007,0.004920,1,0,1,unsat
/Users/e35480/git/kn-yices2-2/tests/regress/keymaera/keymaera_894161_intersection-example-simple.proof-node54186.smt2,esat-2007,0.005141,1,0,0,unsat
/Users/e35480/git/kn-yices2-2/tests/regress/keymaera/keymaera_894161_intersection-example-simple.proof-node54186.smt2,vanilla-yices2,0.004772,1,0,1,unsat
/Users/e35480/git/kn-yices2-2/tests/regress/keymaera/keymaera_894163_intersection-example-simple.proof-node404555.smt2,vanilla-yices2,0.004723,1,0,0,unsat
/Users/e35480/git/kn-yices2-2/tests/regress/keymaera/keymaera_894163_intersection-example-simple.proof-node404555.smt2,esat-2007,0.005051,1,0,1,unsat
/Users/e35480/git/kn-yices2-2/tests/regress/keymaera/keymaera_894167_intersection-example-simple.proof-node419176.smt2,esat-2007,0.005136,1,0,0,unsat
/Users/e35480/git/kn-yices2-2/tests/regress/keymaera/keymaera_894167_intersection-example-simple.proof-node419176.smt2,vanilla-yices2,0.004686,1,0,1,unsat
/Users/e35480/git/kn-yices2-2/tests/regress/keymaera/keymaera_894168_intersection-example-simple.proof-node451133.smt2,vanilla-yices2,0.004845,1,0,0,unsat
/Users/e35480/git/kn-yices2-2/tests/regress/keymaera/keymaera_894168_intersection-example-simple.proof-node451133.smt2,esat-2007,0.004975,1,0,1,unsat
/Users/e35480/git/kn-yices2-2/tests/regress/keymaera/keymaera_894169_intersection-example-simple.proof-node80003.smt2,esat-2007,0.004971,1,0,0,unsat
/Users/e35480/git/kn-yices2-2/tests/regress/keymaera/keymaera_894169_intersection-example-simple.proof-node80003.smt2,vanilla-yices2,0.004973,1,0,1,unsat
/Users/e35480/git/kn-yices2-2/tests/regress/keymaera/keymaera_894171_intersection-example-simple.proof-node465124.smt2,vanilla-yices2,0.004948,1,0,0,unsat
/Users/e35480/git/kn-yices2-2/tests/regress/keymaera/keymaera_894171_intersection-example-simple.proof-node465124.smt2,esat-2007,0.005013,1,0,1,unsat
/Users/e35480/git/kn-yices2-2/tests/regress/keymaera/keymaera_894175_intersection-example-simple.proof-node454003.smt2,esat-2007,0.004845,1,0,0,unsat
/Users/e35480/git/kn-yices2-2/tests/regress/keymaera/keymaera_894175_intersection-example-simple.proof-node454003.smt2,vanilla-yices2,0.005060,1,0,1,unsat
/Users/e35480/git/kn-yices2-2/tests/regress/keymaera/keymaera_894176_intersection-example-simple.proof-node6512.smt2,vanilla-yices2,0.004734,1,0,0,unsat
/Users/e35480/git/kn-yices2-2/tests/regress/keymaera/keymaera_894176_intersection-example-simple.proof-node6512.smt2,esat-2007,0.004945,1,0,1,unsat
/Users/e35480/git/kn-yices2-2/tests/regress/keymaera/keymaera_894180_intersection-example-simple.proof-node462599.smt2,esat-2007,0.004858,1,0,0,unsat
/Users/e35480/git/kn-yices2-2/tests/regress/keymaera/keymaera_894180_intersection-example-simple.proof-node462599.smt2,vanilla-yices2,0.005118,1,0,1,unsat
/Users/e35480/git/kn-yices2-2/tests/regress/keymaera/keymaera_894181_intersection-example-simple.proof-node80217.smt2,vanilla-yices2,0.004863,1,0,0,unsat
/Users/e35480/git/kn-yices2-2/tests/regress/keymaera/keymaera_894181_intersection-example-simple.proof-node80217.smt2,esat-2007,0.004849,1,0,1,unsat
/Users/e35480/git/kn-yices2-2/tests/regress/keymaera/keymaera_894182_intersection-example-simple.proof-node679020.smt2,esat-2007,0.004875,1,0,0,unsat
/Users/e35480/git/kn-yices2-2/tests/regress/keymaera/keymaera_894182_intersection-example-simple.proof-node679020.smt2,vanilla-yices2,0.005080,1,0,1,unsat
/Users/e35480/git/kn-yices2-2/tests/regress/keymaera/keymaera_894183_intersection-example-simple.proof-node44393.smt2,vanilla-yices2,0.004808,1,0,0,unsat
/Users/e35480/git/kn-yices2-2/tests/regress/keymaera/keymaera_894183_intersection-example-simple.proof-node44393.smt2,esat-2007,0.004858,1,0,1,unsat
/Users/e35480/git/kn-yices2-2/tests/regress/keymaera/keymaera_894184_intersection-example-simple.proof-node683401.smt2,esat-2007,0.004835,1,0,0,unsat
/Users/e35480/git/kn-yices2-2/tests/regress/keymaera/keymaera_894184_intersection-example-simple.proof-node683401.smt2,vanilla-yices2,0.004780,1,0,1,unsat
/Users/e35480/git/kn-yices2-2/tests/regress/keymaera/keymaera_894185_intersection-example-simple.proof-node24909.smt2,vanilla-yices2,0.004903,1,0,0,unsat
/Users/e35480/git/kn-yices2-2/tests/regress/keymaera/keymaera_894185_intersection-example-simple.proof-node24909.smt2,esat-2007,0.005269,1,0,1,unsat
/Users/e35480/git/kn-yices2-2/tests/regress/keymaera/keymaera_894187_intersection-example-simple.proof-node408839.smt2,esat-2007,0.004956,1,0,0,unsat
/Users/e35480/git/kn-yices2-2/tests/regress/keymaera/keymaera_894187_intersection-example-simple.proof-node408839.smt2,vanilla-yices2,0.004883,1,0,1,unsat
/Users/e35480/git/kn-yices2-2/tests/regress/keymaera/keymaera_894188_intersection-example-simple.proof-node75660.smt2,vanilla-yices2,0.005170,1,0,0,unsat
/Users/e35480/git/kn-yices2-2/tests/regress/keymaera/keymaera_894188_intersection-example-simple.proof-node75660.smt2,esat-2007,0.004949,1,0,1,unsat
/Users/e35480/git/kn-yices2-2/tests/regress/keymaera/keymaera_894190_intersection-example-simple.proof-node396021.smt2,esat-2007,0.004866,1,0,0,unsat
/Users/e35480/git/kn-yices2-2/tests/regress/keymaera/keymaera_894190_intersection-example-simple.proof-node396021.smt2,vanilla-yices2,0.004879,1,0,1,unsat
/Users/e35480/git/kn-yices2-2/tests/regress/keymaera/keymaera_894192_intersection-example-simple.proof-node25118.smt2,vanilla-yices2,0.005105,1,0,0,unsat
/Users/e35480/git/kn-yices2-2/tests/regress/keymaera/keymaera_894192_intersection-example-simple.proof-node25118.smt2,esat-2007,0.004948,1,0,1,unsat
/Users/e35480/git/kn-yices2-2/tests/regress/keymaera/keymaera_894196_intersection-example-simple.proof-node460926.smt2,esat-2007,0.004977,1,0,0,unsat
/Users/e35480/git/kn-yices2-2/tests/regress/keymaera/keymaera_894196_intersection-example-simple.proof-node460926.smt2,vanilla-yices2,0.004657,1,0,1,unsat
/Users/e35480/git/kn-yices2-2/tests/regress/keymaera/keymaera_894197_intersection-example-simple.proof-node25230.smt2,vanilla-yices2,0.004712,1,0,0,unsat
/Users/e35480/git/kn-yices2-2/tests/regress/keymaera/keymaera_894197_intersection-example-simple.proof-node25230.smt2,esat-2007,0.004915,1,0,1,unsat
/Users/e35480/git/kn-yices2-2/tests/regress/keymaera/keymaera_894198_intersection-example-simple.proof-node407008.smt2,esat-2007,0.005265,1,0,0,unsat
/Users/e35480/git/kn-yices2-2/tests/regress/keymaera/keymaera_894198_intersection-example-simple.proof-node407008.smt2,vanilla-yices2,0.004833,1,0,1,unsat
/Users/e35480/git/kn-yices2-2/tests/regress/keymaera/keymaera_894199_intersection-example-simple.proof-node396892.smt2,vanilla-yices2,0.004966,1,0,0,unsat
/Users/e35480/git/kn-yices2-2/tests/regress/keymaera/keymaera_894199_intersection-example-simple.proof-node396892.smt2,esat-2007,0.005108,1,0,1,unsat
/Users/e35480/git/kn-yices2-2/tests/regress/keymaera/keymaera_894200_intersection-example-simple.proof-node404749.smt2,esat-2007,0.005025,1,0,0,unsat
/Users/e35480/git/kn-yices2-2/tests/regress/keymaera/keymaera_894200_intersection-example-simple.proof-node404749.smt2,vanilla-yices2,0.004807,1,0,1,unsat
/Users/e35480/git/kn-yices2-2/tests/regress/keymaera/keymaera_894201_intersection-example-simple.proof-node461135.smt2,vanilla-yices2,0.004815,1,0,0,unsat
/Users/e35480/git/kn-yices2-2/tests/regress/keymaera/keymaera_894201_intersection-example-simple.proof-node461135.smt2,esat-2007,0.005070,1,0,1,unsat
/Users/e35480/git/kn-yices2-2/tests/regress/keymaera/keymaera_894203_intersection-example-simple.proof-node464724.smt2,esat-2007,0.004896,1,0,0,unsat
/Users/e35480/git/kn-yices2-2/tests/regress/keymaera/keymaera_894203_intersection-example-simple.proof-node464724.smt2,vanilla-yices2,0.005059,1,0,1,unsat
/Users/e35480/git/kn-yices2-2/tests/regress/keymaera/keymaera_894204_intersection-example-simple.proof-node3202.smt2,vanilla-yices2,0.004779,1,0,0,unsat
/Users/e35480/git/kn-yices2-2/tests/regress/keymaera/keymaera_894204_intersection-example-simple.proof-node3202.smt2,esat-2007,0.004790,1,0,1,unsat
/Users/e35480/git/kn-yices2-2/tests/regress/keymaera/keymaera_894206_intersection-example-simple.proof-node62694.smt2,esat-2007,0.004910,1,0,0,unsat
/Users/e35480/git/kn-yices2-2/tests/regress/keymaera/keymaera_894206_intersection-example-simple.proof-node62694.smt2,vanilla-yices2,0.005132,1,0,1,unsat
/Users/e35480/git/kn-yices2-2/tests/regress/keymaera/keymaera_894207_intersection-example-simple.proof-node422040.smt2,vanilla-yices2,0.004941,1,0,0,unsat
/Users/e35480/git/kn-yices2-2/tests/regress/keymaera/keymaera_894207_intersection-example-simple.proof-node422040.smt2,esat-2007,0.004969,1,0,1,unsat
/Users/e35480/git/kn-yices2-2/tests/regress/keymaera/keymaera_894208_intersection-example-simple.proof-node81556.smt2,esat-2007,0.004785,1,0,0,unsat
/Users/e35480/git/kn-yices2-2/tests/regress/keymaera/keymaera_894208_intersection-example-simple.proof-node81556.smt2,vanilla-yices2,0.004957,1,0,1,unsat
/Users/e35480/git/kn-yices2-2/tests/regress/keymaera/keymaera_894212_intersection-example-simple.proof-node93874.smt2,vanilla-yices2,0.004608,1,0,0,unsat
/Users/e35480/git/kn-yices2-2/tests/regress/keymaera/keymaera_894212_intersection-example-simple.proof-node93874.smt2,esat-2007,0.004717,1,0,1,unsat
/Users/e35480/git/kn-yices2-2/tests/regress/keymaera/keymaera_894216_intersection-example-simple.proof-node93665.smt2,esat-2007,0.004797,1,0,0,unsat
/Users/e35480/git/kn-yices2-2/tests/regress/keymaera/keymaera_894216_intersection-example-simple.proof-node93665.smt2,vanilla-yices2,0.004634,1,0,1,unsat
/Users/e35480/git/kn-yices2-2/tests/regress/keymaera/keymaera_894217_intersection-example-simple.proof-node70925.smt2,vanilla-yices2,0.004712,1,0,0,unsat
/Users/e35480/git/kn-yices2-2/tests/regress/keymaera/keymaera_894217_intersection-example-simple.proof-node70925.smt2,esat-2007,0.005184,1,0,1,unsat
/Users/e35480/git/kn-yices2-2/tests/regress/keymaera/keymaera_894218_intersection-example-simple.proof-node43527.smt2,esat-2007,0.004739,1,0,0,unsat
/Users/e35480/git/kn-yices2-2/tests/regress/keymaera/keymaera_894218_intersection-example-simple.proof-node43527.smt2,vanilla-yices2,0.004830,1,0,1,unsat
/Users/e35480/git/kn-yices2-2/tests/regress/keymaera/keymaera_894221_intersection-example-simple.proof-node419390.smt2,vanilla-yices2,0.004743,1,0,0,unsat
/Users/e35480/git/kn-yices2-2/tests/regress/keymaera/keymaera_894221_intersection-example-simple.proof-node419390.smt2,esat-2007,0.005002,1,0,1,unsat
/Users/e35480/git/kn-yices2-2/tests/regress/keymaera/keymaera_894222_intersection-example-simple.proof-node409496.smt2,esat-2007,0.005017,1,0,0,unsat
/Users/e35480/git/kn-yices2-2/tests/regress/keymaera/keymaera_894222_intersection-example-simple.proof-node409496.smt2,vanilla-yices2,0.004982,1,0,1,unsat
/Users/e35480/git/kn-yices2-2/tests/regress/keymaera/keymaera_894223_intersection-example-simple.proof-node15800.smt2,vanilla-yices2,0.004977,1,0,0,unsat
/Users/e35480/git/kn-yices2-2/tests/regress/keymaera/keymaera_894223_intersection-example-simple.proof-node15800.smt2,esat-2007,0.004695,1,0,1,unsat
/Users/e35480/git/kn-yices2-2/tests/regress/keymaera/keymaera_894224_intersection-example-simple.proof-node58499.smt2,esat-2007,0.004897,1,0,0,unsat
/Users/e35480/git/kn-yices2-2/tests/regress/keymaera/keymaera_894224_intersection-example-simple.proof-node58499.smt2,vanilla-yices2,0.005029,1,0,1,unsat
/Users/e35480/git/kn-yices2-2/tests/regress/keymaera/keymaera_894225_intersection-example-simple.proof-node683817.smt2,vanilla-yices2,0.004765,1,0,0,unsat
/Users/e35480/git/kn-yices2-2/tests/regress/keymaera/keymaera_894225_intersection-example-simple.proof-node683817.smt2,esat-2007,0.004832,1,0,1,unsat
/Users/e35480/git/kn-yices2-2/tests/regress/keymaera/keymaera_894226_intersection-example-simple.proof-node94741.smt2,esat-2007,0.005364,1,0,0,unsat
/Users/e35480/git/kn-yices2-2/tests/regress/keymaera/keymaera_894226_intersection-example-simple.proof-node94741.smt2,vanilla-yices2,0.005119,1,0,1,unsat
/Users/e35480/git/kn-yices2-2/tests/regress/keymaera/keymaera_894227_intersection-example-simple.proof-node453789.smt2,vanilla-yices2,0.004849,1,0,0,unsat
/Users/e35480/git/kn-yices2-2/tests/regress/keymaera/keymaera_894227_intersection-example-simple.proof-node453789.smt2,esat-2007,0.004797,1,0,1,unsat
/Users/e35480/git/kn-yices2-2/tests/regress/keymaera/keymaera_894229_intersection-example-simple.proof-node432325.smt2,esat-2007,0.004919,1,0,0,unsat
/Users/e35480/git/kn-yices2-2/tests/regress/keymaera/keymaera_894229_intersection-example-simple.proof-node432325.smt2,vanilla-yices2,0.004649,1,0,1,unsat
/Users/e35480/git/kn-yices2-2/tests/regress/keymaera/keymaera_894230_intersection-example-simple.proof-node5741.smt2,vanilla-yices2,0.004851,1,0,0,unsat
/Users/e35480/git/kn-yices2-2/tests/regress/keymaera/keymaera_894230_intersection-example-simple.proof-node5741.smt2,esat-2007,0.004618,1,0,1,unsat
/Users/e35480/git/kn-yices2-2/tests/regress/keymaera/keymaera_894231_intersection-example-simple.proof-node76467.smt2,esat-2007,0.004975,1,0,0,unsat
/Users/e35480/git/kn-yices2-2/tests/regress/keymaera/keymaera_894231_intersection-example-simple.proof-node76467.smt2,vanilla-yices2,0.004824,1,0,1,unsat
/Users/e35480/git/kn-yices2-2/tests/regress/keymaera/keymaera_894232_intersection-example-simple.proof-node11938.smt2,vanilla-yices2,0.005228,1,0,0,unsat
/Users/e35480/git/kn-yices2-2/tests/regress/keymaera/keymaera_894232_intersection-example-simple.proof-node11938.smt2,esat-2007,0.004720,1,0,1,unsat
/Users/e35480/git/kn-yices2-2/tests/regress/keymaera/keymaera_894233_intersection-example-simple.proof-node63249.smt2,esat-2007,0.004866,1,0,0,unsat
/Users/e35480/git/kn-yices2-2/tests/regress/keymaera/keymaera_894233_intersection-example-simple.proof-node63249.smt2,vanilla-yices2,0.004725,1,0,1,unsat
/Users/e35480/git/kn-yices2-2/tests/regress/keymaera/keymaera_894234_intersection-example-simple.proof-node81770.smt2,vanilla-yices2,0.004885,1,0,0,unsat
/Users/e35480/git/kn-yices2-2/tests/regress/keymaera/keymaera_894234_intersection-example-simple.proof-node81770.smt2,esat-2007,0.004887,1,0,1,unsat
/Users/e35480/git/kn-yices2-2/tests/regress/keymaera/keymaera_894237_intersection-example-simple.proof-node681626.smt2,esat-2007,0.005093,1,0,0,unsat
/Users/e35480/git/kn-yices2-2/tests/regress/keymaera/keymaera_894237_intersection-example-simple.proof-node681626.smt2,vanilla-yices2,0.004764,1,0,1,unsat
/Users/e35480/git/kn-yices2-2/tests/regress/keymaera/keymaera_894238_intersection-example-simple.proof-node53427.smt2,vanilla-yices2,0.004850,1,0,0,unsat
/Users/e35480/git/kn-yices2-2/tests/regress/keymaera/keymaera_894238_intersection-example-simple.proof-node53427.smt2,esat-2007,0.005121,1,0,1,unsat
/Users/e35480/git/kn-yices2-2/tests/regress/keymaera/keymaera_894239_intersection-example-simple.proof-node406687.smt2,esat-2007,0.005334,1,0,0,unsat
/Users/e35480/git/kn-yices2-2/tests/regress/keymaera/keymaera_894239_intersection-example-simple.proof-node406687.smt2,vanilla-yices2,0.004874,1,0,1,unsat
/Users/e35480/git/kn-yices2-2/tests/regress/keymaera/keymaera_894240_intersection-example-simple.proof-node47263.smt2,vanilla-yices2,0.004854,1,0,0,unsat
/Users/e35480/git/kn-yices2-2/tests/regress/keymaera/keymaera_894240_intersection-example-simple.proof-node47263.smt2,esat-2007,0.004959,1,0,1,unsat
/Users/e35480/git/kn-yices2-2/tests/regress/keymaera/keymaera_894242_intersection-example-simple.proof-node412241.smt2,esat-2007,0.004869,1,0,0,unsat
/Users/e35480/git/kn-yices2-2/tests/regress/keymaera/keymaera_894242_intersection-example-simple.proof-node412241.smt2,vanilla-yices2,0.004929,1,0,1,unsat
/Users/e35480/git/kn-yices2-2/tests/regress/keymaera/keymaera_894243_intersection-example-simple.proof-node679178.smt2,vanilla-yices2,0.005011,1,0,0,unsat
/Users/e35480/git/kn-yices2-2/tests/regress/keymaera/keymaera_894243_intersection-example-simple.proof-node679178.smt2,esat-2007,0.005112,1,0,1,unsat
/Users/e35480/git/kn-yices2-2/tests/regress/keymaera/keymaera_894244_intersection-example-simple.proof-node464836.smt2,esat-2007,0.004843,1,0,0,unsat
/Users/e35480/git/kn-yices2-2/tests/regress/keymaera/keymaera_894244_intersection-example-simple.proof-node464836.smt2,vanilla-yices2,0.004897,1,0,1,unsat
/Users/e35480/git/kn-yices2-2/tests/regress/keymaera/keymaera_894245_intersection-example-simple.proof-node403899.smt2,vanilla-yices2,0.004714,1,0,0,unsat
/Users/e35480/git/kn-yices2-2/tests/regress/keymaera/keymaera_894245_intersection-example-simple.proof-node403899.smt2,esat-2007,0.004786,1,0,1,unsat
/Users/e35480/git/kn-yices2-2/tests/regress/keymaera/keymaera_894247_intersection-example-simple.proof-node431411.smt2,esat-2007,0.004922,1,0,0,unsat
/Users/e35480/git/kn-yices2-2/tests/regress/keymaera/keymaera_894247_intersection-example-simple.proof-node431411.smt2,vanilla-yices2,0.005108,1,0,1,unsat
/Users/e35480/git/kn-yices2-2/tests/regress/keymaera/keymaera_894252_intersection-example-simple.proof-node98400.smt2,vanilla-yices2,0.004852,1,0,0,unsat
/Users/e35480/git/kn-yices2-2/tests/regress/keymaera/keymaera_894252_intersection-example-simple.proof-node98400.smt2,esat-2007,0.004936,1,0,1,unsat
/Users/e35480/git/kn-yices2-2/tests/regress/keymaera/keymaera_894253_intersection-example-simple.proof-node2331.smt2,esat-2007,0.005016,1,0,0,unsat
/Users/e35480/git/kn-yices2-2/tests/regress/keymaera/keymaera_894253_intersection-example-simple.proof-node2331.smt2,vanilla-yices2,0.005105,1,0,1,unsat
/Users/e35480/git/kn-yices2-2/tests/regress/keymaera/keymaera_894256_intersection-example-simple.proof-node464056.smt2,vanilla-yices2,0.004936,1,0,0,unsat
/Users/e35480/git/kn-yices2-2/tests/regress/keymaera/keymaera_894256_intersection-example-simple.proof-node464056.smt2,esat-2007,0.004922,1,0,1,unsat
/Users/e35480/git/kn-yices2-2/tests/regress/keymaera/keymaera_894257_intersection-example-simple.proof-node394346.smt2,esat-2007,0.005097,1,0,0,unsat
/Users/e35480/git/kn-yices2-2/tests/regress/keymaera/keymaera_894257_intersection-example-simple.proof-node394346.smt2,vanilla-yices2,0.004784,1,0,1,unsat
/Users/e35480/git/kn-yices2-2/tests/regress/keymaera/keymaera_894258_intersection-example-simple.proof-node464515.smt2,vanilla-yices2,0.005103,1,0,0,unsat
/Users/e35480/git/kn-yices2-2/tests/regress/keymaera/keymaera_894258_intersection-example-simple.proof-node464515.smt2,esat-2007,0.004823,1,0,1,unsat
/Users/e35480/git/kn-yices2-2/tests/regress/keymaera/keymaera_894259_intersection-example-simple.proof-node54507.smt2,esat-2007,0.004779,1,0,0,unsat
/Users/e35480/git/kn-yices2-2/tests/regress/keymaera/keymaera_894259_intersection-example-simple.proof-node54507.smt2,vanilla-yices2,0.004849,1,0,1,unsat
/Users/e35480/git/kn-yices2-2/tests/regress/keymaera/keymaera_894260_intersection-example-simple.proof-node25994.smt2,vanilla-yices2,0.005164,1,0,0,unsat
/Users/e35480/git/kn-yices2-2/tests/regress/keymaera/keymaera_894260_intersection-example-simple.proof-node25994.smt2,esat-2007,0.004804,1,0,1,unsat
/Users/e35480/git/kn-yices2-2/tests/regress/keymaera/keymaera_894261_intersection-example-simple.proof-node11645.smt2,esat-2007,0.004821,1,0,0,unsat
/Users/e35480/git/kn-yices2-2/tests/regress/keymaera/keymaera_894261_intersection-example-simple.proof-node11645.smt2,vanilla-yices2,0.004829,1,0,1,unsat
/Users/e35480/git/kn-yices2-2/tests/regress/keymaera/keymaera_894262_intersection-example-simple.proof-node94532.smt2,vanilla-yices2,0.005082,1,0,0,unsat
/Users/e35480/git/kn-yices2-2/tests/regress/keymaera/keymaera_894262_intersection-example-simple.proof-node94532.smt2,esat-2007,0.004900,1,0,1,unsat
/Users/e35480/git/kn-yices2-2/tests/regress/keymaera/keymaera_894263_intersection-example-simple.proof-node5527.smt2,esat-2007,0.005005,1,0,0,unsat
/Users/e35480/git/kn-yices2-2/tests/regress/keymaera/keymaera_894263_intersection-example-simple.proof-node5527.smt2,vanilla-yices2,0.004931,1,0,1,unsat
/Users/e35480/git/kn-yices2-2/tests/regress/keymaera/keymaera_894264_intersection-example-simple.proof-node54395.smt2,vanilla-yices2,0.004756,1,0,0,unsat
/Users/e35480/git/kn-yices2-2/tests/regress/keymaera/keymaera_894264_intersection-example-simple.proof-node54395.smt2,esat-2007,0.004998,1,0,1,unsat
/Users/e35480/git/kn-yices2-2/tests/regress/keymaera/keymaera_894265_intersection-example-simple.proof-node80787.smt2,esat-2007,0.004970,1,0,0,unsat
/Users/e35480/git/kn-yices2-2/tests/regress/keymaera/keymaera_894265_intersection-example-simple.proof-node80787.smt2,vanilla-yices2,0.004733,1,0,1,unsat
/Users/e35480/git/kn-yices2-2/tests/regress/keymaera/keymaera_894268_intersection-example-simple.proof-node58285.smt2,vanilla-yices2,0.004819,1,0,0,unsat
/Users/e35480/git/kn-yices2-2/tests/regress/keymaera/keymaera_894268_intersection-example-simple.proof-node58285.smt2,esat-2007,0.004969,1,0,1,unsat
/Users/e35480/git/kn-yices2-2/tests/regress/keymaera/keymaera_894269_intersection-example-simple.proof-node450481.smt2,esat-2007,0.005183,1,0,0,unsat
/Users/e35480/git/kn-yices2-2/tests/regress/keymaera/keymaera_894269_intersection-example-simple.proof-node450481.smt2,vanilla-yices2,0.004885,1,0,1,unsat
/Users/e35480/git/kn-yices2-2/tests/regress/keymaera/keymaera_894270_intersection-example-simple.proof-node684031.smt2,vanilla-yices2,0.004869,1,0,0,unsat
/Users/e35480/git/kn-yices2-2/tests/regress/keymaera/keymaera_894270_intersection-example-simple.proof-node684031.smt2,esat-2007,0.004884,1,0,1,unsat
/Users/e35480/git/kn-yices2-2/tests/regress/keymaera/keymaera_894272_intersection-example-simple.proof-node460167.smt2,esat-2007,0.004656,1,0,0,unsat
/Users/e35480/git/kn-yices2-2/tests/regress/keymaera/keymaera_894272_intersection-example-simple.proof-node460167.smt2,vanilla-yices2,0.004872,1,0,1,unsat
/Users/e35480/git/kn-yices2-2/tests/regress/keymaera/keymaera_894274_intersection-example-simple.proof-node75772.smt2,vanilla-yices2,0.004673,1,0,0,unsat
/Users/e35480/git/kn-yices2-2/tests/regress/keymaera/keymaera_894274_intersection-example-simple.proof-node75772.smt2,esat-2007,0.004759,1,0,1,unsat
/Users/e35480/git/kn-yices2-2/tests/regress/keymaera/keymaera_894275_intersection-example-simple.proof-node428602.smt2,esat-2007,0.004950,1,0,0,unsat
/Users/e35480/git/kn-yices2-2/tests/regress/keymaera/keymaera_894275_intersection-example-simple.proof-node428602.smt2,vanilla-yices2,0.005089,1,0,1,unsat
/Users/e35480/git/kn-yices2-2/tests/regress/keymaera/keymaera_894277_intersection-example-simple.proof-node62480.smt2,vanilla-yices2,0.004974,1,0,0,unsat
/Users/e35480/git/kn-yices2-2/tests/regress/keymaera/keymaera_894277_intersection-example-simple.proof-node62480.smt2,esat-2007,0.004826,1,0,1,unsat
/Users/e35480/git/kn-yices2-2/tests/regress/keymaera/keymaera_894282_intersection-example-simple.proof-node412898.smt2,esat-2007,0.004831,1,0,0,unsat
/Users/e35480/git/kn-yices2-2/tests/regress/keymaera/keymaera_894282_intersection-example-simple.proof-node412898.smt2,vanilla-yices2,0.004895,1,0,1,unsat
/Users/e35480/git/kn-yices2-2/tests/regress/keymaera/keymaera_894283_intersection-example-simple.proof-node99416.smt2,vanilla-yices2,0.004723,1,0,0,unsat
/Users/e35480/git/kn-yices2-2/tests/regress/keymaera/keymaera_894283_intersection-example-simple.proof-node99416.smt2,esat-2007,0.004994,1,0,1,unsat
/Users/e35480/git/kn-yices2-2/tests/regress/keymaera/keymaera_894284_intersection-example-simple.proof-node16571.smt2,esat-2007,0.004763,1,0,0,unsat
/Users/e35480/git/kn-yices2-2/tests/regress/keymaera/keymaera_894284_intersection-example-simple.proof-node16571.smt2,vanilla-yices2,0.004666,1,0,1,unsat
/Users/e35480/git/kn-yices2-2/tests/regress/keymaera/keymaera_894287_intersection-example-simple.proof-node681947.smt2,vanilla-yices2,0.005043,1,0,0,unsat
/Users/e35480/git/kn-yices2-2/tests/regress/keymaera/keymaera_894287_intersection-example-simple.proof-node681947.smt2,esat-2007,0.005201,1,0,1,unsat
/Users/e35480/git/kn-yices2-2/tests/regress/keymaera/keymaera_894288_intersection-example-simple.proof-node23139.smt2,esat-2007,0.004837,1,0,0,unsat
/Users/e35480/git/kn-yices2-2/tests/regress/keymaera/keymaera_894288_intersection-example-simple.proof-node23139.smt2,vanilla-yices2,0.004843,1,0,1,unsat
/Users/e35480/git/kn-yices2-2/tests/regress/keymaera/keymaera_894290_intersection-example-simple.proof-node76579.smt2,vanilla-yices2,0.005082,1,0,0,unsat
/Users/e35480/git/kn-yices2-2/tests/regress/keymaera/keymaera_894290_intersection-example-simple.proof-node76579.smt2,esat-2007,0.005114,1,0,1,unsat
/Users/e35480/git/kn-yices2-2/tests/regress/keymaera/keymaera_894291_intersection-example-simple.proof-node71583.smt2,esat-2007,0.004966,1,0,0,unsat
/Users/e35480/git/kn-yices2-2/tests/regress/keymaera/keymaera_894291_intersection-example-simple.proof-node71583.smt2,vanilla-yices2,0.005129,1,0,1,unsat
/Users/e35480/git/kn-yices2-2/tests/regress/mantis/0001.smt2,vanilla-yices2,0.005239,1,0,0,sat
/Users/e35480/git/kn-yices2-2/tests/regress/mantis/0001.smt2,esat-2007,0.004801,1,0,1,sat
/Users/e35480/git/kn-yices2-2/tests/regress/mantis/0002.smt2,esat-2007,0.004955,1,0,0,sat
/Users/e35480/git/kn-yices2-2/tests/regress/mantis/0002.smt2,vanilla-yices2,0.004776,1,0,1,sat
/Users/e35480/git/kn-yices2-2/tests/regress/mantis/0003.smt2,vanilla-yices2,0.005691,1,0,0,unsat
/Users/e35480/git/kn-yices2-2/tests/regress/mantis/0003.smt2,esat-2007,0.007000,1,0,1,unsat
/Users/e35480/git/kn-yices2-2/tests/regress/mantis/0004.smt2,esat-2007,0.005117,1,0,0,unsat
/Users/e35480/git/kn-yices2-2/tests/regress/mantis/0004.smt2,vanilla-yices2,0.004854,1,0,1,unsat
/Users/e35480/git/kn-yices2-2/tests/regress/mantis/0005.a.smt2,vanilla-yices2,0.005231,1,0,0,unsat
/Users/e35480/git/kn-yices2-2/tests/regress/mantis/0005.a.smt2,esat-2007,0.005043,1,0,1,unsat
/Users/e35480/git/kn-yices2-2/tests/regress/mantis/0005.b.smt2,esat-2007,0.004867,1,0,0,sat
/Users/e35480/git/kn-yices2-2/tests/regress/mantis/0005.b.smt2,vanilla-yices2,0.005105,1,0,1,sat
/Users/e35480/git/kn-yices2-2/tests/regress/mantis/0005.c.smt2,vanilla-yices2,0.005116,1,0,0,sat
/Users/e35480/git/kn-yices2-2/tests/regress/mantis/0005.c.smt2,esat-2007,0.004925,1,0,1,sat
/Users/e35480/git/kn-yices2-2/tests/regress/mantis/0005.d.smt2,esat-2007,0.005299,1,0,0,sat
/Users/e35480/git/kn-yices2-2/tests/regress/mantis/0005.d.smt2,vanilla-yices2,0.005378,1,0,1,sat
/Users/e35480/git/kn-yices2-2/tests/regress/mantis/0006.smt2,vanilla-yices2,0.007917,1,0,0,sat
/Users/e35480/git/kn-yices2-2/tests/regress/mantis/0006.smt2,esat-2007,0.007940,1,0,1,sat
/Users/e35480/git/kn-yices2-2/tests/regress/mantis/0007.smt2,esat-2007,0.006205,1,0,0,sat
/Users/e35480/git/kn-yices2-2/tests/regress/mantis/0007.smt2,vanilla-yices2,0.005700,1,0,1,sat
/Users/e35480/git/kn-yices2-2/tests/regress/mantis/0008.smt2,vanilla-yices2,0.005065,1,0,0,sat
/Users/e35480/git/kn-yices2-2/tests/regress/mantis/0008.smt2,esat-2007,0.005124,1,0,1,sat
/Users/e35480/git/kn-yices2-2/tests/regress/mantis/0009.smt2,esat-2007,0.005044,1,0,0,sat
/Users/e35480/git/kn-yices2-2/tests/regress/mantis/0009.smt2,vanilla-yices2,0.005095,1,0,1,sat
/Users/e35480/git/kn-yices2-2/tests/regress/mantis/0012.smt2,vanilla-yices2,0.007774,1,0,0,unsat
/Users/e35480/git/kn-yices2-2/tests/regress/mantis/0012.smt2,esat-2007,0.008289,1,0,1,unsat
/Users/e35480/git/kn-yices2-2/tests/regress/mantis/0013.a.smt2,esat-2007,0.005572,1,0,0,unsat
/Users/e35480/git/kn-yices2-2/tests/regress/mantis/0013.a.smt2,vanilla-yices2,0.005278,1,0,1,unsat
/Users/e35480/git/kn-yices2-2/tests/regress/mantis/0013.b.smt2,vanilla-yices2,0.006712,1,0,0,unsat
/Users/e35480/git/kn-yices2-2/tests/regress/mantis/0013.b.smt2,esat-2007,0.005975,1,0,1,unsat
/Users/e35480/git/kn-yices2-2/tests/regress/mantis/0014.smt2 [ --incremental ],esat-2007,0.004970,0,18,0,/Users/e35480/git/kn-yices2-2/tests/regress/mantis/0014.smt2 [ --incremental ]: No such file or directory
/Users/e35480/git/kn-yices2-2/tests/regress/mantis/0014.smt2 [ --incremental ],vanilla-yices2,0.004781,0,18,1,/Users/e35480/git/kn-yices2-2/tests/regress/mantis/0014.smt2 [ --incremental ]: No such file or directory
/Users/e35480/git/kn-yices2-2/tests/regress/mantis/0015.smt2,vanilla-yices2,0.032477,1,0,0,unsat
/Users/e35480/git/kn-yices2-2/tests/regress/mantis/0015.smt2,esat-2007,0.033427,1,0,1,unsat
/Users/e35480/git/kn-yices2-2/tests/regress/mantis/0018.a.smt2,esat-2007,0.006024,1,0,0,sat
/Users/e35480/git/kn-yices2-2/tests/regress/mantis/0018.a.smt2,vanilla-yices2,0.005222,1,0,1,sat
/Users/e35480/git/kn-yices2-2/tests/regress/mantis/0018.b.smt2,vanilla-yices2,0.004843,1,0,0,sat
/Users/e35480/git/kn-yices2-2/tests/regress/mantis/0018.b.smt2,esat-2007,0.004909,1,0,1,sat
/Users/e35480/git/kn-yices2-2/tests/regress/mantis/0019.smt2,esat-2007,0.007107,1,0,0,sat
/Users/e35480/git/kn-yices2-2/tests/regress/mantis/0019.smt2,vanilla-yices2,0.006684,1,0,1,sat
/Users/e35480/git/kn-yices2-2/tests/regress/mantis/0020.smt2,vanilla-yices2,0.005516,1,0,0,unsat
/Users/e35480/git/kn-yices2-2/tests/regress/mantis/0020.smt2,esat-2007,0.005319,1,0,1,unsat
/Users/e35480/git/kn-yices2-2/tests/regress/mantis/0022.smt2,esat-2007,0.005056,1,0,0,unsat
/Users/e35480/git/kn-yices2-2/tests/regress/mantis/0022.smt2,vanilla-yices2,0.004625,1,0,1,unsat
/Users/e35480/git/kn-yices2-2/tests/regress/mantis/0023.smt2,vanilla-yices2,0.005923,1,0,0,unsat
/Users/e35480/git/kn-yices2-2/tests/regress/mantis/0023.smt2,esat-2007,0.005862,1,0,1,unsat
/Users/e35480/git/kn-yices2-2/tests/regress/mantis/0025.smt2,esat-2007,0.004678,1,0,0,sat
/Users/e35480/git/kn-yices2-2/tests/regress/mantis/0025.smt2,vanilla-yices2,0.005062,1,0,1,sat
/Users/e35480/git/kn-yices2-2/tests/regress/mantis/0028.smt2,vanilla-yices2,0.004722,1,0,0,sat
/Users/e35480/git/kn-yices2-2/tests/regress/mantis/0028.smt2,esat-2007,0.004740,1,0,1,sat
/Users/e35480/git/kn-yices2-2/tests/regress/mantis/0029b.smt2,esat-2007,0.005107,1,0,0,sat
/Users/e35480/git/kn-yices2-2/tests/regress/mantis/0029b.smt2,vanilla-yices2,0.005054,1,0,1,sat
/Users/e35480/git/kn-yices2-2/tests/regress/mantis/0029.smt2,vanilla-yices2,0.004961,1,0,0,sat
/Users/e35480/git/kn-yices2-2/tests/regress/mantis/0029.smt2,esat-2007,0.004900,1,0,1,sat
/Users/e35480/git/kn-yices2-2/tests/regress/mantis/0030.smt2,esat-2007,0.048328,1,0,0,sat
/Users/e35480/git/kn-yices2-2/tests/regress/mantis/0030.smt2,vanilla-yices2,0.048738,1,0,1,sat
/Users/e35480/git/kn-yices2-2/tests/regress/mantis/0031.smt2,vanilla-yices2,0.006304,1,0,0,unsat
/Users/e35480/git/kn-yices2-2/tests/regress/mantis/0031.smt2,esat-2007,0.005343,1,0,1,unsat
/Users/e35480/git/kn-yices2-2/tests/regress/mantis/0032.smt2,esat-2007,0.014354,1,0,0,unsat
/Users/e35480/git/kn-yices2-2/tests/regress/mantis/0032.smt2,vanilla-yices2,0.015323,1,0,1,unsat
/Users/e35480/git/kn-yices2-2/tests/regress/mantis/0035.smt2,vanilla-yices2,0.007255,1,0,0,unsat
/Users/e35480/git/kn-yices2-2/tests/regress/mantis/0035.smt2,esat-2007,0.006372,1,0,1,unsat
/Users/e35480/git/kn-yices2-2/tests/regress/mantis/0036.smt2,esat-2007,0.005147,1,0,0,sat
/Users/e35480/git/kn-yices2-2/tests/regress/mantis/0036.smt2,vanilla-yices2,0.004793,1,0,1,sat
/Users/e35480/git/kn-yices2-2/tests/regress/mantis/0037.smt2 [ --incremental ],vanilla-yices2,0.004580,0,18,0,/Users/e35480/git/kn-yices2-2/tests/regress/mantis/0037.smt2 [ --incremental ]: No such file or directory
/Users/e35480/git/kn-yices2-2/tests/regress/mantis/0037.smt2 [ --incremental ],esat-2007,0.004498,0,18,1,/Users/e35480/git/kn-yices2-2/tests/regress/mantis/0037.smt2 [ --incremental ]: No such file or directory
/Users/e35480/git/kn-yices2-2/tests/regress/mcsat/bool/bool_00.smt2 [ --mcsat ],esat-2007,0.004628,0,18,0,/Users/e35480/git/kn-yices2-2/tests/regress/mcsat/bool/bool_00.smt2 [ --mcsat ]: No such file or directory
/Users/e35480/git/kn-yices2-2/tests/regress/mcsat/bool/bool_00.smt2 [ --mcsat ],vanilla-yices2,0.004627,0,18,1,/Users/e35480/git/kn-yices2-2/tests/regress/mcsat/bool/bool_00.smt2 [ --mcsat ]: No such file or directory
/Users/e35480/git/kn-yices2-2/tests/regress/mcsat/bool/bool_01.smt2 [ --mcsat ],vanilla-yices2,0.004691,0,18,0,/Users/e35480/git/kn-yices2-2/tests/regress/mcsat/bool/bool_01.smt2 [ --mcsat ]: No such file or directory
/Users/e35480/git/kn-yices2-2/tests/regress/mcsat/bool/bool_01.smt2 [ --mcsat ],esat-2007,0.004895,0,18,1,/Users/e35480/git/kn-yices2-2/tests/regress/mcsat/bool/bool_01.smt2 [ --mcsat ]: No such file or directory
/Users/e35480/git/kn-yices2-2/tests/regress/mcsat/bool/bool_02.smt2 [ --mcsat ],esat-2007,0.004486,0,18,0,/Users/e35480/git/kn-yices2-2/tests/regress/mcsat/bool/bool_02.smt2 [ --mcsat ]: No such file or directory
/Users/e35480/git/kn-yices2-2/tests/regress/mcsat/bool/bool_02.smt2 [ --mcsat ],vanilla-yices2,0.004704,0,18,1,/Users/e35480/git/kn-yices2-2/tests/regress/mcsat/bool/bool_02.smt2 [ --mcsat ]: No such file or directory
/Users/e35480/git/kn-yices2-2/tests/regress/mcsat/bool/bool_03.smt2 [ --mcsat ],vanilla-yices2,0.004908,0,18,0,/Users/e35480/git/kn-yices2-2/tests/regress/mcsat/bool/bool_03.smt2 [ --mcsat ]: No such file or directory
/Users/e35480/git/kn-yices2-2/tests/regress/mcsat/bool/bool_03.smt2 [ --mcsat ],esat-2007,0.004577,0,18,1,/Users/e35480/git/kn-yices2-2/tests/regress/mcsat/bool/bool_03.smt2 [ --mcsat ]: No such file or directory
/Users/e35480/git/kn-yices2-2/tests/regress/mcsat/bool/bool_04.smt2 [ --mcsat ],esat-2007,0.004559,0,18,0,/Users/e35480/git/kn-yices2-2/tests/regress/mcsat/bool/bool_04.smt2 [ --mcsat ]: No such file or directory
/Users/e35480/git/kn-yices2-2/tests/regress/mcsat/bool/bool_04.smt2 [ --mcsat ],vanilla-yices2,0.004645,0,18,1,/Users/e35480/git/kn-yices2-2/tests/regress/mcsat/bool/bool_04.smt2 [ --mcsat ]: No such file or directory
/Users/e35480/git/kn-yices2-2/tests/regress/mcsat/bool/bool_05.smt2 [ --mcsat ],vanilla-yices2,0.004674,0,18,0,/Users/e35480/git/kn-yices2-2/tests/regress/mcsat/bool/bool_05.smt2 [ --mcsat ]: No such file or directory
/Users/e35480/git/kn-yices2-2/tests/regress/mcsat/bool/bool_05.smt2 [ --mcsat ],esat-2007,0.004521,0,18,1,/Users/e35480/git/kn-yices2-2/tests/regress/mcsat/bool/bool_05.smt2 [ --mcsat ]: No such file or directory
/Users/e35480/git/kn-yices2-2/tests/regress/mcsat/bool/bool_06.smt2 [ --mcsat ],esat-2007,0.004622,0,18,0,/Users/e35480/git/kn-yices2-2/tests/regress/mcsat/bool/bool_06.smt2 [ --mcsat ]: No such file or directory
/Users/e35480/git/kn-yices2-2/tests/regress/mcsat/bool/bool_06.smt2 [ --mcsat ],vanilla-yices2,0.004861,0,18,1,/Users/e35480/git/kn-yices2-2/tests/regress/mcsat/bool/bool_06.smt2 [ --mcsat ]: No such file or directory
/Users/e35480/git/kn-yices2-2/tests/regress/mcsat/bool/bool_07.smt2 [ --mcsat ],vanilla-yices2,0.004577,0,18,0,/Users/e35480/git/kn-yices2-2/tests/regress/mcsat/bool/bool_07.smt2 [ --mcsat ]: No such file or directory
/Users/e35480/git/kn-yices2-2/tests/regress/mcsat/bool/bool_07.smt2 [ --mcsat ],esat-2007,0.004539,0,18,1,/Users/e35480/git/kn-yices2-2/tests/regress/mcsat/bool/bool_07.smt2 [ --mcsat ]: No such file or directory
/Users/e35480/git/kn-yices2-2/tests/regress/mcsat/bool/bool_08.smt2 [ --mcsat ],esat-2007,0.004635,0,18,0,/Users/e35480/git/kn-yices2-2/tests/regress/mcsat/bool/bool_08.smt2 [ --mcsat ]: No such file or directory
/Users/e35480/git/kn-yices2-2/tests/regress/mcsat/bool/bool_08.smt2 [ --mcsat ],vanilla-yices2,0.004702,0,18,1,/Users/e35480/git/kn-yices2-2/tests/regress/mcsat/bool/bool_08.smt2 [ --mcsat ]: No such file or directory
/Users/e35480/git/kn-yices2-2/tests/regress/mcsat/bool/bool_09.smt2 [ --mcsat ],vanilla-yices2,0.004534,0,18,0,/Users/e35480/git/kn-yices2-2/tests/regress/mcsat/bool/bool_09.smt2 [ --mcsat ]: No such file or directory
/Users/e35480/git/kn-yices2-2/tests/regress/mcsat/bool/bool_09.smt2 [ --mcsat ],esat-2007,0.004628,0,18,1,/Users/e35480/git/kn-yices2-2/tests/regress/mcsat/bool/bool_09.smt2 [ --mcsat ]: No such file or directory
/Users/e35480/git/kn-yices2-2/tests/regress/mcsat/bool/bool_10.smt2 [ --mcsat ],esat-2007,0.004879,0,18,0,/Users/e35480/git/kn-yices2-2/tests/regress/mcsat/bool/bool_10.smt2 [ --mcsat ]: No such file or directory
/Users/e35480/git/kn-yices2-2/tests/regress/mcsat/bool/bool_10.smt2 [ --mcsat ],vanilla-yices2,0.004798,0,18,1,/Users/e35480/git/kn-yices2-2/tests/regress/mcsat/bool/bool_10.smt2 [ --mcsat ]: No such file or directory
/Users/e35480/git/kn-yices2-2/tests/regress/mcsat/bool/bool_11.smt2 [ --mcsat ],vanilla-yices2,0.004636,0,18,0,/Users/e35480/git/kn-yices2-2/tests/regress/mcsat/bool/bool_11.smt2 [ --mcsat ]: No such file or directory
/Users/e35480/git/kn-yices2-2/tests/regress/mcsat/bool/bool_11.smt2 [ --mcsat ],esat-2007,0.004772,0,18,1,/Users/e35480/git/kn-yices2-2/tests/regress/mcsat/bool/bool_11.smt2 [ --mcsat ]: No such file or directory
/Users/e35480/git/kn-yices2-2/tests/regress/mcsat/bool/bool_12.smt2 [ --mcsat ],esat-2007,0.004749,0,18,0,/Users/e35480/git/kn-yices2-2/tests/regress/mcsat/bool/bool_12.smt2 [ --mcsat ]: No such file or directory
/Users/e35480/git/kn-yices2-2/tests/regress/mcsat/bool/bool_12.smt2 [ --mcsat ],vanilla-yices2,0.004432,0,18,1,/Users/e35480/git/kn-yices2-2/tests/regress/mcsat/bool/bool_12.smt2 [ --mcsat ]: No such file or directory
/Users/e35480/git/kn-yices2-2/tests/regress/mcsat/bool/bool_13.smt2 [ --mcsat ],vanilla-yices2,0.004544,0,18,0,/Users/e35480/git/kn-yices2-2/tests/regress/mcsat/bool/bool_13.smt2 [ --mcsat ]: No such file or directory
/Users/e35480/git/kn-yices2-2/tests/regress/mcsat/bool/bool_13.smt2 [ --mcsat ],esat-2007,0.004672,0,18,1,/Users/e35480/git/kn-yices2-2/tests/regress/mcsat/bool/bool_13.smt2 [ --mcsat ]: No such file or directory
/Users/e35480/git/kn-yices2-2/tests/regress/mcsat/bool/bool_14.smt2 [ --mcsat ],esat-2007,0.004476,0,18,0,/Users/e35480/git/kn-yices2-2/tests/regress/mcsat/bool/bool_14.smt2 [ --mcsat ]: No such file or directory
/Users/e35480/git/kn-yices2-2/tests/regress/mcsat/bool/bool_14.smt2 [ --mcsat ],vanilla-yices2,0.004554,0,18,1,/Users/e35480/git/kn-yices2-2/tests/regress/mcsat/bool/bool_14.smt2 [ --mcsat ]: No such file or directory
/Users/e35480/git/kn-yices2-2/tests/regress/mcsat/bool/bool_15.smt2 [ --mcsat ],vanilla-yices2,0.004736,0,18,0,/Users/e35480/git/kn-yices2-2/tests/regress/mcsat/bool/bool_15.smt2 [ --mcsat ]: No such file or directory
/Users/e35480/git/kn-yices2-2/tests/regress/mcsat/bool/bool_15.smt2 [ --mcsat ],esat-2007,0.004394,0,18,1,/Users/e35480/git/kn-yices2-2/tests/regress/mcsat/bool/bool_15.smt2 [ --mcsat ]: No such file or directory
/Users/e35480/git/kn-yices2-2/tests/regress/mcsat/bool/bool_16.smt2 [ --mcsat ],esat-2007,0.004575,0,18,0,/Users/e35480/git/kn-yices2-2/tests/regress/mcsat/bool/bool_16.smt2 [ --mcsat ]: No such file or directory
/Users/e35480/git/kn-yices2-2/tests/regress/mcsat/bool/bool_16.smt2 [ --mcsat ],vanilla-yices2,0.004638,0,18,1,/Users/e35480/git/kn-yices2-2/tests/regress/mcsat/bool/bool_16.smt2 [ --mcsat ]: No such file or directory
/Users/e35480/git/kn-yices2-2/tests/regress/mcsat/bool/bool_17.smt2 [ --mcsat ],vanilla-yices2,0.004612,0,18,0,/Users/e35480/git/kn-yices2-2/tests/regress/mcsat/bool/bool_17.smt2 [ --mcsat ]: No such file or directory
/Users/e35480/git/kn-yices2-2/tests/regress/mcsat/bool/bool_17.smt2 [ --mcsat ],esat-2007,0.004824,0,18,1,/Users/e35480/git/kn-yices2-2/tests/regress/mcsat/bool/bool_17.smt2 [ --mcsat ]: No such file or directory
/Users/e35480/git/kn-yices2-2/tests/regress/mcsat/bool/bool_18.smt2 [ --mcsat ],esat-2007,0.004522,0,18,0,/Users/e35480/git/kn-yices2-2/tests/regress/mcsat/bool/bool_18.smt2 [ --mcsat ]: No such file or directory
/Users/e35480/git/kn-yices2-2/tests/regress/mcsat/bool/bool_18.smt2 [ --mcsat ],vanilla-yices2,0.004646,0,18,1,/Users/e35480/git/kn-yices2-2/tests/regress/mcsat/bool/bool_18.smt2 [ --mcsat ]: No such file or directory
/Users/e35480/git/kn-yices2-2/tests/regress/mcsat/bool/bool_19.smt2 [ --mcsat ],vanilla-yices2,0.004516,0,18,0,/Users/e35480/git/kn-yices2-2/tests/regress/mcsat/bool/bool_19.smt2 [ --mcsat ]: No such file or directory
/Users/e35480/git/kn-yices2-2/tests/regress/mcsat/bool/bool_19.smt2 [ --mcsat ],esat-2007,0.004521,0,18,1,/Users/e35480/git/kn-yices2-2/tests/regress/mcsat/bool/bool_19.smt2 [ --mcsat ]: No such file or directory
/Users/e35480/git/kn-yices2-2/tests/regress/mcsat/bool/bool_20.smt2 [ --mcsat ],esat-2007,0.004712,0,18,0,/Users/e35480/git/kn-yices2-2/tests/regress/mcsat/bool/bool_20.smt2 [ --mcsat ]: No such file or directory
/Users/e35480/git/kn-yices2-2/tests/regress/mcsat/bool/bool_20.smt2 [ --mcsat ],vanilla-yices2,0.004643,0,18,1,/Users/e35480/git/kn-yices2-2/tests/regress/mcsat/bool/bool_20.smt2 [ --mcsat ]: No such file or directory
/Users/e35480/git/kn-yices2-2/tests/regress/mcsat/bool/bool_21.smt2 [ --mcsat ],vanilla-yices2,0.004828,0,18,0,/Users/e35480/git/kn-yices2-2/tests/regress/mcsat/bool/bool_21.smt2 [ --mcsat ]: No such file or directory
/Users/e35480/git/kn-yices2-2/tests/regress/mcsat/bool/bool_21.smt2 [ --mcsat ],esat-2007,0.004624,0,18,1,/Users/e35480/git/kn-yices2-2/tests/regress/mcsat/bool/bool_21.smt2 [ --mcsat ]: No such file or directory
/Users/e35480/git/kn-yices2-2/tests/regress/mcsat/bool/bool_22.smt2 [ --mcsat ],esat-2007,0.004721,0,18,0,/Users/e35480/git/kn-yices2-2/tests/regress/mcsat/bool/bool_22.smt2 [ --mcsat ]: No such file or directory
/Users/e35480/git/kn-yices2-2/tests/regress/mcsat/bool/bool_22.smt2 [ --mcsat ],vanilla-yices2,0.004511,0,18,1,/Users/e35480/git/kn-yices2-2/tests/regress/mcsat/bool/bool_22.smt2 [ --mcsat ]: No such file or directory
/Users/e35480/git/kn-yices2-2/tests/regress/mcsat/bool/bool_23.smt2 [ --mcsat ],vanilla-yices2,0.004517,0,18,0,/Users/e35480/git/kn-yices2-2/tests/regress/mcsat/bool/bool_23.smt2 [ --mcsat ]: No such file or directory
/Users/e35480/git/kn-yices2-2/tests/regress/mcsat/bool/bool_23.smt2 [ --mcsat ],esat-2007,0.004570,0,18,1,/Users/e35480/git/kn-yices2-2/tests/regress/mcsat/bool/bool_23.smt2 [ --mcsat ]: No such file or directory
/Users/e35480/git/kn-yices2-2/tests/regress/mcsat/bool/bool_24.smt2 [ --mcsat ],esat-2007,0.004715,0,18,0,/Users/e35480/git/kn-yices2-2/tests/regress/mcsat/bool/bool_24.smt2 [ --mcsat ]: No such file or directory
/Users/e35480/git/kn-yices2-2/tests/regress/mcsat/bool/bool_24.smt2 [ --mcsat ],vanilla-yices2,0.004669,0,18,1,/Users/e35480/git/kn-yices2-2/tests/regress/mcsat/bool/bool_24.smt2 [ --mcsat ]: No such file or directory
/Users/e35480/git/kn-yices2-2/tests/regress/mcsat/bool/bool_25.smt2 [ --mcsat ],vanilla-yices2,0.004532,0,18,0,/Users/e35480/git/kn-yices2-2/tests/regress/mcsat/bool/bool_25.smt2 [ --mcsat ]: No such file or directory
/Users/e35480/git/kn-yices2-2/tests/regress/mcsat/bool/bool_25.smt2 [ --mcsat ],esat-2007,0.004791,0,18,1,/Users/e35480/git/kn-yices2-2/tests/regress/mcsat/bool/bool_25.smt2 [ --mcsat ]: No such file or directory
/Users/e35480/git/kn-yices2-2/tests/regress/mcsat/bool/bool_26.smt2 [ --mcsat ],esat-2007,0.004732,0,18,0,/Users/e35480/git/kn-yices2-2/tests/regress/mcsat/bool/bool_26.smt2 [ --mcsat ]: No such file or directory
/Users/e35480/git/kn-yices2-2/tests/regress/mcsat/bool/bool_26.smt2 [ --mcsat ],vanilla-yices2,0.004880,0,18,1,/Users/e35480/git/kn-yices2-2/tests/regress/mcsat/bool/bool_26.smt2 [ --mcsat ]: No such file or directory
/Users/e35480/git/kn-yices2-2/tests/regress/mcsat/bool/bool_27.smt2 [ --mcsat ],vanilla-yices2,0.004784,0,18,0,/Users/e35480/git/kn-yices2-2/tests/regress/mcsat/bool/bool_27.smt2 [ --mcsat ]: No such file or directory
/Users/e35480/git/kn-yices2-2/tests/regress/mcsat/bool/bool_27.smt2 [ --mcsat ],esat-2007,0.004936,0,18,1,/Users/e35480/git/kn-yices2-2/tests/regress/mcsat/bool/bool_27.smt2 [ --mcsat ]: No such file or directory
/Users/e35480/git/kn-yices2-2/tests/regress/mcsat/bool/bool_28.smt2 [ --mcsat ],esat-2007,0.005089,0,18,0,/Users/e35480/git/kn-yices2-2/tests/regress/mcsat/bool/bool_28.smt2 [ --mcsat ]: No such file or directory
/Users/e35480/git/kn-yices2-2/tests/regress/mcsat/bool/bool_28.smt2 [ --mcsat ],vanilla-yices2,0.004717,0,18,1,/Users/e35480/git/kn-yices2-2/tests/regress/mcsat/bool/bool_28.smt2 [ --mcsat ]: No such file or directory
/Users/e35480/git/kn-yices2-2/tests/regress/mcsat/bool/bool_29.smt2 [ --mcsat ],vanilla-yices2,0.004775,0,18,0,/Users/e35480/git/kn-yices2-2/tests/regress/mcsat/bool/bool_29.smt2 [ --mcsat ]: No such file or directory
/Users/e35480/git/kn-yices2-2/tests/regress/mcsat/bool/bool_29.smt2 [ --mcsat ],esat-2007,0.004578,0,18,1,/Users/e35480/git/kn-yices2-2/tests/regress/mcsat/bool/bool_29.smt2 [ --mcsat ]: No such file or directory
/Users/e35480/git/kn-yices2-2/tests/regress/mcsat/bool/bool_gc_test_00.smt2 [ --mcsat ],esat-2007,0.004513,0,18,0,/Users/e35480/git/kn-yices2-2/tests/regress/mcsat/bool/bool_gc_test_00.smt2 [ --mcsat ]: No such file or directory
/Users/e35480/git/kn-yices2-2/tests/regress/mcsat/bool/bool_gc_test_00.smt2 [ --mcsat ],vanilla-yices2,0.004517,0,18,1,/Users/e35480/git/kn-yices2-2/tests/regress/mcsat/bool/bool_gc_test_00.smt2 [ --mcsat ]: No such file or directory
/Users/e35480/git/kn-yices2-2/tests/regress/mcsat/bool/bool_gc_test_01.smt2 [ --mcsat ],vanilla-yices2,0.004610,0,18,0,/Users/e35480/git/kn-yices2-2/tests/regress/mcsat/bool/bool_gc_test_01.smt2 [ --mcsat ]: No such file or directory
/Users/e35480/git/kn-yices2-2/tests/regress/mcsat/bool/bool_gc_test_01.smt2 [ --mcsat ],esat-2007,0.004829,0,18,1,/Users/e35480/git/kn-yices2-2/tests/regress/mcsat/bool/bool_gc_test_01.smt2 [ --mcsat ]: No such file or directory
/Users/e35480/git/kn-yices2-2/tests/regress/mcsat/bool/bool_random_200vars.01.smt2 [ --mcsat ],esat-2007,0.004630,0,18,0,/Users/e35480/git/kn-yices2-2/tests/regress/mcsat/bool/bool_random_200vars.01.smt2 [ --mcsat ]: No such file or directory
/Users/e35480/git/kn-yices2-2/tests/regress/mcsat/bool/bool_random_200vars.01.smt2 [ --mcsat ],vanilla-yices2,0.005012,0,18,1,/Users/e35480/git/kn-yices2-2/tests/regress/mcsat/bool/bool_random_200vars.01.smt2 [ --mcsat ]: No such file or directory
/Users/e35480/git/kn-yices2-2/tests/regress/mcsat/bool/bool_random_200vars.02.smt2 [ --mcsat ],vanilla-yices2,0.004706,0,18,0,/Users/e35480/git/kn-yices2-2/tests/regress/mcsat/bool/bool_random_200vars.02.smt2 [ --mcsat ]: No such file or directory
/Users/e35480/git/kn-yices2-2/tests/regress/mcsat/bool/bool_random_200vars.02.smt2 [ --mcsat ],esat-2007,0.004439,0,18,1,/Users/e35480/git/kn-yices2-2/tests/regress/mcsat/bool/bool_random_200vars.02.smt2 [ --mcsat ]: No such file or directory
/Users/e35480/git/kn-yices2-2/tests/regress/mcsat/bool/bool_random_200vars.03.smt2 [ --mcsat ],esat-2007,0.004307,0,18,0,/Users/e35480/git/kn-yices2-2/tests/regress/mcsat/bool/bool_random_200vars.03.smt2 [ --mcsat ]: No such file or directory
/Users/e35480/git/kn-yices2-2/tests/regress/mcsat/bool/bool_random_200vars.03.smt2 [ --mcsat ],vanilla-yices2,0.004294,0,18,1,/Users/e35480/git/kn-yices2-2/tests/regress/mcsat/bool/bool_random_200vars.03.smt2 [ --mcsat ]: No such file or directory
/Users/e35480/git/kn-yices2-2/tests/regress/mcsat/bool/bool_random_200vars.04.smt2 [ --mcsat ],vanilla-yices2,0.004527,0,18,0,/Users/e35480/git/kn-yices2-2/tests/regress/mcsat/bool/bool_random_200vars.04.smt2 [ --mcsat ]: No such file or directory
/Users/e35480/git/kn-yices2-2/tests/regress/mcsat/bool/bool_random_200vars.04.smt2 [ --mcsat ],esat-2007,0.004023,0,18,1,/Users/e35480/git/kn-yices2-2/tests/regress/mcsat/bool/bool_random_200vars.04.smt2 [ --mcsat ]: No such file or directory
/Users/e35480/git/kn-yices2-2/tests/regress/mcsat/bool/bool_random_200vars.05.smt2 [ --mcsat ],esat-2007,0.004595,0,18,0,/Users/e35480/git/kn-yices2-2/tests/regress/mcsat/bool/bool_random_200vars.05.smt2 [ --mcsat ]: No such file or directory
/Users/e35480/git/kn-yices2-2/tests/regress/mcsat/bool/bool_random_200vars.05.smt2 [ --mcsat ],vanilla-yices2,0.004438,0,18,1,/Users/e35480/git/kn-yices2-2/tests/regress/mcsat/bool/bool_random_200vars.05.smt2 [ --mcsat ]: No such file or directory
/Users/e35480/git/kn-yices2-2/tests/regress/mcsat/bool/bool_random_200vars.06.smt2 [ --mcsat ],vanilla-yices2,0.004784,0,18,0,/Users/e35480/git/kn-yices2-2/tests/regress/mcsat/bool/bool_random_200vars.06.smt2 [ --mcsat ]: No such file or directory
/Users/e35480/git/kn-yices2-2/tests/regress/mcsat/bool/bool_random_200vars.06.smt2 [ --mcsat ],esat-2007,0.004556,0,18,1,/Users/e35480/git/kn-yices2-2/tests/regress/mcsat/bool/bool_random_200vars.06.smt2 [ --mcsat ]: No such file or directory
/Users/e35480/git/kn-yices2-2/tests/regress/mcsat/bool/bool_random_200vars.07.smt2 [ --mcsat ],esat-2007,0.004591,0,18,0,/Users/e35480/git/kn-yices2-2/tests/regress/mcsat/bool/bool_random_200vars.07.smt2 [ --mcsat ]: No such file or directory
/Users/e35480/git/kn-yices2-2/tests/regress/mcsat/bool/bool_random_200vars.07.smt2 [ --mcsat ],vanilla-yices2,0.004525,0,18,1,/Users/e35480/git/kn-yices2-2/tests/regress/mcsat/bool/bool_random_200vars.07.smt2 [ --mcsat ]: No such file or directory
/Users/e35480/git/kn-yices2-2/tests/regress/mcsat/bool/bool_random_200vars.08.smt2 [ --mcsat ],vanilla-yices2,0.004689,0,18,0,/Users/e35480/git/kn-yices2-2/tests/regress/mcsat/bool/bool_random_200vars.08.smt2 [ --mcsat ]: No such file or directory
/Users/e35480/git/kn-yices2-2/tests/regress/mcsat/bool/bool_random_200vars.08.smt2 [ --mcsat ],esat-2007,0.004661,0,18,1,/Users/e35480/git/kn-yices2-2/tests/regress/mcsat/bool/bool_random_200vars.08.smt2 [ --mcsat ]: No such file or directory
/Users/e35480/git/kn-yices2-2/tests/regress/mcsat/bool/bool_random_200vars.09.smt2 [ --mcsat ],esat-2007,0.004689,0,18,0,/Users/e35480/git/kn-yices2-2/tests/regress/mcsat/bool/bool_random_200vars.09.smt2 [ --mcsat ]: No such file or directory
/Users/e35480/git/kn-yices2-2/tests/regress/mcsat/bool/bool_random_200vars.09.smt2 [ --mcsat ],vanilla-yices2,0.004831,0,18,1,/Users/e35480/git/kn-yices2-2/tests/regress/mcsat/bool/bool_random_200vars.09.smt2 [ --mcsat ]: No such file or directory
/Users/e35480/git/kn-yices2-2/tests/regress/mcsat/bool/bool_random_200vars.10.smt2 [ --mcsat ],vanilla-yices2,0.004448,0,18,0,/Users/e35480/git/kn-yices2-2/tests/regress/mcsat/bool/bool_random_200vars.10.smt2 [ --mcsat ]: No such file or directory
/Users/e35480/git/kn-yices2-2/tests/regress/mcsat/bool/bool_random_200vars.10.smt2 [ --mcsat ],esat-2007,0.004768,0,18,1,/Users/e35480/git/kn-yices2-2/tests/regress/mcsat/bool/bool_random_200vars.10.smt2 [ --mcsat ]: No such file or directory
/Users/e35480/git/kn-yices2-2/tests/regress/mcsat/ite/ite_00.smt2,esat-2007,0.004985,0,0,0,"(error ""logic QF_NRA is not supported since yices was not built with mcsat support"")"
/Users/e35480/git/kn-yices2-2/tests/regress/mcsat/ite/ite_00.smt2,vanilla-yices2,0.004744,0,0,1,"(error ""logic QF_NRA is not supported since yices was not built with mcsat support"")"
/Users/e35480/git/kn-yices2-2/tests/regress/mcsat/ite/ite_01.smt2,vanilla-yices2,0.004875,0,0,0,"(error ""logic QF_NRA is not supported since yices was not built with mcsat support"")"
/Users/e35480/git/kn-yices2-2/tests/regress/mcsat/ite/ite_01.smt2,esat-2007,0.005061,0,0,1,"(error ""logic QF_NRA is not supported since yices was not built with mcsat support"")"
/Users/e35480/git/kn-yices2-2/tests/regress/mcsat/ite/ite_02.smt2,esat-2007,0.004798,0,0,0,"(error ""logic QF_NRA is not supported since yices was not built with mcsat support"")"
/Users/e35480/git/kn-yices2-2/tests/regress/mcsat/ite/ite_02.smt2,vanilla-yices2,0.004847,0,0,1,"(error ""logic QF_NRA is not supported since yices was not built with mcsat support"")"
/Users/e35480/git/kn-yices2-2/tests/regress/mcsat/ite/ite_03.smt2,vanilla-yices2,0.005197,0,0,0,"(error ""logic QF_NRA is not supported since yices was not built with mcsat support"")"
/Users/e35480/git/kn-yices2-2/tests/regress/mcsat/ite/ite_03.smt2,esat-2007,0.005074,0,0,1,"(error ""logic QF_NRA is not supported since yices was not built with mcsat support"")"
/Users/e35480/git/kn-yices2-2/tests/regress/mcsat/lra/incremental/fail.00.smt2 [ --incremental --mcsat ],esat-2007,0.004433,0,18,0,/Users/e35480/git/kn-yices2-2/tests/regress/mcsat/lra/incremental/fail.00.smt2 [ --incremental --mcsat ]: No such file or directory
/Users/e35480/git/kn-yices2-2/tests/regress/mcsat/lra/incremental/fail.00.smt2 [ --incremental --mcsat ],vanilla-yices2,0.004559,0,18,1,/Users/e35480/git/kn-yices2-2/tests/regress/mcsat/lra/incremental/fail.00.smt2 [ --incremental --mcsat ]: No such file or directory
/Users/e35480/git/kn-yices2-2/tests/regress/mcsat/lra/incremental/MOESI_all_e3_2032_e3_2788.ec.2.smt2 [ --incremental --mcsat ],vanilla-yices2,0.004569,0,18,0,/Users/e35480/git/kn-yices2-2/tests/regress/mcsat/lra/incremental/MOESI_all_e3_2032_e3_2788.ec.2.smt2 [ --incremental --mcsat ]: No such file or directory
/Users/e35480/git/kn-yices2-2/tests/regress/mcsat/lra/incremental/MOESI_all_e3_2032_e3_2788.ec.2.smt2 [ --incremental --mcsat ],esat-2007,0.004552,0,18,1,/Users/e35480/git/kn-yices2-2/tests/regress/mcsat/lra/incremental/MOESI_all_e3_2032_e3_2788.ec.2.smt2 [ --incremental --mcsat ]: No such file or directory
/Users/e35480/git/kn-yices2-2/tests/regress/mcsat/nia/div_00.smt2,esat-2007,0.004918,0,0,0,"(error ""logic QF_NIA is not supported since yices was not built with mcsat support"")"
/Users/e35480/git/kn-yices2-2/tests/regress/mcsat/nia/div_00.smt2,vanilla-yices2,0.004860,0,0,1,"(error ""logic QF_NIA is not supported since yices was not built with mcsat support"")"
/Users/e35480/git/kn-yices2-2/tests/regress/mcsat/nia/div_01.smt2,vanilla-yices2,0.004705,0,0,0,"(error ""logic QF_NIA is not supported since yices was not built with mcsat support"")"
/Users/e35480/git/kn-yices2-2/tests/regress/mcsat/nia/div_01.smt2,esat-2007,0.004785,0,0,1,"(error ""logic QF_NIA is not supported since yices was not built with mcsat support"")"
/Users/e35480/git/kn-yices2-2/tests/regress/mcsat/nia/div_02.smt2,esat-2007,0.004692,0,0,0,"(error ""logic QF_NIA is not supported since yices was not built with mcsat support"")"
/Users/e35480/git/kn-yices2-2/tests/regress/mcsat/nia/div_02.smt2,vanilla-yices2,0.004710,0,0,1,"(error ""logic QF_NIA is not supported since yices was not built with mcsat support"")"
/Users/e35480/git/kn-yices2-2/tests/regress/mcsat/nia/div_03.smt2,vanilla-yices2,0.004593,0,0,0,"(error ""logic QF_NIA is not supported since yices was not built with mcsat support"")"
/Users/e35480/git/kn-yices2-2/tests/regress/mcsat/nia/div_03.smt2,esat-2007,0.004720,0,0,1,"(error ""logic QF_NIA is not supported since yices was not built with mcsat support"")"
/Users/e35480/git/kn-yices2-2/tests/regress/mcsat/nia/div_04.smt2,esat-2007,0.004820,0,0,0,"(error ""logic QF_NIA is not supported since yices was not built with mcsat support"")"
/Users/e35480/git/kn-yices2-2/tests/regress/mcsat/nia/div_04.smt2,vanilla-yices2,0.004647,0,0,1,"(error ""logic QF_NIA is not supported since yices was not built with mcsat support"")"
/Users/e35480/git/kn-yices2-2/tests/regress/mcsat/nia/floor_ceil.smt2,vanilla-yices2,0.004641,0,0,0,"(error ""logic QF_NIRA is not supported since yices was not built with mcsat support"")"
/Users/e35480/git/kn-yices2-2/tests/regress/mcsat/nia/floor_ceil.smt2,esat-2007,0.004651,0,0,1,"(error ""logic QF_NIRA is not supported since yices was not built with mcsat support"")"
/Users/e35480/git/kn-yices2-2/tests/regress/mcsat/nia/From_T2__brp_withassume.t2__terminationS_7_0.smt2,esat-2007,0.004873,0,18,0,/Users/e35480/git/kn-yices2-2/tests/regress/mcsat/nia/From_T2__brp_withassume.t2__terminationS_7_0.smt2: No such file or directory
/Users/e35480/git/kn-yices2-2/tests/regress/mcsat/nia/From_T2__brp_withassume.t2__terminationS_7_0.smt2,vanilla-yices2,0.004444,0,18,1,/Users/e35480/git/kn-yices2-2/tests/regress/mcsat/nia/From_T2__brp_withassume.t2__terminationS_7_0.smt2: No such file or directory
/Users/e35480/git/kn-yices2-2/tests/regress/mcsat/nia/From_T2__compress.t2__terminationQ_3_0.smt2,vanilla-yices2,0.004923,0,0,0,"(error ""logic QF_NIA is not supported since yices was not built with mcsat support"")"
/Users/e35480/git/kn-yices2-2/tests/regress/mcsat/nia/From_T2__compress.t2__terminationQ_3_0.smt2,esat-2007,0.004551,0,0,1,"(error ""logic QF_NIA is not supported since yices was not built with mcsat support"")"
/Users/e35480/git/kn-yices2-2/tests/regress/mcsat/nia/linear_sea.ch_true-unreach-call.i_162.smt2,esat-2007,0.004765,0,0,0,"(error ""logic QF_NIA is not supported since yices was not built with mcsat support"")"
/Users/e35480/git/kn-yices2-2/tests/regress/mcsat/nia/linear_sea.ch_true-unreach-call.i_162.smt2,vanilla-yices2,0.004953,0,0,1,"(error ""logic QF_NIA is not supported since yices was not built with mcsat support"")"
/Users/e35480/git/kn-yices2-2/tests/regress/mcsat/nia/nia_00.smt2,vanilla-yices2,0.005095,0,0,0,"(error ""logic QF_NIA is not supported since yices was not built with mcsat support"")"
/Users/e35480/git/kn-yices2-2/tests/regress/mcsat/nia/nia_00.smt2,esat-2007,0.004915,0,0,1,"(error ""logic QF_NIA is not supported since yices was not built with mcsat support"")"
/Users/e35480/git/kn-yices2-2/tests/regress/mcsat/nia/nia_01.smt2,esat-2007,0.004959,0,0,0,"(error ""logic QF_NIA is not supported since yices was not built with mcsat support"")"
/Users/e35480/git/kn-yices2-2/tests/regress/mcsat/nia/nia_01.smt2,vanilla-yices2,0.004938,0,0,1,"(error ""logic QF_NIA is not supported since yices was not built with mcsat support"")"
/Users/e35480/git/kn-yices2-2/tests/regress/mcsat/nia/nia_02.smt2,vanilla-yices2,0.004939,0,0,0,"(error ""logic QF_NIA is not supported since yices was not built with mcsat support"")"
/Users/e35480/git/kn-yices2-2/tests/regress/mcsat/nia/nia_02.smt2,esat-2007,0.004802,0,0,1,"(error ""logic QF_NIA is not supported since yices was not built with mcsat support"")"
/Users/e35480/git/kn-yices2-2/tests/regress/mcsat/nia/nia_03.smt2,esat-2007,0.004917,0,0,0,"(error ""logic QF_NIA is not supported since yices was not built with mcsat support"")"
/Users/e35480/git/kn-yices2-2/tests/regress/mcsat/nia/nia_03.smt2,vanilla-yices2,0.005167,0,0,1,"(error ""logic QF_NIA is not supported since yices was not built with mcsat support"")"
/Users/e35480/git/kn-yices2-2/tests/regress/mcsat/nia/nia_04.smt2,vanilla-yices2,0.004933,0,0,0,"(error ""logic QF_NIA is not supported since yices was not built with mcsat support"")"
/Users/e35480/git/kn-yices2-2/tests/regress/mcsat/nia/nia_04.smt2,esat-2007,0.004989,0,0,1,"(error ""logic QF_NIA is not supported since yices was not built with mcsat support"")"
/Users/e35480/git/kn-yices2-2/tests/regress/mcsat/nia/nia_05.smt2 [ --mcsat-na-bound ],esat-2007,0.004973,0,18,0,/Users/e35480/git/kn-yices2-2/tests/regress/mcsat/nia/nia_05.smt2 [ --mcsat-na-bound ]: No such file or directory
/Users/e35480/git/kn-yices2-2/tests/regress/mcsat/nia/nia_05.smt2 [ --mcsat-na-bound ],vanilla-yices2,0.004706,0,18,1,/Users/e35480/git/kn-yices2-2/tests/regress/mcsat/nia/nia_05.smt2 [ --mcsat-na-bound ]: No such file or directory
/Users/e35480/git/kn-yices2-2/tests/regress/mcsat/nra/incremental/incremental00.smt2 [ --incremental ],vanilla-yices2,0.004658,0,18,0,/Users/e35480/git/kn-yices2-2/tests/regress/mcsat/nra/incremental/incremental00.smt2 [ --incremental ]: No such file or directory
/Users/e35480/git/kn-yices2-2/tests/regress/mcsat/nra/incremental/incremental00.smt2 [ --incremental ],esat-2007,0.004780,0,18,1,/Users/e35480/git/kn-yices2-2/tests/regress/mcsat/nra/incremental/incremental00.smt2 [ --incremental ]: No such file or directory
/Users/e35480/git/kn-yices2-2/tests/regress/mcsat/nra/incremental/incremental01.smt2 [ --incremental ],esat-2007,0.005149,0,18,0,/Users/e35480/git/kn-yices2-2/tests/regress/mcsat/nra/incremental/incremental01.smt2 [ --incremental ]: No such file or directory
/Users/e35480/git/kn-yices2-2/tests/regress/mcsat/nra/incremental/incremental01.smt2 [ --incremental ],vanilla-yices2,0.004543,0,18,1,/Users/e35480/git/kn-yices2-2/tests/regress/mcsat/nra/incremental/incremental01.smt2 [ --incremental ]: No such file or directory
/Users/e35480/git/kn-yices2-2/tests/regress/mcsat/nra/incremental/incremental02.smt2 [ --incremental ],vanilla-yices2,0.004823,0,18,0,/Users/e35480/git/kn-yices2-2/tests/regress/mcsat/nra/incremental/incremental02.smt2 [ --incremental ]: No such file or directory
/Users/e35480/git/kn-yices2-2/tests/regress/mcsat/nra/incremental/incremental02.smt2 [ --incremental ],esat-2007,0.004698,0,18,1,/Users/e35480/git/kn-yices2-2/tests/regress/mcsat/nra/incremental/incremental02.smt2 [ --incremental ]: No such file or directory
/Users/e35480/git/kn-yices2-2/tests/regress/mcsat/nra/incremental/Problem14_prop_000.c.10.smt2 [ --incremental ],esat-2007,0.004692,0,18,0,/Users/e35480/git/kn-yices2-2/tests/regress/mcsat/nra/incremental/Problem14_prop_000.c.10.smt2 [ --incremental ]: No such file or directory
/Users/e35480/git/kn-yices2-2/tests/regress/mcsat/nra/incremental/Problem14_prop_000.c.10.smt2 [ --incremental ],vanilla-yices2,0.004750,0,18,1,/Users/e35480/git/kn-yices2-2/tests/regress/mcsat/nra/incremental/Problem14_prop_000.c.10.smt2 [ --incremental ]: No such file or directory
/Users/e35480/git/kn-yices2-2/tests/regress/mcsat/nra/na_00.smt2,vanilla-yices2,0.004732,0,18,0,/Users/e35480/git/kn-yices2-2/tests/regress/mcsat/nra/na_00.smt2: No such file or directory
/Users/e35480/git/kn-yices2-2/tests/regress/mcsat/nra/na_00.smt2,esat-2007,0.004800,0,18,1,/Users/e35480/git/kn-yices2-2/tests/regress/mcsat/nra/na_00.smt2: No such file or directory
/Users/e35480/git/kn-yices2-2/tests/regress/mcsat/nra/na_01.smt2,esat-2007,0.004654,0,18,0,/Users/e35480/git/kn-yices2-2/tests/regress/mcsat/nra/na_01.smt2: No such file or directory
/Users/e35480/git/kn-yices2-2/tests/regress/mcsat/nra/na_01.smt2,vanilla-yices2,0.005760,0,18,1,/Users/e35480/git/kn-yices2-2/tests/regress/mcsat/nra/na_01.smt2: No such file or directory
/Users/e35480/git/kn-yices2-2/tests/regress/mcsat/nra/na_02.smt2,vanilla-yices2,0.004782,0,18,0,/Users/e35480/git/kn-yices2-2/tests/regress/mcsat/nra/na_02.smt2: No such file or directory
/Users/e35480/git/kn-yices2-2/tests/regress/mcsat/nra/na_02.smt2,esat-2007,0.005054,0,18,1,/Users/e35480/git/kn-yices2-2/tests/regress/mcsat/nra/na_02.smt2: No such file or directory
/Users/e35480/git/kn-yices2-2/tests/regress/mcsat/nra/na_03.smt2,esat-2007,0.005058,0,18,0,/Users/e35480/git/kn-yices2-2/tests/regress/mcsat/nra/na_03.smt2: No such file or directory
/Users/e35480/git/kn-yices2-2/tests/regress/mcsat/nra/na_03.smt2,vanilla-yices2,0.004783,0,18,1,/Users/e35480/git/kn-yices2-2/tests/regress/mcsat/nra/na_03.smt2: No such file or directory
/Users/e35480/git/kn-yices2-2/tests/regress/mcsat/nra/na_04.smt2,vanilla-yices2,0.004498,0,18,0,/Users/e35480/git/kn-yices2-2/tests/regress/mcsat/nra/na_04.smt2: No such file or directory
/Users/e35480/git/kn-yices2-2/tests/regress/mcsat/nra/na_04.smt2,esat-2007,0.004597,0,18,1,/Users/e35480/git/kn-yices2-2/tests/regress/mcsat/nra/na_04.smt2: No such file or directory
/Users/e35480/git/kn-yices2-2/tests/regress/mcsat/nra/na_05.smt2,esat-2007,0.004621,0,18,0,/Users/e35480/git/kn-yices2-2/tests/regress/mcsat/nra/na_05.smt2: No such file or directory
/Users/e35480/git/kn-yices2-2/tests/regress/mcsat/nra/na_05.smt2,vanilla-yices2,0.004779,0,18,1,/Users/e35480/git/kn-yices2-2/tests/regress/mcsat/nra/na_05.smt2: No such file or directory
/Users/e35480/git/kn-yices2-2/tests/regress/mcsat/nra/na_06.smt2,vanilla-yices2,0.004782,0,18,0,/Users/e35480/git/kn-yices2-2/tests/regress/mcsat/nra/na_06.smt2: No such file or directory
/Users/e35480/git/kn-yices2-2/tests/regress/mcsat/nra/na_06.smt2,esat-2007,0.005059,0,18,1,/Users/e35480/git/kn-yices2-2/tests/regress/mcsat/nra/na_06.smt2: No such file or directory
/Users/e35480/git/kn-yices2-2/tests/regress/mcsat/nra/na_07.smt2,esat-2007,0.004710,0,18,0,/Users/e35480/git/kn-yices2-2/tests/regress/mcsat/nra/na_07.smt2: No such file or directory
/Users/e35480/git/kn-yices2-2/tests/regress/mcsat/nra/na_07.smt2,vanilla-yices2,0.004506,0,18,1,/Users/e35480/git/kn-yices2-2/tests/regress/mcsat/nra/na_07.smt2: No such file or directory
/Users/e35480/git/kn-yices2-2/tests/regress/mcsat/nra/na_08.smt2,vanilla-yices2,0.005968,0,18,0,/Users/e35480/git/kn-yices2-2/tests/regress/mcsat/nra/na_08.smt2: No such file or directory
/Users/e35480/git/kn-yices2-2/tests/regress/mcsat/nra/na_08.smt2,esat-2007,0.005265,0,18,1,/Users/e35480/git/kn-yices2-2/tests/regress/mcsat/nra/na_08.smt2: No such file or directory
/Users/e35480/git/kn-yices2-2/tests/regress/mcsat/nra/random/random_1_10_11690352c1.smt2,esat-2007,0.016431,0,0,0,"(error ""logic QF_NRA is not supported since yices was not built with mcsat support"")"
/Users/e35480/git/kn-yices2-2/tests/regress/mcsat/nra/random/random_1_10_11690352c1.smt2,vanilla-yices2,0.043312,0,0,1,"(error ""logic QF_NRA is not supported since yices was not built with mcsat support"")"
/Users/e35480/git/kn-yices2-2/tests/regress/mcsat/nra/random/random_1_10_14a85eaebd.smt2,vanilla-yices2,0.006088,0,0,0,"(error ""logic QF_NRA is not supported since yices was not built with mcsat support"")"
/Users/e35480/git/kn-yices2-2/tests/regress/mcsat/nra/random/random_1_10_14a85eaebd.smt2,esat-2007,0.005695,0,0,1,"(error ""logic QF_NRA is not supported since yices was not built with mcsat support"")"
/Users/e35480/git/kn-yices2-2/tests/regress/mcsat/nra/random/random_1_10_34eac69ae0.smt2,esat-2007,0.005461,0,0,0,"(error ""logic QF_NRA is not supported since yices was not built with mcsat support"")"
/Users/e35480/git/kn-yices2-2/tests/regress/mcsat/nra/random/random_1_10_34eac69ae0.smt2,vanilla-yices2,0.004843,0,0,1,"(error ""logic QF_NRA is not supported since yices was not built with mcsat support"")"
/Users/e35480/git/kn-yices2-2/tests/regress/mcsat/nra/random/random_1_10_7b3ba41920.smt2,vanilla-yices2,0.004985,0,0,0,"(error ""logic QF_NRA is not supported since yices was not built with mcsat support"")"
/Users/e35480/git/kn-yices2-2/tests/regress/mcsat/nra/random/random_1_10_7b3ba41920.smt2,esat-2007,0.004724,0,0,1,"(error ""logic QF_NRA is not supported since yices was not built with mcsat support"")"
/Users/e35480/git/kn-yices2-2/tests/regress/mcsat/nra/random/random_1_10_84f7ef8bf9.smt2,esat-2007,0.004975,0,0,0,"(error ""logic QF_NRA is not supported since yices was not built with mcsat support"")"
/Users/e35480/git/kn-yices2-2/tests/regress/mcsat/nra/random/random_1_10_84f7ef8bf9.smt2,vanilla-yices2,0.004821,0,0,1,"(error ""logic QF_NRA is not supported since yices was not built with mcsat support"")"
/Users/e35480/git/kn-yices2-2/tests/regress/mcsat/nra/random/random_1_10_97367b3d71.smt2,vanilla-yices2,0.005670,0,0,0,"(error ""logic QF_NRA is not supported since yices was not built with mcsat support"")"
/Users/e35480/git/kn-yices2-2/tests/regress/mcsat/nra/random/random_1_10_97367b3d71.smt2,esat-2007,0.005689,0,0,1,"(error ""logic QF_NRA is not supported since yices was not built with mcsat support"")"
/Users/e35480/git/kn-yices2-2/tests/regress/mcsat/nra/random/random_1_10_f2bf7e7fa6.smt2,esat-2007,0.005288,0,0,0,"(error ""logic QF_NRA is not supported since yices was not built with mcsat support"")"
/Users/e35480/git/kn-yices2-2/tests/regress/mcsat/nra/random/random_1_10_f2bf7e7fa6.smt2,vanilla-yices2,0.004945,0,0,1,"(error ""logic QF_NRA is not supported since yices was not built with mcsat support"")"
/Users/e35480/git/kn-yices2-2/tests/regress/mcsat/nra/random/random_1_2_0040ca02b5.smt2,vanilla-yices2,0.005587,0,0,0,"(error ""logic QF_NRA is not supported since yices was not built with mcsat support"")"
/Users/e35480/git/kn-yices2-2/tests/regress/mcsat/nra/random/random_1_2_0040ca02b5.smt2,esat-2007,0.005084,0,0,1,"(error ""logic QF_NRA is not supported since yices was not built with mcsat support"")"
/Users/e35480/git/kn-yices2-2/tests/regress/mcsat/nra/random/random_1_2_01eac261e9.smt2,esat-2007,0.005387,0,0,0,"(error ""logic QF_NRA is not supported since yices was not built with mcsat support"")"
/Users/e35480/git/kn-yices2-2/tests/regress/mcsat/nra/random/random_1_2_01eac261e9.smt2,vanilla-yices2,0.004978,0,0,1,"(error ""logic QF_NRA is not supported since yices was not built with mcsat support"")"
/Users/e35480/git/kn-yices2-2/tests/regress/mcsat/nra/random/random_1_2_05023ec5da.smt2,vanilla-yices2,0.005050,0,0,0,"(error ""logic QF_NRA is not supported since yices was not built with mcsat support"")"
/Users/e35480/git/kn-yices2-2/tests/regress/mcsat/nra/random/random_1_2_05023ec5da.smt2,esat-2007,0.004869,0,0,1,"(error ""logic QF_NRA is not supported since yices was not built with mcsat support"")"
/Users/e35480/git/kn-yices2-2/tests/regress/mcsat/nra/random/random_1_2_0b41dd9301.smt2,esat-2007,0.004664,0,0,0,"(error ""logic QF_NRA is not supported since yices was not built with mcsat support"")"
/Users/e35480/git/kn-yices2-2/tests/regress/mcsat/nra/random/random_1_2_0b41dd9301.smt2,vanilla-yices2,0.004788,0,0,1,"(error ""logic QF_NRA is not supported since yices was not built with mcsat support"")"
/Users/e35480/git/kn-yices2-2/tests/regress/mcsat/nra/random/random_1_2_12c004dad2.smt2,vanilla-yices2,0.005821,0,0,0,"(error ""logic QF_NRA is not supported since yices was not built with mcsat support"")"
/Users/e35480/git/kn-yices2-2/tests/regress/mcsat/nra/random/random_1_2_12c004dad2.smt2,esat-2007,0.004913,0,0,1,"(error ""logic QF_NRA is not supported since yices was not built with mcsat support"")"
/Users/e35480/git/kn-yices2-2/tests/regress/mcsat/nra/random/random_1_2_15bd8bd97c.smt2,esat-2007,0.005098,0,0,0,"(error ""logic QF_NRA is not supported since yices was not built with mcsat support"")"
/Users/e35480/git/kn-yices2-2/tests/regress/mcsat/nra/random/random_1_2_15bd8bd97c.smt2,vanilla-yices2,0.005612,0,0,1,"(error ""logic QF_NRA is not supported since yices was not built with mcsat support"")"
/Users/e35480/git/kn-yices2-2/tests/regress/mcsat/nra/random/random_1_2_1fe464486e.smt2,vanilla-yices2,0.005075,0,0,0,"(error ""logic QF_NRA is not supported since yices was not built with mcsat support"")"
/Users/e35480/git/kn-yices2-2/tests/regress/mcsat/nra/random/random_1_2_1fe464486e.smt2,esat-2007,0.005592,0,0,1,"(error ""logic QF_NRA is not supported since yices was not built with mcsat support"")"
/Users/e35480/git/kn-yices2-2/tests/regress/mcsat/nra/random/random_1_2_3aeb404a6e.smt2,esat-2007,0.004894,0,0,0,"(error ""logic QF_NRA is not supported since yices was not built with mcsat support"")"
/Users/e35480/git/kn-yices2-2/tests/regress/mcsat/nra/random/random_1_2_3aeb404a6e.smt2,vanilla-yices2,0.005198,0,0,1,"(error ""logic QF_NRA is not supported since yices was not built with mcsat support"")"
/Users/e35480/git/kn-yices2-2/tests/regress/mcsat/nra/random/random_1_2_51b9712551.smt2,vanilla-yices2,0.004867,0,0,0,"(error ""logic QF_NRA is not supported since yices was not built with mcsat support"")"
/Users/e35480/git/kn-yices2-2/tests/regress/mcsat/nra/random/random_1_2_51b9712551.smt2,esat-2007,0.004693,0,0,1,"(error ""logic QF_NRA is not supported since yices was not built with mcsat support"")"
/Users/e35480/git/kn-yices2-2/tests/regress/mcsat/nra/random/random_1_2_5231aa2652.smt2,esat-2007,0.004454,0,0,0,"(error ""logic QF_NRA is not supported since yices was not built with mcsat support"")"
/Users/e35480/git/kn-yices2-2/tests/regress/mcsat/nra/random/random_1_2_5231aa2652.smt2,vanilla-yices2,0.004648,0,0,1,"(error ""logic QF_NRA is not supported since yices was not built with mcsat support"")"
/Users/e35480/git/kn-yices2-2/tests/regress/mcsat/nra/random/random_1_2_550236fd62.smt2,vanilla-yices2,0.005686,0,0,0,"(error ""logic QF_NRA is not supported since yices was not built with mcsat support"")"
/Users/e35480/git/kn-yices2-2/tests/regress/mcsat/nra/random/random_1_2_550236fd62.smt2,esat-2007,0.006060,0,0,1,"(error ""logic QF_NRA is not supported since yices was not built with mcsat support"")"
/Users/e35480/git/kn-yices2-2/tests/regress/mcsat/nra/random/random_1_2_5575eb8601.smt2,esat-2007,0.005039,0,0,0,"(error ""logic QF_NRA is not supported since yices was not built with mcsat support"")"
/Users/e35480/git/kn-yices2-2/tests/regress/mcsat/nra/random/random_1_2_5575eb8601.smt2,vanilla-yices2,0.005073,0,0,1,"(error ""logic QF_NRA is not supported since yices was not built with mcsat support"")"
/Users/e35480/git/kn-yices2-2/tests/regress/mcsat/nra/random/random_1_2_5704a754f1.smt2,vanilla-yices2,0.005400,0,0,0,"(error ""logic QF_NRA is not supported since yices was not built with mcsat support"")"
/Users/e35480/git/kn-yices2-2/tests/regress/mcsat/nra/random/random_1_2_5704a754f1.smt2,esat-2007,0.004774,0,0,1,"(error ""logic QF_NRA is not supported since yices was not built with mcsat support"")"
/Users/e35480/git/kn-yices2-2/tests/regress/mcsat/nra/random/random_1_2_62729ce6d3.smt2,esat-2007,0.005254,0,0,0,"(error ""logic QF_NRA is not supported since yices was not built with mcsat support"")"
/Users/e35480/git/kn-yices2-2/tests/regress/mcsat/nra/random/random_1_2_62729ce6d3.smt2,vanilla-yices2,0.004914,0,0,1,"(error ""logic QF_NRA is not supported since yices was not built with mcsat support"")"
/Users/e35480/git/kn-yices2-2/tests/regress/mcsat/nra/random/random_1_2_71cf23b97a.smt2,vanilla-yices2,0.005374,0,0,0,"(error ""logic QF_NRA is not supported since yices was not built with mcsat support"")"
/Users/e35480/git/kn-yices2-2/tests/regress/mcsat/nra/random/random_1_2_71cf23b97a.smt2,esat-2007,0.005046,0,0,1,"(error ""logic QF_NRA is not supported since yices was not built with mcsat support"")"
/Users/e35480/git/kn-yices2-2/tests/regress/mcsat/nra/random/random_1_2_730a7aa8db.smt2,esat-2007,0.005036,0,0,0,"(error ""logic QF_NRA is not supported since yices was not built with mcsat support"")"
/Users/e35480/git/kn-yices2-2/tests/regress/mcsat/nra/random/random_1_2_730a7aa8db.smt2,vanilla-yices2,0.005081,0,0,1,"(error ""logic QF_NRA is not supported since yices was not built with mcsat support"")"
/Users/e35480/git/kn-yices2-2/tests/regress/mcsat/nra/random/random_1_2_a4593ee5fe.smt2,vanilla-yices2,0.005148,0,0,0,"(error ""logic QF_NRA is not supported since yices was not built with mcsat support"")"
/Users/e35480/git/kn-yices2-2/tests/regress/mcsat/nra/random/random_1_2_a4593ee5fe.smt2,esat-2007,0.004699,0,0,1,"(error ""logic QF_NRA is not supported since yices was not built with mcsat support"")"
/Users/e35480/git/kn-yices2-2/tests/regress/mcsat/nra/random/random_1_2_d7705149a7.smt2,esat-2007,0.006107,0,0,0,"(error ""logic QF_NRA is not supported since yices was not built with mcsat support"")"
/Users/e35480/git/kn-yices2-2/tests/regress/mcsat/nra/random/random_1_2_d7705149a7.smt2,vanilla-yices2,0.005237,0,0,1,"(error ""logic QF_NRA is not supported since yices was not built with mcsat support"")"
/Users/e35480/git/kn-yices2-2/tests/regress/mcsat/nra/random/random_1_2_dc5613ddfa.smt2,vanilla-yices2,0.006442,0,0,0,"(error ""logic QF_NRA is not supported since yices was not built with mcsat support"")"
/Users/e35480/git/kn-yices2-2/tests/regress/mcsat/nra/random/random_1_2_dc5613ddfa.smt2,esat-2007,0.005761,0,0,1,"(error ""logic QF_NRA is not supported since yices was not built with mcsat support"")"
/Users/e35480/git/kn-yices2-2/tests/regress/mcsat/nra/random/random_1_2_ecbe805c9c.smt2,esat-2007,0.005166,0,0,0,"(error ""logic QF_NRA is not supported since yices was not built with mcsat support"")"
/Users/e35480/git/kn-yices2-2/tests/regress/mcsat/nra/random/random_1_2_ecbe805c9c.smt2,vanilla-yices2,0.005062,0,0,1,"(error ""logic QF_NRA is not supported since yices was not built with mcsat support"")"
/Users/e35480/git/kn-yices2-2/tests/regress/mcsat/nra/random/random_1_2_ff4f0d1a1c.smt2,vanilla-yices2,0.005112,0,0,0,"(error ""logic QF_NRA is not supported since yices was not built with mcsat support"")"
/Users/e35480/git/kn-yices2-2/tests/regress/mcsat/nra/random/random_1_2_ff4f0d1a1c.smt2,esat-2007,0.005010,0,0,1,"(error ""logic QF_NRA is not supported since yices was not built with mcsat support"")"
/Users/e35480/git/kn-yices2-2/tests/regress/mcsat/nra/random/random_1_3_1026303b31.smt2,esat-2007,0.004806,0,0,0,"(error ""logic QF_NRA is not supported since yices was not built with mcsat support"")"
/Users/e35480/git/kn-yices2-2/tests/regress/mcsat/nra/random/random_1_3_1026303b31.smt2,vanilla-yices2,0.004871,0,0,1,"(error ""logic QF_NRA is not supported since yices was not built with mcsat support"")"
/Users/e35480/git/kn-yices2-2/tests/regress/mcsat/nra/random/random_1_3_18b1564ef1.smt2,vanilla-yices2,0.005622,0,0,0,"(error ""logic QF_NRA is not supported since yices was not built with mcsat support"")"
/Users/e35480/git/kn-yices2-2/tests/regress/mcsat/nra/random/random_1_3_18b1564ef1.smt2,esat-2007,0.005471,0,0,1,"(error ""logic QF_NRA is not supported since yices was not built with mcsat support"")"
/Users/e35480/git/kn-yices2-2/tests/regress/mcsat/nra/random/random_1_3_25bd585e6e.smt2,esat-2007,0.005549,0,0,0,"(error ""logic QF_NRA is not supported since yices was not built with mcsat support"")"
/Users/e35480/git/kn-yices2-2/tests/regress/mcsat/nra/random/random_1_3_25bd585e6e.smt2,vanilla-yices2,0.004978,0,0,1,"(error ""logic QF_NRA is not supported since yices was not built with mcsat support"")"
/Users/e35480/git/kn-yices2-2/tests/regress/mcsat/nra/random/random_1_3_30af3bcec4.smt2,vanilla-yices2,0.004793,0,0,0,"(error ""logic QF_NRA is not supported since yices was not built with mcsat support"")"
/Users/e35480/git/kn-yices2-2/tests/regress/mcsat/nra/random/random_1_3_30af3bcec4.smt2,esat-2007,0.004841,0,0,1,"(error ""logic QF_NRA is not supported since yices was not built with mcsat support"")"
/Users/e35480/git/kn-yices2-2/tests/regress/mcsat/nra/random/random_1_3_4b6f11b739.smt2,esat-2007,0.004986,0,0,0,"(error ""logic QF_NRA is not supported since yices was not built with mcsat support"")"
/Users/e35480/git/kn-yices2-2/tests/regress/mcsat/nra/random/random_1_3_4b6f11b739.smt2,vanilla-yices2,0.004772,0,0,1,"(error ""logic QF_NRA is not supported since yices was not built with mcsat support"")"
/Users/e35480/git/kn-yices2-2/tests/regress/mcsat/nra/random/random_1_3_4f13a5b21e.smt2,vanilla-yices2,0.004888,0,0,0,"(error ""logic QF_NRA is not supported since yices was not built with mcsat support"")"
/Users/e35480/git/kn-yices2-2/tests/regress/mcsat/nra/random/random_1_3_4f13a5b21e.smt2,esat-2007,0.004906,0,0,1,"(error ""logic QF_NRA is not supported since yices was not built with mcsat support"")"
/Users/e35480/git/kn-yices2-2/tests/regress/mcsat/nra/random/random_1_3_50eceb8f0c.smt2,esat-2007,0.005303,0,0,0,"(error ""logic QF_NRA is not supported since yices was not built with mcsat support"")"
/Users/e35480/git/kn-yices2-2/tests/regress/mcsat/nra/random/random_1_3_50eceb8f0c.smt2,vanilla-yices2,0.005048,0,0,1,"(error ""logic QF_NRA is not supported since yices was not built with mcsat support"")"
/Users/e35480/git/kn-yices2-2/tests/regress/mcsat/nra/random/random_1_3_515273c10b.smt2,vanilla-yices2,0.004840,0,0,0,"(error ""logic QF_NRA is not supported since yices was not built with mcsat support"")"
/Users/e35480/git/kn-yices2-2/tests/regress/mcsat/nra/random/random_1_3_515273c10b.smt2,esat-2007,0.004666,0,0,1,"(error ""logic QF_NRA is not supported since yices was not built with mcsat support"")"
/Users/e35480/git/kn-yices2-2/tests/regress/mcsat/nra/random/random_1_3_522aac0cf4.smt2,esat-2007,0.004936,0,0,0,"(error ""logic QF_NRA is not supported since yices was not built with mcsat support"")"
/Users/e35480/git/kn-yices2-2/tests/regress/mcsat/nra/random/random_1_3_522aac0cf4.smt2,vanilla-yices2,0.004962,0,0,1,"(error ""logic QF_NRA is not supported since yices was not built with mcsat support"")"
/Users/e35480/git/kn-yices2-2/tests/regress/mcsat/nra/random/random_1_3_57eb7df752.smt2,vanilla-yices2,0.005774,0,0,0,"(error ""logic QF_NRA is not supported since yices was not built with mcsat support"")"
/Users/e35480/git/kn-yices2-2/tests/regress/mcsat/nra/random/random_1_3_57eb7df752.smt2,esat-2007,0.005613,0,0,1,"(error ""logic QF_NRA is not supported since yices was not built with mcsat support"")"
/Users/e35480/git/kn-yices2-2/tests/regress/mcsat/nra/random/random_1_3_62e4a1ead1.smt2,esat-2007,0.005640,0,0,0,"(error ""logic QF_NRA is not supported since yices was not built with mcsat support"")"
/Users/e35480/git/kn-yices2-2/tests/regress/mcsat/nra/random/random_1_3_62e4a1ead1.smt2,vanilla-yices2,0.005091,0,0,1,"(error ""logic QF_NRA is not supported since yices was not built with mcsat support"")"
/Users/e35480/git/kn-yices2-2/tests/regress/mcsat/nra/random/random_1_3_694f08fa1a.smt2,vanilla-yices2,0.004728,0,0,0,"(error ""logic QF_NRA is not supported since yices was not built with mcsat support"")"
/Users/e35480/git/kn-yices2-2/tests/regress/mcsat/nra/random/random_1_3_694f08fa1a.smt2,esat-2007,0.005029,0,0,1,"(error ""logic QF_NRA is not supported since yices was not built with mcsat support"")"
/Users/e35480/git/kn-yices2-2/tests/regress/mcsat/nra/random/random_1_3_6a18f45dbf.smt2,esat-2007,0.005120,0,0,0,"(error ""logic QF_NRA is not supported since yices was not built with mcsat support"")"
/Users/e35480/git/kn-yices2-2/tests/regress/mcsat/nra/random/random_1_3_6a18f45dbf.smt2,vanilla-yices2,0.004770,0,0,1,"(error ""logic QF_NRA is not supported since yices was not built with mcsat support"")"
/Users/e35480/git/kn-yices2-2/tests/regress/mcsat/nra/random/random_1_3_6c90ffc081.smt2,vanilla-yices2,0.005199,0,0,0,"(error ""logic QF_NRA is not supported since yices was not built with mcsat support"")"
/Users/e35480/git/kn-yices2-2/tests/regress/mcsat/nra/random/random_1_3_6c90ffc081.smt2,esat-2007,0.005385,0,0,1,"(error ""logic QF_NRA is not supported since yices was not built with mcsat support"")"
/Users/e35480/git/kn-yices2-2/tests/regress/mcsat/nra/random/random_1_3_738e984313.smt2,esat-2007,0.005167,0,0,0,"(error ""logic QF_NRA is not supported since yices was not built with mcsat support"")"
/Users/e35480/git/kn-yices2-2/tests/regress/mcsat/nra/random/random_1_3_738e984313.smt2,vanilla-yices2,0.005169,0,0,1,"(error ""logic QF_NRA is not supported since yices was not built with mcsat support"")"
/Users/e35480/git/kn-yices2-2/tests/regress/mcsat/nra/random/random_1_3_7917696432.smt2,vanilla-yices2,0.005586,0,0,0,"(error ""logic QF_NRA is not supported since yices was not built with mcsat support"")"
/Users/e35480/git/kn-yices2-2/tests/regress/mcsat/nra/random/random_1_3_7917696432.smt2,esat-2007,0.005107,0,0,1,"(error ""logic QF_NRA is not supported since yices was not built with mcsat support"")"
/Users/e35480/git/kn-yices2-2/tests/regress/mcsat/nra/random/random_1_3_817eae327e.smt2,esat-2007,0.005135,0,0,0,"(error ""logic QF_NRA is not supported since yices was not built with mcsat support"")"
/Users/e35480/git/kn-yices2-2/tests/regress/mcsat/nra/random/random_1_3_817eae327e.smt2,vanilla-yices2,0.005346,0,0,1,"(error ""logic QF_NRA is not supported since yices was not built with mcsat support"")"
/Users/e35480/git/kn-yices2-2/tests/regress/mcsat/nra/random/random_1_3_84341aca47.smt2,vanilla-yices2,0.005382,0,0,0,"(error ""logic QF_NRA is not supported since yices was not built with mcsat support"")"
/Users/e35480/git/kn-yices2-2/tests/regress/mcsat/nra/random/random_1_3_84341aca47.smt2,esat-2007,0.005036,0,0,1,"(error ""logic QF_NRA is not supported since yices was not built with mcsat support"")"
/Users/e35480/git/kn-yices2-2/tests/regress/mcsat/nra/random/random_1_3_8a6d99ee45.smt2,esat-2007,0.005485,0,0,0,"(error ""logic QF_NRA is not supported since yices was not built with mcsat support"")"
/Users/e35480/git/kn-yices2-2/tests/regress/mcsat/nra/random/random_1_3_8a6d99ee45.smt2,vanilla-yices2,0.005022,0,0,1,"(error ""logic QF_NRA is not supported since yices was not built with mcsat support"")"
/Users/e35480/git/kn-yices2-2/tests/regress/mcsat/nra/random/random_1_3_8ae37b0ee3.smt2,vanilla-yices2,0.005255,0,0,0,"(error ""logic QF_NRA is not supported since yices was not built with mcsat support"")"
/Users/e35480/git/kn-yices2-2/tests/regress/mcsat/nra/random/random_1_3_8ae37b0ee3.smt2,esat-2007,0.005308,0,0,1,"(error ""logic QF_NRA is not supported since yices was not built with mcsat support"")"
/Users/e35480/git/kn-yices2-2/tests/regress/mcsat/nra/random/random_1_3_9287cf0af1.smt2,esat-2007,0.005384,0,0,0,"(error ""logic QF_NRA is not supported since yices was not built with mcsat support"")"
/Users/e35480/git/kn-yices2-2/tests/regress/mcsat/nra/random/random_1_3_9287cf0af1.smt2,vanilla-yices2,0.005416,0,0,1,"(error ""logic QF_NRA is not supported since yices was not built with mcsat support"")"
/Users/e35480/git/kn-yices2-2/tests/regress/mcsat/nra/random/random_1_3_98be9b7bae.smt2,vanilla-yices2,0.005535,0,0,0,"(error ""logic QF_NRA is not supported since yices was not built with mcsat support"")"
/Users/e35480/git/kn-yices2-2/tests/regress/mcsat/nra/random/random_1_3_98be9b7bae.smt2,esat-2007,0.005370,0,0,1,"(error ""logic QF_NRA is not supported since yices was not built with mcsat support"")"
/Users/e35480/git/kn-yices2-2/tests/regress/mcsat/nra/random/random_1_3_b15070d37b.smt2,esat-2007,0.005427,0,0,0,"(error ""logic QF_NRA is not supported since yices was not built with mcsat support"")"
/Users/e35480/git/kn-yices2-2/tests/regress/mcsat/nra/random/random_1_3_b15070d37b.smt2,vanilla-yices2,0.005566,0,0,1,"(error ""logic QF_NRA is not supported since yices was not built with mcsat support"")"
/Users/e35480/git/kn-yices2-2/tests/regress/mcsat/nra/random/random_1_3_cadfb4ffed.smt2,vanilla-yices2,0.005447,0,0,0,"(error ""logic QF_NRA is not supported since yices was not built with mcsat support"")"
/Users/e35480/git/kn-yices2-2/tests/regress/mcsat/nra/random/random_1_3_cadfb4ffed.smt2,esat-2007,0.005277,0,0,1,"(error ""logic QF_NRA is not supported since yices was not built with mcsat support"")"
/Users/e35480/git/kn-yices2-2/tests/regress/mcsat/nra/random/random_1_3_da3d332dc3.smt2,esat-2007,0.005884,0,0,0,"(error ""logic QF_NRA is not supported since yices was not built with mcsat support"")"
/Users/e35480/git/kn-yices2-2/tests/regress/mcsat/nra/random/random_1_3_da3d332dc3.smt2,vanilla-yices2,0.005180,0,0,1,"(error ""logic QF_NRA is not supported since yices was not built with mcsat support"")"
/Users/e35480/git/kn-yices2-2/tests/regress/mcsat/nra/random/random_1_3_e7dc1bee63.smt2,vanilla-yices2,0.005401,0,0,0,"(error ""logic QF_NRA is not supported since yices was not built with mcsat support"")"
/Users/e35480/git/kn-yices2-2/tests/regress/mcsat/nra/random/random_1_3_e7dc1bee63.smt2,esat-2007,0.005808,0,0,1,"(error ""logic QF_NRA is not supported since yices was not built with mcsat support"")"
/Users/e35480/git/kn-yices2-2/tests/regress/mcsat/nra/random/random_1_3_e98fc8f13b.smt2,esat-2007,0.005492,0,0,0,"(error ""logic QF_NRA is not supported since yices was not built with mcsat support"")"
/Users/e35480/git/kn-yices2-2/tests/regress/mcsat/nra/random/random_1_3_e98fc8f13b.smt2,vanilla-yices2,0.005695,0,0,1,"(error ""logic QF_NRA is not supported since yices was not built with mcsat support"")"
/Users/e35480/git/kn-yices2-2/tests/regress/mcsat/nra/random/random_1_4_bc71a63354.smt2,vanilla-yices2,0.005912,0,0,0,"(error ""logic QF_NRA is not supported since yices was not built with mcsat support"")"
/Users/e35480/git/kn-yices2-2/tests/regress/mcsat/nra/random/random_1_4_bc71a63354.smt2,esat-2007,0.005353,0,0,1,"(error ""logic QF_NRA is not supported since yices was not built with mcsat support"")"
/Users/e35480/git/kn-yices2-2/tests/regress/mcsat/nra/smtlib/hycomp/815840/ball_count_1d_plain.03.qfree_global_6.smt2,esat-2007,0.005743,0,0,0,"(error ""logic QF_NRA is not supported since yices was not built with mcsat support"")"
/Users/e35480/git/kn-yices2-2/tests/regress/mcsat/nra/smtlib/hycomp/815840/ball_count_1d_plain.03.qfree_global_6.smt2,vanilla-yices2,0.005081,0,0,1,"(error ""logic QF_NRA is not supported since yices was not built with mcsat support"")"
/Users/e35480/git/kn-yices2-2/tests/regress/mcsat/nra/smtlib/meti-tarski/sqrt/1mcosq/7/899352/sqrt-1mcosq-7-chunk-0202.smt2,vanilla-yices2,0.004859,0,0,0,"(error ""logic QF_NRA is not supported since yices was not built with mcsat support"")"
/Users/e35480/git/kn-yices2-2/tests/regress/mcsat/nra/smtlib/meti-tarski/sqrt/1mcosq/7/899352/sqrt-1mcosq-7-chunk-0202.smt2,esat-2007,0.005016,0,0,1,"(error ""logic QF_NRA is not supported since yices was not built with mcsat support"")"
/Users/e35480/git/kn-yices2-2/tests/regress/mcsat/uf/eq_diamond23.smt2 [ --mcsat ],esat-2007,0.005192,0,18,0,/Users/e35480/git/kn-yices2-2/tests/regress/mcsat/uf/eq_diamond23.smt2 [ --mcsat ]: No such file or directory
/Users/e35480/git/kn-yices2-2/tests/regress/mcsat/uf/eq_diamond23.smt2 [ --mcsat ],vanilla-yices2,0.005296,0,18,1,/Users/e35480/git/kn-yices2-2/tests/regress/mcsat/uf/eq_diamond23.smt2 [ --mcsat ]: No such file or directory
/Users/e35480/git/kn-yices2-2/tests/regress/mcsat/uf/incremental/_6counters.ec.smt2 [ --mcsat --incremental ],vanilla-yices2,0.005013,0,18,0,/Users/e35480/git/kn-yices2-2/tests/regress/mcsat/uf/incremental/_6counters.ec.smt2 [ --mcsat --incremental ]: No such file or directory
/Users/e35480/git/kn-yices2-2/tests/regress/mcsat/uf/incremental/_6counters.ec.smt2 [ --mcsat --incremental ],esat-2007,0.004795,0,18,1,/Users/e35480/git/kn-yices2-2/tests/regress/mcsat/uf/incremental/_6counters.ec.smt2 [ --mcsat --incremental ]: No such file or directory
/Users/e35480/git/kn-yices2-2/tests/regress/mcsat/uf/incremental/cpachecker-bmc.43_1a_cilled_true-unreach-call_ok_nondet_linux-43_1a-drivers--media--video--cx88--cx88-vp3054-i2c.ko-ldv_main0_sequence_infinite_withcheck_stateful.cil.out.c.smt2 [ --mcsat --incremental ],esat-2007,0.004773,0,18,0,/Users/e35480/git/kn-yices2-2/tests/regress/mcsat/uf/incremental/cpachecker-bmc.43_1a_cilled_true-unreach-call_ok_nondet_linux-43_1a-drivers--media--video--cx88--cx88-vp3054-i2c.ko-ldv_main0_sequence_infinite_withcheck_stateful.cil.out.c.smt2 [ --mcsat --incremental ]: No such file or directory
/Users/e35480/git/kn-yices2-2/tests/regress/mcsat/uf/incremental/cpachecker-bmc.43_1a_cilled_true-unreach-call_ok_nondet_linux-43_1a-drivers--media--video--cx88--cx88-vp3054-i2c.ko-ldv_main0_sequence_infinite_withcheck_stateful.cil.out.c.smt2 [ --mcsat --incremental ],vanilla-yices2,0.004517,0,18,1,/Users/e35480/git/kn-yices2-2/tests/regress/mcsat/uf/incremental/cpachecker-bmc.43_1a_cilled_true-unreach-call_ok_nondet_linux-43_1a-drivers--media--video--cx88--cx88-vp3054-i2c.ko-ldv_main0_sequence_infinite_withcheck_stateful.cil.out.c.smt2 [ --mcsat --incremental ]: No such file or directory
/Users/e35480/git/kn-yices2-2/tests/regress/mcsat/uf/incremental/cpachecker-bmc.43_1a_cilled_true-unreach-call_ok_nondet_linux-43_1a-drivers--platform--x86--intel_menlow.ko-ldv_main0_sequence_infinite_withcheck_stateful.cil.out.c.smt2 [ --mcsat --incremental ],vanilla-yices2,0.004752,0,18,0,/Users/e35480/git/kn-yices2-2/tests/regress/mcsat/uf/incremental/cpachecker-bmc.43_1a_cilled_true-unreach-call_ok_nondet_linux-43_1a-drivers--platform--x86--intel_menlow.ko-ldv_main0_sequence_infinite_withcheck_stateful.cil.out.c.smt2 [ --mcsat --incremental ]: No such file or directory
/Users/e35480/git/kn-yices2-2/tests/regress/mcsat/uf/incremental/cpachecker-bmc.43_1a_cilled_true-unreach-call_ok_nondet_linux-43_1a-drivers--platform--x86--intel_menlow.ko-ldv_main0_sequence_infinite_withcheck_stateful.cil.out.c.smt2 [ --mcsat --incremental ],esat-2007,0.004562,0,18,1,/Users/e35480/git/kn-yices2-2/tests/regress/mcsat/uf/incremental/cpachecker-bmc.43_1a_cilled_true-unreach-call_ok_nondet_linux-43_1a-drivers--platform--x86--intel_menlow.ko-ldv_main0_sequence_infinite_withcheck_stateful.cil.out.c.smt2 [ --mcsat --incremental ]: No such file or directory
/Users/e35480/git/kn-yices2-2/tests/regress/mcsat/uf/incremental/cpachecker-bmc.alias_of_return.c_true-unreach-call_1.i.smt2 [ --mcsat --incremental ],esat-2007,0.004658,0,18,0,/Users/e35480/git/kn-yices2-2/tests/regress/mcsat/uf/incremental/cpachecker-bmc.alias_of_return.c_true-unreach-call_1.i.smt2 [ --mcsat --incremental ]: No such file or directory
/Users/e35480/git/kn-yices2-2/tests/regress/mcsat/uf/incremental/cpachecker-bmc.alias_of_return.c_true-unreach-call_1.i.smt2 [ --mcsat --incremental ],vanilla-yices2,0.004645,0,18,1,/Users/e35480/git/kn-yices2-2/tests/regress/mcsat/uf/incremental/cpachecker-bmc.alias_of_return.c_true-unreach-call_1.i.smt2 [ --mcsat --incremental ]: No such file or directory
/Users/e35480/git/kn-yices2-2/tests/regress/mcsat/uf/incremental/cpachecker-bmc.elevator_spec14_product03_true-unreach-call.cil.c.smt2 [ --mcsat --incremental ],vanilla-yices2,0.004852,0,18,0,/Users/e35480/git/kn-yices2-2/tests/regress/mcsat/uf/incremental/cpachecker-bmc.elevator_spec14_product03_true-unreach-call.cil.c.smt2 [ --mcsat --incremental ]: No such file or directory
/Users/e35480/git/kn-yices2-2/tests/regress/mcsat/uf/incremental/cpachecker-bmc.elevator_spec14_product03_true-unreach-call.cil.c.smt2 [ --mcsat --incremental ],esat-2007,0.004813,0,18,1,/Users/e35480/git/kn-yices2-2/tests/regress/mcsat/uf/incremental/cpachecker-bmc.elevator_spec14_product03_true-unreach-call.cil.c.smt2 [ --mcsat --incremental ]: No such file or directory
/Users/e35480/git/kn-yices2-2/tests/regress/mcsat/uf/incremental/cpachecker-bmc.merge_sort_false-unreach-call.i.smt2 [ --mcsat --incremental ],esat-2007,0.004743,0,18,0,/Users/e35480/git/kn-yices2-2/tests/regress/mcsat/uf/incremental/cpachecker-bmc.merge_sort_false-unreach-call.i.smt2 [ --mcsat --incremental ]: No such file or directory
/Users/e35480/git/kn-yices2-2/tests/regress/mcsat/uf/incremental/cpachecker-bmc.merge_sort_false-unreach-call.i.smt2 [ --mcsat --incremental ],vanilla-yices2,0.004893,0,18,1,/Users/e35480/git/kn-yices2-2/tests/regress/mcsat/uf/incremental/cpachecker-bmc.merge_sort_false-unreach-call.i.smt2 [ --mcsat --incremental ]: No such file or directory
/Users/e35480/git/kn-yices2-2/tests/regress/mcsat/uf/incremental/cpachecker-bmc.rule57_ebda_blast.c_false-unreach-call.i.smt2 [ --mcsat --incremental ],vanilla-yices2,0.004671,0,18,0,/Users/e35480/git/kn-yices2-2/tests/regress/mcsat/uf/incremental/cpachecker-bmc.rule57_ebda_blast.c_false-unreach-call.i.smt2 [ --mcsat --incremental ]: No such file or directory
/Users/e35480/git/kn-yices2-2/tests/regress/mcsat/uf/incremental/cpachecker-bmc.rule57_ebda_blast.c_false-unreach-call.i.smt2 [ --mcsat --incremental ],esat-2007,0.004825,0,18,1,/Users/e35480/git/kn-yices2-2/tests/regress/mcsat/uf/incremental/cpachecker-bmc.rule57_ebda_blast.c_false-unreach-call.i.smt2 [ --mcsat --incremental ]: No such file or directory
/Users/e35480/git/kn-yices2-2/tests/regress/mcsat/uf/incremental/cpachecker-bmc.sum02_true-unreach-call.i.smt2 [ --mcsat --incremental ],esat-2007,0.004745,0,18,0,/Users/e35480/git/kn-yices2-2/tests/regress/mcsat/uf/incremental/cpachecker-bmc.sum02_true-unreach-call.i.smt2 [ --mcsat --incremental ]: No such file or directory
/Users/e35480/git/kn-yices2-2/tests/regress/mcsat/uf/incremental/cpachecker-bmc.sum02_true-unreach-call.i.smt2 [ --mcsat --incremental ],vanilla-yices2,0.004995,0,18,1,/Users/e35480/git/kn-yices2-2/tests/regress/mcsat/uf/incremental/cpachecker-bmc.sum02_true-unreach-call.i.smt2 [ --mcsat --incremental ]: No such file or directory
/Users/e35480/git/kn-yices2-2/tests/regress/mcsat/uf/incremental/FIREFLY_2_e2_3244_e3_1305.ec.smt2 [ --mcsat --incremental ],vanilla-yices2,0.004931,0,18,0,/Users/e35480/git/kn-yices2-2/tests/regress/mcsat/uf/incremental/FIREFLY_2_e2_3244_e3_1305.ec.smt2 [ --mcsat --incremental ]: No such file or directory
/Users/e35480/git/kn-yices2-2/tests/regress/mcsat/uf/incremental/FIREFLY_2_e2_3244_e3_1305.ec.smt2 [ --mcsat --incremental ],esat-2007,0.004749,0,18,1,/Users/e35480/git/kn-yices2-2/tests/regress/mcsat/uf/incremental/FIREFLY_2_e2_3244_e3_1305.ec.smt2 [ --mcsat --incremental ]: No such file or directory
/Users/e35480/git/kn-yices2-2/tests/regress/mcsat/uf/incremental/metros_1_e1_846_e1_1317.ec.smt2 [ --mcsat --incremental ],esat-2007,0.004872,0,18,0,/Users/e35480/git/kn-yices2-2/tests/regress/mcsat/uf/incremental/metros_1_e1_846_e1_1317.ec.smt2 [ --mcsat --incremental ]: No such file or directory
/Users/e35480/git/kn-yices2-2/tests/regress/mcsat/uf/incremental/metros_1_e1_846_e1_1317.ec.smt2 [ --mcsat --incremental ],vanilla-yices2,0.004838,0,18,1,/Users/e35480/git/kn-yices2-2/tests/regress/mcsat/uf/incremental/metros_1_e1_846_e1_1317.ec.smt2 [ --mcsat --incremental ]: No such file or directory
/Users/e35480/git/kn-yices2-2/tests/regress/mcsat/uf/incremental/microwave01.ec.smt2 [ --mcsat --incremental ],vanilla-yices2,0.004735,0,18,0,/Users/e35480/git/kn-yices2-2/tests/regress/mcsat/uf/incremental/microwave01.ec.smt2 [ --mcsat --incremental ]: No such file or directory
/Users/e35480/git/kn-yices2-2/tests/regress/mcsat/uf/incremental/microwave01.ec.smt2 [ --mcsat --incremental ],esat-2007,0.005025,0,18,1,/Users/e35480/git/kn-yices2-2/tests/regress/mcsat/uf/incremental/microwave01.ec.smt2 [ --mcsat --incremental ]: No such file or directory
/Users/e35480/git/kn-yices2-2/tests/regress/mcsat/uf/incremental/MOESI_all_e3_2032_e3_2788.ec.2.smt2 [ --incremental --mcsat ],esat-2007,0.005350,0,18,0,/Users/e35480/git/kn-yices2-2/tests/regress/mcsat/uf/incremental/MOESI_all_e3_2032_e3_2788.ec.2.smt2 [ --incremental --mcsat ]: No such file or directory
/Users/e35480/git/kn-yices2-2/tests/regress/mcsat/uf/incremental/MOESI_all_e3_2032_e3_2788.ec.2.smt2 [ --incremental --mcsat ],vanilla-yices2,0.005469,0,18,1,/Users/e35480/git/kn-yices2-2/tests/regress/mcsat/uf/incremental/MOESI_all_e3_2032_e3_2788.ec.2.smt2 [ --incremental --mcsat ]: No such file or directory
/Users/e35480/git/kn-yices2-2/tests/regress/mcsat/uf/incremental/MOESI_all_e3_2032_e3_2788.ec.2.unsat.unsat.smt2 [ --incremental --mcsat ],vanilla-yices2,0.005391,0,18,0,/Users/e35480/git/kn-yices2-2/tests/regress/mcsat/uf/incremental/MOESI_all_e3_2032_e3_2788.ec.2.unsat.unsat.smt2 [ --incremental --mcsat ]: No such file or directory
/Users/e35480/git/kn-yices2-2/tests/regress/mcsat/uf/incremental/MOESI_all_e3_2032_e3_2788.ec.2.unsat.unsat.smt2 [ --incremental --mcsat ],esat-2007,0.005287,0,18,1,/Users/e35480/git/kn-yices2-2/tests/regress/mcsat/uf/incremental/MOESI_all_e3_2032_e3_2788.ec.2.unsat.unsat.smt2 [ --incremental --mcsat ]: No such file or directory
/Users/e35480/git/kn-yices2-2/tests/regress/mcsat/uf/incremental/MOESI_all_e3_2032_e3_2788.ec.smt2 [ --mcsat --incremental ],esat-2007,0.005011,0,18,0,/Users/e35480/git/kn-yices2-2/tests/regress/mcsat/uf/incremental/MOESI_all_e3_2032_e3_2788.ec.smt2 [ --mcsat --incremental ]: No such file or directory
/Users/e35480/git/kn-yices2-2/tests/regress/mcsat/uf/incremental/MOESI_all_e3_2032_e3_2788.ec.smt2 [ --mcsat --incremental ],vanilla-yices2,0.004912,0,18,1,/Users/e35480/git/kn-yices2-2/tests/regress/mcsat/uf/incremental/MOESI_all_e3_2032_e3_2788.ec.smt2 [ --mcsat --incremental ]: No such file or directory
/Users/e35480/git/kn-yices2-2/tests/regress/mcsat/uf/incremental/two_counters_e1_268.ec.smt2 [ --mcsat --incremental ],vanilla-yices2,0.004880,0,18,0,/Users/e35480/git/kn-yices2-2/tests/regress/mcsat/uf/incremental/two_counters_e1_268.ec.smt2 [ --mcsat --incremental ]: No such file or directory
/Users/e35480/git/kn-yices2-2/tests/regress/mcsat/uf/incremental/two_counters_e1_268.ec.smt2 [ --mcsat --incremental ],esat-2007,0.004788,0,18,1,/Users/e35480/git/kn-yices2-2/tests/regress/mcsat/uf/incremental/two_counters_e1_268.ec.smt2 [ --mcsat --incremental ]: No such file or directory
/Users/e35480/git/kn-yices2-2/tests/regress/mcsat/uf/incremental/uf_01.smt2 [ --incremental --mcsat ],esat-2007,0.004600,0,18,0,/Users/e35480/git/kn-yices2-2/tests/regress/mcsat/uf/incremental/uf_01.smt2 [ --incremental --mcsat ]: No such file or directory
/Users/e35480/git/kn-yices2-2/tests/regress/mcsat/uf/incremental/uf_01.smt2 [ --incremental --mcsat ],vanilla-yices2,0.004878,0,18,1,/Users/e35480/git/kn-yices2-2/tests/regress/mcsat/uf/incremental/uf_01.smt2 [ --incremental --mcsat ]: No such file or directory
/Users/e35480/git/kn-yices2-2/tests/regress/mcsat/uf/incremental/uf_02.smt2 [ --incremental --mcsat ],vanilla-yices2,0.005046,0,18,0,/Users/e35480/git/kn-yices2-2/tests/regress/mcsat/uf/incremental/uf_02.smt2 [ --incremental --mcsat ]: No such file or directory
/Users/e35480/git/kn-yices2-2/tests/regress/mcsat/uf/incremental/uf_02.smt2 [ --incremental --mcsat ],esat-2007,0.004865,0,18,1,/Users/e35480/git/kn-yices2-2/tests/regress/mcsat/uf/incremental/uf_02.smt2 [ --incremental --mcsat ]: No such file or directory
/Users/e35480/git/kn-yices2-2/tests/regress/mcsat/uf/incremental/uf_03.smt2 [ --incremental --mcsat ],esat-2007,0.004978,0,18,0,/Users/e35480/git/kn-yices2-2/tests/regress/mcsat/uf/incremental/uf_03.smt2 [ --incremental --mcsat ]: No such file or directory
/Users/e35480/git/kn-yices2-2/tests/regress/mcsat/uf/incremental/uf_03.smt2 [ --incremental --mcsat ],vanilla-yices2,0.004713,0,18,1,/Users/e35480/git/kn-yices2-2/tests/regress/mcsat/uf/incremental/uf_03.smt2 [ --incremental --mcsat ]: No such file or directory
/Users/e35480/git/kn-yices2-2/tests/regress/mcsat/uf/incremental/uf_04.smt2 [ --incremental --mcsat ],vanilla-yices2,0.004697,0,18,0,/Users/e35480/git/kn-yices2-2/tests/regress/mcsat/uf/incremental/uf_04.smt2 [ --incremental --mcsat ]: No such file or directory
/Users/e35480/git/kn-yices2-2/tests/regress/mcsat/uf/incremental/uf_04.smt2 [ --incremental --mcsat ],esat-2007,0.004866,0,18,1,/Users/e35480/git/kn-yices2-2/tests/regress/mcsat/uf/incremental/uf_04.smt2 [ --incremental --mcsat ]: No such file or directory
/Users/e35480/git/kn-yices2-2/tests/regress/mcsat/uf/incremental/uf_05.smt2 [ --incremental --mcsat ],esat-2007,0.005015,0,18,0,/Users/e35480/git/kn-yices2-2/tests/regress/mcsat/uf/incremental/uf_05.smt2 [ --incremental --mcsat ]: No such file or directory
/Users/e35480/git/kn-yices2-2/tests/regress/mcsat/uf/incremental/uf_05.smt2 [ --incremental --mcsat ],vanilla-yices2,0.004963,0,18,1,/Users/e35480/git/kn-yices2-2/tests/regress/mcsat/uf/incremental/uf_05.smt2 [ --incremental --mcsat ]: No such file or directory
/Users/e35480/git/kn-yices2-2/tests/regress/mcsat/uf/incremental/ufnra_00.smt2 [ --incremental --mcsat ],vanilla-yices2,0.004642,0,18,0,/Users/e35480/git/kn-yices2-2/tests/regress/mcsat/uf/incremental/ufnra_00.smt2 [ --incremental --mcsat ]: No such file or directory
/Users/e35480/git/kn-yices2-2/tests/regress/mcsat/uf/incremental/ufnra_00.smt2 [ --incremental --mcsat ],esat-2007,0.004832,0,18,1,/Users/e35480/git/kn-yices2-2/tests/regress/mcsat/uf/incremental/ufnra_00.smt2 [ --incremental --mcsat ]: No such file or directory
/Users/e35480/git/kn-yices2-2/tests/regress/mcsat/uf/incremental/ufnra_01.smt2 [ --incremental --mcsat ],esat-2007,0.004898,0,18,0,/Users/e35480/git/kn-yices2-2/tests/regress/mcsat/uf/incremental/ufnra_01.smt2 [ --incremental --mcsat ]: No such file or directory
/Users/e35480/git/kn-yices2-2/tests/regress/mcsat/uf/incremental/ufnra_01.smt2 [ --incremental --mcsat ],vanilla-yices2,0.004997,0,18,1,/Users/e35480/git/kn-yices2-2/tests/regress/mcsat/uf/incremental/ufnra_01.smt2 [ --incremental --mcsat ]: No such file or directory
/Users/e35480/git/kn-yices2-2/tests/regress/mcsat/uf/incremental/ufnra_04.smt2 [ --incremental --mcsat ],vanilla-yices2,0.006248,0,18,0,/Users/e35480/git/kn-yices2-2/tests/regress/mcsat/uf/incremental/ufnra_04.smt2 [ --incremental --mcsat ]: No such file or directory
/Users/e35480/git/kn-yices2-2/tests/regress/mcsat/uf/incremental/ufnra_04.smt2 [ --incremental --mcsat ],esat-2007,0.005231,0,18,1,/Users/e35480/git/kn-yices2-2/tests/regress/mcsat/uf/incremental/ufnra_04.smt2 [ --incremental --mcsat ]: No such file or directory
/Users/e35480/git/kn-yices2-2/tests/regress/mcsat/uf/incremental/ufnra_05.smt2 [ --incremental --mcsat ],esat-2007,0.004924,0,18,0,/Users/e35480/git/kn-yices2-2/tests/regress/mcsat/uf/incremental/ufnra_05.smt2 [ --incremental --mcsat ]: No such file or directory
/Users/e35480/git/kn-yices2-2/tests/regress/mcsat/uf/incremental/ufnra_05.smt2 [ --incremental --mcsat ],vanilla-yices2,0.005287,0,18,1,/Users/e35480/git/kn-yices2-2/tests/regress/mcsat/uf/incremental/ufnra_05.smt2 [ --incremental --mcsat ]: No such file or directory
/Users/e35480/git/kn-yices2-2/tests/regress/mcsat/uf/incremental/ufnra_06.smt2 [ --incremental --mcsat ],vanilla-yices2,0.005394,0,18,0,/Users/e35480/git/kn-yices2-2/tests/regress/mcsat/uf/incremental/ufnra_06.smt2 [ --incremental --mcsat ]: No such file or directory
/Users/e35480/git/kn-yices2-2/tests/regress/mcsat/uf/incremental/ufnra_06.smt2 [ --incremental --mcsat ],esat-2007,0.004784,0,18,1,/Users/e35480/git/kn-yices2-2/tests/regress/mcsat/uf/incremental/ufnra_06.smt2 [ --incremental --mcsat ]: No such file or directory
/Users/e35480/git/kn-yices2-2/tests/regress/mcsat/uf/PEQ012_size3.smt2,esat-2007,0.005267,0,19,0,mcsat is not supported: yices_smt2 was not compiled with mcsat support
/Users/e35480/git/kn-yices2-2/tests/regress/mcsat/uf/PEQ012_size3.smt2,vanilla-yices2,0.005274,0,19,1,mcsat is not supported: yices_smt2 was not compiled with mcsat support
/Users/e35480/git/kn-yices2-2/tests/regress/mcsat/uf/uf_00.smt2,vanilla-yices2,0.004846,0,19,0,mcsat is not supported: yices_smt2 was not compiled with mcsat support
/Users/e35480/git/kn-yices2-2/tests/regress/mcsat/uf/uf_00.smt2,esat-2007,0.005126,0,19,1,mcsat is not supported: yices_smt2 was not compiled with mcsat support
/Users/e35480/git/kn-yices2-2/tests/regress/mcsat/uf/uf_01.smt2,esat-2007,0.005771,0,19,0,mcsat is not supported: yices_smt2 was not compiled with mcsat support
/Users/e35480/git/kn-yices2-2/tests/regress/mcsat/uf/uf_01.smt2,vanilla-yices2,0.005787,0,19,1,mcsat is not supported: yices_smt2 was not compiled with mcsat support
/Users/e35480/git/kn-yices2-2/tests/regress/mcsat/uf/uf_02.smt2,vanilla-yices2,0.006040,0,19,0,mcsat is not supported: yices_smt2 was not compiled with mcsat support
/Users/e35480/git/kn-yices2-2/tests/regress/mcsat/uf/uf_02.smt2,esat-2007,0.004992,0,19,1,mcsat is not supported: yices_smt2 was not compiled with mcsat support
/Users/e35480/git/kn-yices2-2/tests/regress/mcsat/uf/uf_03.smt2,esat-2007,0.004824,0,19,0,mcsat is not supported: yices_smt2 was not compiled with mcsat support
/Users/e35480/git/kn-yices2-2/tests/regress/mcsat/uf/uf_03.smt2,vanilla-yices2,0.004952,0,19,1,mcsat is not supported: yices_smt2 was not compiled with mcsat support
/Users/e35480/git/kn-yices2-2/tests/regress/mcsat/uf/uf_04.smt2,vanilla-yices2,0.004661,0,19,0,mcsat is not supported: yices_smt2 was not compiled with mcsat support
/Users/e35480/git/kn-yices2-2/tests/regress/mcsat/uf/uf_04.smt2,esat-2007,0.004569,0,19,1,mcsat is not supported: yices_smt2 was not compiled with mcsat support
/Users/e35480/git/kn-yices2-2/tests/regress/mcsat/uf/uf_05.smt2 [ --mcsat ],esat-2007,0.004634,0,18,0,/Users/e35480/git/kn-yices2-2/tests/regress/mcsat/uf/uf_05.smt2 [ --mcsat ]: No such file or directory
/Users/e35480/git/kn-yices2-2/tests/regress/mcsat/uf/uf_05.smt2 [ --mcsat ],vanilla-yices2,0.004758,0,18,1,/Users/e35480/git/kn-yices2-2/tests/regress/mcsat/uf/uf_05.smt2 [ --mcsat ]: No such file or directory
/Users/e35480/git/kn-yices2-2/tests/regress/mcsat/uf/ufnra_00.smt2,vanilla-yices2,0.004907,0,0,0,"(error ""logic QF_UFNRA is not supported since yices was not built with mcsat support"")"
/Users/e35480/git/kn-yices2-2/tests/regress/mcsat/uf/ufnra_00.smt2,esat-2007,0.004885,0,0,1,"(error ""logic QF_UFNRA is not supported since yices was not built with mcsat support"")"
/Users/e35480/git/kn-yices2-2/tests/regress/mcsat/uf/ufnra_01.smt2,esat-2007,0.004942,0,0,0,"(error ""logic QF_UFNRA is not supported since yices was not built with mcsat support"")"
/Users/e35480/git/kn-yices2-2/tests/regress/mcsat/uf/ufnra_01.smt2,vanilla-yices2,0.004940,0,0,1,"(error ""logic QF_UFNRA is not supported since yices was not built with mcsat support"")"
/Users/e35480/git/kn-yices2-2/tests/regress/mcsat/uf/ufnra_02.smt2,vanilla-yices2,0.005093,0,0,0,"(error ""logic QF_UFNRA is not supported since yices was not built with mcsat support"")"
/Users/e35480/git/kn-yices2-2/tests/regress/mcsat/uf/ufnra_02.smt2,esat-2007,0.005847,0,0,1,"(error ""logic QF_UFNRA is not supported since yices was not built with mcsat support"")"
/Users/e35480/git/kn-yices2-2/tests/regress/mcsat/uf/ufnra_03.smt2,esat-2007,0.005271,0,0,0,"(error ""logic QF_UFNRA is not supported since yices was not built with mcsat support"")"
/Users/e35480/git/kn-yices2-2/tests/regress/mcsat/uf/ufnra_03.smt2,vanilla-yices2,0.005125,0,0,1,"(error ""logic QF_UFNRA is not supported since yices was not built with mcsat support"")"
/Users/e35480/git/kn-yices2-2/tests/regress/mcsat/uf/ufnra_04.smt2,vanilla-yices2,0.005462,0,0,0,"(error ""logic QF_UFNRA is not supported since yices was not built with mcsat support"")"
/Users/e35480/git/kn-yices2-2/tests/regress/mcsat/uf/ufnra_04.smt2,esat-2007,0.005396,0,0,1,"(error ""logic QF_UFNRA is not supported since yices was not built with mcsat support"")"
/Users/e35480/git/kn-yices2-2/tests/regress/mcsat/uf/ufnra_05.smt2,esat-2007,0.005135,0,0,0,"(error ""logic QF_UFNRA is not supported since yices was not built with mcsat support"")"
/Users/e35480/git/kn-yices2-2/tests/regress/mcsat/uf/ufnra_05.smt2,vanilla-yices2,0.005455,0,0,1,"(error ""logic QF_UFNRA is not supported since yices was not built with mcsat support"")"
/Users/e35480/git/kn-yices2-2/tests/regress/mcsat/uf/ufnra_06.smt2,vanilla-yices2,0.005741,0,0,0,"(error ""logic QF_UFNRA is not supported since yices was not built with mcsat support"")"
/Users/e35480/git/kn-yices2-2/tests/regress/mcsat/uf/ufnra_06.smt2,esat-2007,0.005494,0,0,1,"(error ""logic QF_UFNRA is not supported since yices was not built with mcsat support"")"
/Users/e35480/git/kn-yices2-2/tests/regress/mcsat/uf/z3.630166.smt2,esat-2007,0.005415,0,0,0,"(error ""logic QF_UFNRA is not supported since yices was not built with mcsat support"")"
/Users/e35480/git/kn-yices2-2/tests/regress/mcsat/uf/z3.630166.smt2,vanilla-yices2,0.005576,0,0,1,"(error ""logic QF_UFNRA is not supported since yices was not built with mcsat support"")"
/Users/e35480/git/kn-yices2-2/tests/regress/mcsat/uf/z3.631468.smt2,vanilla-yices2,0.005740,0,0,0,"(error ""logic QF_UFNRA is not supported since yices was not built with mcsat support"")"
/Users/e35480/git/kn-yices2-2/tests/regress/mcsat/uf/z3.631468.smt2,esat-2007,0.005742,0,0,1,"(error ""logic QF_UFNRA is not supported since yices was not built with mcsat support"")"
/Users/e35480/git/kn-yices2-2/tests/regress/mcsat/uf/z3.641736.smt2,esat-2007,0.005585,0,0,0,"(error ""logic QF_UFNRA is not supported since yices was not built with mcsat support"")"
/Users/e35480/git/kn-yices2-2/tests/regress/mcsat/uf/z3.641736.smt2,vanilla-yices2,0.005188,0,0,1,"(error ""logic QF_UFNRA is not supported since yices was not built with mcsat support"")"
/Users/e35480/git/kn-yices2-2/tests/regress/tptp/tptp_830326_ARI376=1.smt2,vanilla-yices2,0.005840,1,0,0,unsat
/Users/e35480/git/kn-yices2-2/tests/regress/tptp/tptp_830326_ARI376=1.smt2,esat-2007,0.005472,1,0,1,unsat
/Users/e35480/git/kn-yices2-2/tests/regress/tptp/tptp_830327_ARI369=1.smt2,esat-2007,0.005539,1,0,0,unsat
/Users/e35480/git/kn-yices2-2/tests/regress/tptp/tptp_830327_ARI369=1.smt2,vanilla-yices2,0.006082,1,0,1,unsat
/Users/e35480/git/kn-yices2-2/tests/regress/tptp/tptp_830328_ARI355=1.smt2,vanilla-yices2,0.005369,1,0,0,unsat
/Users/e35480/git/kn-yices2-2/tests/regress/tptp/tptp_830328_ARI355=1.smt2,esat-2007,0.005046,1,0,1,unsat
/Users/e35480/git/kn-yices2-2/tests/regress/tptp/tptp_830329_NUM914=1.smt2,esat-2007,0.005320,1,0,0,unsat
/Users/e35480/git/kn-yices2-2/tests/regress/tptp/tptp_830329_NUM914=1.smt2,vanilla-yices2,0.005030,1,0,1,unsat
/Users/e35480/git/kn-yices2-2/tests/regress/tptp/tptp_830330_NUM907=1.smt2,vanilla-yices2,0.005023,1,0,0,unsat
/Users/e35480/git/kn-yices2-2/tests/regress/tptp/tptp_830330_NUM907=1.smt2,esat-2007,0.005086,1,0,1,unsat
/Users/e35480/git/kn-yices2-2/tests/regress/tptp/tptp_830331_ARI389=1.smt2,esat-2007,0.004903,1,0,0,unsat
/Users/e35480/git/kn-yices2-2/tests/regress/tptp/tptp_830331_ARI389=1.smt2,vanilla-yices2,0.004772,1,0,1,unsat
/Users/e35480/git/kn-yices2-2/tests/regress/tptp/tptp_830332_ARI383=1.smt2,vanilla-yices2,0.005742,1,0,0,unsat
/Users/e35480/git/kn-yices2-2/tests/regress/tptp/tptp_830332_ARI383=1.smt2,esat-2007,0.004701,1,0,1,unsat
/Users/e35480/git/kn-yices2-2/tests/regress/tptp/tptp_830333_ARI398=1.smt2,esat-2007,0.005095,1,0,0,unsat
/Users/e35480/git/kn-yices2-2/tests/regress/tptp/tptp_830333_ARI398=1.smt2,vanilla-yices2,0.006495,1,0,1,unsat
/Users/e35480/git/kn-yices2-2/tests/regress/tptp/tptp_830334_ARI349=1.smt2,vanilla-yices2,0.005315,1,0,0,unsat
/Users/e35480/git/kn-yices2-2/tests/regress/tptp/tptp_830334_ARI349=1.smt2,esat-2007,0.005079,1,0,1,unsat
/Users/e35480/git/kn-yices2-2/tests/regress/tptp/tptp_830335_ARI362=1.smt2,esat-2007,0.004917,1,0,0,unsat
/Users/e35480/git/kn-yices2-2/tests/regress/tptp/tptp_830335_ARI362=1.smt2,vanilla-yices2,0.005088,1,0,1,unsat
/Users/e35480/git/kn-yices2-2/tests/regress/tptp/tptp_830336_ARI356=1.smt2,vanilla-yices2,0.004790,1,0,0,unsat
/Users/e35480/git/kn-yices2-2/tests/regress/tptp/tptp_830336_ARI356=1.smt2,esat-2007,0.005025,1,0,1,unsat
/Users/e35480/git/kn-yices2-2/tests/regress/tptp/tptp_830337_NUM910=1.smt2,esat-2007,0.004977,1,0,0,unsat
/Users/e35480/git/kn-yices2-2/tests/regress/tptp/tptp_830337_NUM910=1.smt2,vanilla-yices2,0.004654,1,0,1,unsat
/Users/e35480/git/kn-yices2-2/tests/regress/tptp/tptp_830338_ARI400=1.smt2,vanilla-yices2,0.004869,1,0,0,unsat
/Users/e35480/git/kn-yices2-2/tests/regress/tptp/tptp_830338_ARI400=1.smt2,esat-2007,0.004750,1,0,1,unsat
/Users/e35480/git/kn-yices2-2/tests/regress/tptp/tptp_830339_ARI370=1.smt2,esat-2007,0.004869,1,0,0,unsat
/Users/e35480/git/kn-yices2-2/tests/regress/tptp/tptp_830339_ARI370=1.smt2,vanilla-yices2,0.005170,1,0,1,unsat
/Users/e35480/git/kn-yices2-2/tests/regress/tptp/tptp_830340_ARI371=1.smt2,vanilla-yices2,0.005190,1,0,0,unsat
/Users/e35480/git/kn-yices2-2/tests/regress/tptp/tptp_830340_ARI371=1.smt2,esat-2007,0.004952,1,0,1,unsat
/Users/e35480/git/kn-yices2-2/tests/regress/tptp/tptp_830341_ARI361=1.smt2,esat-2007,0.004966,1,0,0,unsat
/Users/e35480/git/kn-yices2-2/tests/regress/tptp/tptp_830341_ARI361=1.smt2,vanilla-yices2,0.004972,1,0,1,unsat
/Users/e35480/git/kn-yices2-2/tests/regress/tptp/tptp_830342_ARI357=1.smt2,vanilla-yices2,0.005128,1,0,0,unsat
/Users/e35480/git/kn-yices2-2/tests/regress/tptp/tptp_830342_ARI357=1.smt2,esat-2007,0.004796,1,0,1,unsat
/Users/e35480/git/kn-yices2-2/tests/regress/tptp/tptp_830343_ARI396=1.smt2,esat-2007,0.004932,1,0,0,unsat
/Users/e35480/git/kn-yices2-2/tests/regress/tptp/tptp_830343_ARI396=1.smt2,vanilla-yices2,0.004836,1,0,1,unsat
/Users/e35480/git/kn-yices2-2/tests/regress/tptp/tptp_830344_ARI348=1.smt2,vanilla-yices2,0.004706,1,0,0,unsat
/Users/e35480/git/kn-yices2-2/tests/regress/tptp/tptp_830344_ARI348=1.smt2,esat-2007,0.005108,1,0,1,unsat
/Users/e35480/git/kn-yices2-2/tests/regress/tptp/tptp_830345_ARI397=1.smt2,esat-2007,0.004806,1,0,0,unsat
/Users/e35480/git/kn-yices2-2/tests/regress/tptp/tptp_830345_ARI397=1.smt2,vanilla-yices2,0.004764,1,0,1,unsat
/Users/e35480/git/kn-yices2-2/tests/regress/tptp/tptp_830346_ARI388=1.smt2,vanilla-yices2,0.005030,1,0,0,unsat
/Users/e35480/git/kn-yices2-2/tests/regress/tptp/tptp_830346_ARI388=1.smt2,esat-2007,0.005227,1,0,1,unsat
/Users/e35480/git/kn-yices2-2/tests/regress/tptp/tptp_830347_NUM903=1.smt2,esat-2007,0.005049,1,0,0,unsat
/Users/e35480/git/kn-yices2-2/tests/regress/tptp/tptp_830347_NUM903=1.smt2,vanilla-yices2,0.005095,1,0,1,unsat
/Users/e35480/git/kn-yices2-2/tests/regress/tptp/tptp_830348_ARI375=1.smt2,vanilla-yices2,0.005801,1,0,0,unsat
/Users/e35480/git/kn-yices2-2/tests/regress/tptp/tptp_830348_ARI375=1.smt2,esat-2007,0.005414,1,0,1,unsat
/Users/e35480/git/kn-yices2-2/tests/regress/tptp/tptp_830349_ARI384=1.smt2,esat-2007,0.005724,1,0,0,unsat
/Users/e35480/git/kn-yices2-2/tests/regress/tptp/tptp_830349_ARI384=1.smt2,vanilla-yices2,0.005963,1,0,1,unsat
/Users/e35480/git/kn-yices2-2/tests/regress/tptp/tptp_830350_ARI382=1.smt2,vanilla-yices2,0.005623,1,0,0,unsat
/Users/e35480/git/kn-yices2-2/tests/regress/tptp/tptp_830350_ARI382=1.smt2,esat-2007,0.005969,1,0,1,unsat
/Users/e35480/git/kn-yices2-2/tests/regress/wd/c6b_i.smt2,esat-2007,0.026530,1,0,0,unsat
/Users/e35480/git/kn-yices2-2/tests/regress/wd/c6b_i.smt2,vanilla-yices2,0.027213,1,0,1,unsat
/Users/e35480/git/kn-yices2-2/tests/regress/wd/c6b_succ_i.smt2,vanilla-yices2,0.021488,1,0,0,unsat
/Users/e35480/git/kn-yices2-2/tests/regress/wd/c6b_succ_i.smt2,esat-2007,0.020676,1,0,1,unsat
/Users/e35480/git/kn-yices2-2/tests/regress/wd/c6b_succ_i_unint.smt2,esat-2007,0.043254,1,0,0,unsat
/Users/e35480/git/kn-yices2-2/tests/regress/wd/c6b_succ_i_unint.smt2,vanilla-yices2,0.043729,1,0,1,unsat
/Users/e35480/git/kn-yices2-2/tests/regress/wd/cliffordwolf2.smt2 [ --incremental ],vanilla-yices2,0.005936,0,18,0,/Users/e35480/git/kn-yices2-2/tests/regress/wd/cliffordwolf2.smt2 [ --incremental ]: No such file or directory
/Users/e35480/git/kn-yices2-2/tests/regress/wd/cliffordwolf2.smt2 [ --incremental ],esat-2007,0.004897,0,18,1,/Users/e35480/git/kn-yices2-2/tests/regress/wd/cliffordwolf2.smt2 [ --incremental ]: No such file or directory
/Users/e35480/git/kn-yices2-2/tests/regress/wd/parser-bug-reduced.smt2,esat-2007,0.004872,0,18,0,/Users/e35480/git/kn-yices2-2/tests/regress/wd/parser-bug-reduced.smt2: No such file or directory
/Users/e35480/git/kn-yices2-2/tests/regress/wd/parser-bug-reduced.smt2,vanilla-yices2,0.004498,0,18,1,/Users/e35480/git/kn-yices2-2/tests/regress/wd/parser-bug-reduced.smt2: No such file or directory
/Users/e35480/git/kn-yices2-2/tests/regress/wd/prp-1-22.smt2,vanilla-yices2,0.005835,1,0,0,sat
/Users/e35480/git/kn-yices2-2/tests/regress/wd/prp-1-22.smt2,esat-2007,0.005834,1,0,1,sat
/Users/e35480/git/kn-yices2-2/tests/regress/wd/prp-1-31.smt2,esat-2007,0.007367,1,0,0,sat
/Users/e35480/git/kn-yices2-2/tests/regress/wd/prp-1-31.smt2,vanilla-yices2,0.007407,1,0,1,sat
/Users/e35480/git/kn-yices2-2/tests/regress/wd/prp-2-18.smt2,vanilla-yices2,0.008014,1,0,0,sat
/Users/e35480/git/kn-yices2-2/tests/regress/wd/prp-2-18.smt2,esat-2007,0.008293,1,0,1,sat
/Users/e35480/git/kn-yices2-2/tests/regress/wd/prp-24-47.smt2,esat-2007,0.164609,1,0,0,sat
/Users/e35480/git/kn-yices2-2/tests/regress/wd/prp-24-47.smt2,vanilla-yices2,0.113750,1,0,1,sat
/Users/e35480/git/kn-yices2-2/tests/regress/wd/prp-5-17.smt2,vanilla-yices2,0.008624,1,0,0,sat
/Users/e35480/git/kn-yices2-2/tests/regress/wd/prp-5-17.smt2,esat-2007,0.007388,1,0,1,sat
/Users/e35480/git/kn-yices2-2/tests/regress/wd/simple_startup_4nodes.abstract.base.smt2,esat-2007,0.007134,1,0,0,unsat
/Users/e35480/git/kn-yices2-2/tests/regress/wd/simple_startup_4nodes.abstract.base.smt2,vanilla-yices2,0.006360,1,0,1,unsat
/Users/e35480/git/kn-yices2-2/tests/regress/wd/simple_startup_4nodes.abstract.induct.smt2,vanilla-yices2,0.235972,1,0,0,unsat
/Users/e35480/git/kn-yices2-2/tests/regress/wd/simple_startup_4nodes.abstract.induct.smt2,esat-2007,0.267829,1,0,1,unsat
/Users/e35480/git/kn-yices2-2/tests/regress/wd/simple_startup_4nodes.bug.induct.smt2,esat-2007,0.012624,1,0,0,sat
/Users/e35480/git/kn-yices2-2/tests/regress/wd/simple_startup_4nodes.bug.induct.smt2,vanilla-yices2,0.019254,1,0,1,sat
/Users/e35480/git/kn-yices2-2/tests/regress/wd/simple_startup_4nodes.missing.induct.smt2,vanilla-yices2,0.015970,1,0,0,sat
/Users/e35480/git/kn-yices2-2/tests/regress/wd/simple_startup_4nodes.missing.induct.smt2,esat-2007,0.014016,1,0,1,sat
/Users/e35480/git/kn-yices2-2/tests/regress/wd/simple_startup_4nodes.synchro.base.smt2,esat-2007,0.007356,1,0,0,unsat
/Users/e35480/git/kn-yices2-2/tests/regress/wd/simple_startup_4nodes.synchro.base.smt2,vanilla-yices2,0.006668,1,0,1,unsat
/Users/e35480/git/kn-yices2-2/tests/regress/wd/simple_startup_4nodes.synchro.induct.smt2,vanilla-yices2,0.008620,1,0,0,unsat
/Users/e35480/git/kn-yices2-2/tests/regress/wd/simple_startup_4nodes.synchro.induct.smt2,esat-2007,0.010212,1,0,1,unsat
