Benchmarking 938 SMT2 benchmarks
[1/938] /Users/e35480/git/kn-yices2-2/tests/regress/bv/stanek.smt2
  esat-2007: 0.0069s PASS
  vanilla-yices2: 0.0054s PASS
[2/938] /Users/e35480/git/kn-yices2-2/tests/regress/coverage/random/QF_AUFBV/03267bc0.smt2
  vanilla-yices2: 0.0058s PASS
  esat-2007: 0.0053s PASS
[3/938] /Users/e35480/git/kn-yices2-2/tests/regress/coverage/random/QF_AUFBV/0c1da194.smt2
  esat-2007: 0.0061s PASS
  vanilla-yices2: 0.0058s PASS
[4/938] /Users/e35480/git/kn-yices2-2/tests/regress/coverage/random/QF_AUFBV/0d3e9e08.smt2
  vanilla-yices2: 0.0067s PASS
  esat-2007: 0.0067s PASS
[5/938] /Users/e35480/git/kn-yices2-2/tests/regress/coverage/random/QF_AUFBV/0deb358e.smt2
  esat-2007: 0.0053s PASS
  vanilla-yices2: 0.0050s PASS
[6/938] /Users/e35480/git/kn-yices2-2/tests/regress/coverage/random/QF_AUFBV/0e4fd0ab.smt2
  vanilla-yices2: 0.0054s PASS
  esat-2007: 0.0066s PASS
[7/938] /Users/e35480/git/kn-yices2-2/tests/regress/coverage/random/QF_AUFBV/0f7adf1b.smt2
  esat-2007: 0.0062s PASS
  vanilla-yices2: 0.0056s PASS
[8/938] /Users/e35480/git/kn-yices2-2/tests/regress/coverage/random/QF_AUFBV/172f87c4.smt2
  vanilla-yices2: 0.0059s PASS
  esat-2007: 0.0059s PASS
[9/938] /Users/e35480/git/kn-yices2-2/tests/regress/coverage/random/QF_AUFBV/1749e158.smt2
  esat-2007: 0.0088s PASS
  vanilla-yices2: 0.0089s PASS
[10/938] /Users/e35480/git/kn-yices2-2/tests/regress/coverage/random/QF_AUFBV/1a53f5d8.smt2
  vanilla-yices2: 0.0067s PASS
  esat-2007: 0.0065s PASS
[11/938] /Users/e35480/git/kn-yices2-2/tests/regress/coverage/random/QF_AUFBV/1bf8253b.smt2
  esat-2007: 0.0065s PASS
  vanilla-yices2: 0.0071s PASS
[12/938] /Users/e35480/git/kn-yices2-2/tests/regress/coverage/random/QF_AUFBV/1ff1f7d4.smt2
  vanilla-yices2: 0.0062s PASS
  esat-2007: 0.0056s PASS
[13/938] /Users/e35480/git/kn-yices2-2/tests/regress/coverage/random/QF_AUFBV/22770ca2.smt2
  esat-2007: 0.0111s PASS
  vanilla-yices2: 0.0117s PASS
[14/938] /Users/e35480/git/kn-yices2-2/tests/regress/coverage/random/QF_AUFBV/2668e3c6.smt2
  vanilla-yices2: 0.0343s PASS
  esat-2007: 0.0304s PASS
[15/938] /Users/e35480/git/kn-yices2-2/tests/regress/coverage/random/QF_AUFBV/270b8368.smt2
  esat-2007: 0.0074s PASS
  vanilla-yices2: 0.0060s PASS
[16/938] /Users/e35480/git/kn-yices2-2/tests/regress/coverage/random/QF_AUFBV/2ab0e766.smt2
  vanilla-yices2: 0.0059s PASS
  esat-2007: 0.0050s PASS
[17/938] /Users/e35480/git/kn-yices2-2/tests/regress/coverage/random/QF_AUFBV/2c76de8a.smt2
  esat-2007: 0.0074s PASS
  vanilla-yices2: 0.0074s PASS
[18/938] /Users/e35480/git/kn-yices2-2/tests/regress/coverage/random/QF_AUFBV/2e866d45.smt2
  vanilla-yices2: 0.0063s PASS
  esat-2007: 0.0055s PASS
[19/938] /Users/e35480/git/kn-yices2-2/tests/regress/coverage/random/QF_AUFBV/32954475.smt2
  esat-2007: 0.0068s PASS
  vanilla-yices2: 0.0067s PASS
[20/938] /Users/e35480/git/kn-yices2-2/tests/regress/coverage/random/QF_AUFBV/37357a34.smt2
  vanilla-yices2: 0.0066s PASS
  esat-2007: 0.0053s PASS
[21/938] /Users/e35480/git/kn-yices2-2/tests/regress/coverage/random/QF_AUFBV/39328554.smt2
  esat-2007: 0.0063s PASS
  vanilla-yices2: 0.0061s PASS
[22/938] /Users/e35480/git/kn-yices2-2/tests/regress/coverage/random/QF_AUFBV/3eae32b4.smt2
  vanilla-yices2: 0.0070s PASS
  esat-2007: 0.0061s PASS
[23/938] /Users/e35480/git/kn-yices2-2/tests/regress/coverage/random/QF_AUFBV/41594ca5.smt2
  esat-2007: 0.0088s PASS
  vanilla-yices2: 0.0092s PASS
[24/938] /Users/e35480/git/kn-yices2-2/tests/regress/coverage/random/QF_AUFBV/43176631.smt2
  vanilla-yices2: 0.0067s PASS
  esat-2007: 0.0067s PASS
[25/938] /Users/e35480/git/kn-yices2-2/tests/regress/coverage/random/QF_AUFBV/49f9b014.smt2
  esat-2007: 0.0062s PASS
  vanilla-yices2: 0.0066s PASS
[26/938] /Users/e35480/git/kn-yices2-2/tests/regress/coverage/random/QF_AUFBV/4b81b738.smt2
  vanilla-yices2: 0.0058s PASS
  esat-2007: 0.0061s PASS
[27/938] /Users/e35480/git/kn-yices2-2/tests/regress/coverage/random/QF_AUFBV/5170b14e.smt2
  esat-2007: 0.0066s PASS
  vanilla-yices2: 0.0055s PASS
[28/938] /Users/e35480/git/kn-yices2-2/tests/regress/coverage/random/QF_AUFBV/52a258ec.smt2
  vanilla-yices2: 0.0052s PASS
  esat-2007: 0.0052s PASS
[29/938] /Users/e35480/git/kn-yices2-2/tests/regress/coverage/random/QF_AUFBV/53dcff33.smt2
  esat-2007: 0.0051s PASS
  vanilla-yices2: 0.0053s PASS
[30/938] /Users/e35480/git/kn-yices2-2/tests/regress/coverage/random/QF_AUFBV/57777460.smt2
  vanilla-yices2: 0.0052s PASS
  esat-2007: 0.0052s PASS
[31/938] /Users/e35480/git/kn-yices2-2/tests/regress/coverage/random/QF_AUFBV/586bb135.smt2
  esat-2007: 0.0071s PASS
  vanilla-yices2: 0.0061s PASS
[32/938] /Users/e35480/git/kn-yices2-2/tests/regress/coverage/random/QF_AUFBV/5ae9e4e7.smt2
  vanilla-yices2: 0.0103s PASS
  esat-2007: 0.0104s PASS
[33/938] /Users/e35480/git/kn-yices2-2/tests/regress/coverage/random/QF_AUFBV/5d64bc1d.smt2
  esat-2007: 0.0059s PASS
  vanilla-yices2: 0.0058s PASS
[34/938] /Users/e35480/git/kn-yices2-2/tests/regress/coverage/random/QF_AUFBV/5f09e565.smt2
  vanilla-yices2: 0.0058s PASS
  esat-2007: 0.0060s PASS
[35/938] /Users/e35480/git/kn-yices2-2/tests/regress/coverage/random/QF_AUFBV/63888d14.smt2
  esat-2007: 0.0073s PASS
  vanilla-yices2: 0.0079s PASS
[36/938] /Users/e35480/git/kn-yices2-2/tests/regress/coverage/random/QF_AUFBV/63ec7fc8.smt2
  vanilla-yices2: 0.0092s PASS
  esat-2007: 0.0090s PASS
[37/938] /Users/e35480/git/kn-yices2-2/tests/regress/coverage/random/QF_AUFBV/654c97b0.smt2
  esat-2007: 0.0062s PASS
  vanilla-yices2: 0.0058s PASS
[38/938] /Users/e35480/git/kn-yices2-2/tests/regress/coverage/random/QF_AUFBV/6cd39892.smt2
  vanilla-yices2: 0.0077s PASS
  esat-2007: 0.0086s PASS
[39/938] /Users/e35480/git/kn-yices2-2/tests/regress/coverage/random/QF_AUFBV/7abd0745.smt2
  esat-2007: 0.0085s PASS
  vanilla-yices2: 0.0082s PASS
[40/938] /Users/e35480/git/kn-yices2-2/tests/regress/coverage/random/QF_AUFBV/80b4dce0.smt2
  vanilla-yices2: 0.2095s PASS
  esat-2007: 0.2101s PASS
[41/938] /Users/e35480/git/kn-yices2-2/tests/regress/coverage/random/QF_AUFBV/80ea6f10.smt2
  esat-2007: 0.0083s PASS
  vanilla-yices2: 0.0067s PASS
[42/938] /Users/e35480/git/kn-yices2-2/tests/regress/coverage/random/QF_AUFBV/858a9264.smt2
  vanilla-yices2: 0.0062s PASS
  esat-2007: 0.0064s PASS
[43/938] /Users/e35480/git/kn-yices2-2/tests/regress/coverage/random/QF_AUFBV/86314fa8.smt2
  esat-2007: 0.0071s PASS
  vanilla-yices2: 0.0070s PASS
[44/938] /Users/e35480/git/kn-yices2-2/tests/regress/coverage/random/QF_AUFBV/8feebc9e.smt2
  vanilla-yices2: 0.0069s PASS
  esat-2007: 0.0061s PASS
[45/938] /Users/e35480/git/kn-yices2-2/tests/regress/coverage/random/QF_AUFBV/933b4450.smt2
  esat-2007: 0.0107s PASS
  vanilla-yices2: 0.0104s PASS
[46/938] /Users/e35480/git/kn-yices2-2/tests/regress/coverage/random/QF_AUFBV/97511fe8.smt2
  vanilla-yices2: 0.0803s PASS
  esat-2007: 0.0786s PASS
[47/938] /Users/e35480/git/kn-yices2-2/tests/regress/coverage/random/QF_AUFBV/99aee03a.smt2
  esat-2007: 0.0076s PASS
  vanilla-yices2: 0.0063s PASS
[48/938] /Users/e35480/git/kn-yices2-2/tests/regress/coverage/random/QF_AUFBV/9df64187.smt2
  vanilla-yices2: 0.0060s PASS
  esat-2007: 0.0056s PASS
[49/938] /Users/e35480/git/kn-yices2-2/tests/regress/coverage/random/QF_AUFBV/9e0c46a1.smt2
  esat-2007: 0.0059s PASS
  vanilla-yices2: 0.0063s PASS
[50/938] /Users/e35480/git/kn-yices2-2/tests/regress/coverage/random/QF_AUFBV/a0a3239c.smt2
  vanilla-yices2: 0.0126s PASS
  esat-2007: 0.0134s PASS
[51/938] /Users/e35480/git/kn-yices2-2/tests/regress/coverage/random/QF_AUFBV/a2a02554.smt2
  esat-2007: 0.0069s PASS
  vanilla-yices2: 0.0051s PASS
[52/938] /Users/e35480/git/kn-yices2-2/tests/regress/coverage/random/QF_AUFBV/a622f772.smt2
  vanilla-yices2: 0.0063s PASS
  esat-2007: 0.0066s PASS
[53/938] /Users/e35480/git/kn-yices2-2/tests/regress/coverage/random/QF_AUFBV/a72f1c1c.smt2
  esat-2007: 0.0088s PASS
  vanilla-yices2: 0.0079s PASS
[54/938] /Users/e35480/git/kn-yices2-2/tests/regress/coverage/random/QF_AUFBV/aaa43879.smt2
  vanilla-yices2: 0.0065s PASS
  esat-2007: 0.0061s PASS
[55/938] /Users/e35480/git/kn-yices2-2/tests/regress/coverage/random/QF_AUFBV/ac344b01.smt2
  esat-2007: 0.0055s PASS
  vanilla-yices2: 0.0054s PASS
[56/938] /Users/e35480/git/kn-yices2-2/tests/regress/coverage/random/QF_AUFBV/b19c8789.smt2
  vanilla-yices2: 0.0063s PASS
  esat-2007: 0.0062s PASS
[57/938] /Users/e35480/git/kn-yices2-2/tests/regress/coverage/random/QF_AUFBV/b52823cd.smt2
  esat-2007: 0.0080s PASS
  vanilla-yices2: 0.0093s PASS
[58/938] /Users/e35480/git/kn-yices2-2/tests/regress/coverage/random/QF_AUFBV/b8607b9b.smt2
  vanilla-yices2: 0.0057s PASS
  esat-2007: 0.0062s PASS
[59/938] /Users/e35480/git/kn-yices2-2/tests/regress/coverage/random/QF_AUFBV/b863aad0.smt2
  esat-2007: 0.0061s PASS
  vanilla-yices2: 0.0055s PASS
[60/938] /Users/e35480/git/kn-yices2-2/tests/regress/coverage/random/QF_AUFBV/bb0991e9.smt2
  vanilla-yices2: 0.0105s PASS
  esat-2007: 0.0107s PASS
[61/938] /Users/e35480/git/kn-yices2-2/tests/regress/coverage/random/QF_AUFBV/bd5e390f.smt2
  esat-2007: 0.0435s PASS
  vanilla-yices2: 0.0428s PASS
[62/938] /Users/e35480/git/kn-yices2-2/tests/regress/coverage/random/QF_AUFBV/bfa29135.smt2
  vanilla-yices2: 0.0085s PASS
  esat-2007: 0.0067s PASS
[63/938] /Users/e35480/git/kn-yices2-2/tests/regress/coverage/random/QF_AUFBV/c1b83541.smt2
  esat-2007: 0.0085s PASS
  vanilla-yices2: 0.0077s PASS
[64/938] /Users/e35480/git/kn-yices2-2/tests/regress/coverage/random/QF_AUFBV/c3bc73cc.smt2
  vanilla-yices2: 0.0080s PASS
  esat-2007: 0.0076s PASS
[65/938] /Users/e35480/git/kn-yices2-2/tests/regress/coverage/random/QF_AUFBV/c41c02ed.smt2
  esat-2007: 0.0062s PASS
  vanilla-yices2: 0.0061s PASS
[66/938] /Users/e35480/git/kn-yices2-2/tests/regress/coverage/random/QF_AUFBV/c6211e84.smt2
  vanilla-yices2: 0.0081s PASS
  esat-2007: 0.0090s PASS
[67/938] /Users/e35480/git/kn-yices2-2/tests/regress/coverage/random/QF_AUFBV/c7c49023.smt2
  esat-2007: 0.0048s PASS
  vanilla-yices2: 0.0054s PASS
[68/938] /Users/e35480/git/kn-yices2-2/tests/regress/coverage/random/QF_AUFBV/c86e535a.smt2
  vanilla-yices2: 0.0065s PASS
  esat-2007: 0.0082s PASS
[69/938] /Users/e35480/git/kn-yices2-2/tests/regress/coverage/random/QF_AUFBV/d1a8114f.smt2
  esat-2007: 0.0077s PASS
  vanilla-yices2: 0.0082s PASS
[70/938] /Users/e35480/git/kn-yices2-2/tests/regress/coverage/random/QF_AUFBV/d3afe5ec.smt2
  vanilla-yices2: 0.0085s PASS
  esat-2007: 0.0064s PASS
[71/938] /Users/e35480/git/kn-yices2-2/tests/regress/coverage/random/QF_AUFBV/d461c286.smt2
  esat-2007: 0.0068s PASS
  vanilla-yices2: 0.0074s PASS
[72/938] /Users/e35480/git/kn-yices2-2/tests/regress/coverage/random/QF_AUFBV/d4bbb265.smt2
  vanilla-yices2: 0.0765s PASS
  esat-2007: 0.0798s PASS
[73/938] /Users/e35480/git/kn-yices2-2/tests/regress/coverage/random/QF_AUFBV/d5e688e7.smt2
  esat-2007: 0.0080s PASS
  vanilla-yices2: 0.0085s PASS
[74/938] /Users/e35480/git/kn-yices2-2/tests/regress/coverage/random/QF_AUFBV/d6c91c1f.smt2
  vanilla-yices2: 0.0068s PASS
  esat-2007: 0.0075s PASS
[75/938] /Users/e35480/git/kn-yices2-2/tests/regress/coverage/random/QF_AUFBV/d7570b15.smt2
  esat-2007: 0.1184s PASS
  vanilla-yices2: 0.1202s PASS
[76/938] /Users/e35480/git/kn-yices2-2/tests/regress/coverage/random/QF_AUFBV/d93370a7.smt2
  vanilla-yices2: 0.0065s PASS
  esat-2007: 0.0063s PASS
[77/938] /Users/e35480/git/kn-yices2-2/tests/regress/coverage/random/QF_AUFBV/da2ad2d3.smt2
  esat-2007: 0.0063s PASS
  vanilla-yices2: 0.0062s PASS
[78/938] /Users/e35480/git/kn-yices2-2/tests/regress/coverage/random/QF_AUFBV/e312f743.smt2
  vanilla-yices2: 0.0053s PASS
  esat-2007: 0.0052s PASS
[79/938] /Users/e35480/git/kn-yices2-2/tests/regress/coverage/random/QF_AUFBV/e85350b1.smt2
  esat-2007: 0.0059s PASS
  vanilla-yices2: 0.0061s PASS
[80/938] /Users/e35480/git/kn-yices2-2/tests/regress/coverage/random/QF_AUFBV/e89af5dc.smt2
  vanilla-yices2: 0.0077s PASS
  esat-2007: 0.0096s PASS
[81/938] /Users/e35480/git/kn-yices2-2/tests/regress/coverage/random/QF_AUFBV/eada58c7.smt2
  esat-2007: 0.0465s PASS
  vanilla-yices2: 0.0495s PASS
[82/938] /Users/e35480/git/kn-yices2-2/tests/regress/coverage/random/QF_AUFBV/ebcb7234.smt2
  vanilla-yices2: 0.0087s PASS
  esat-2007: 0.0079s PASS
[83/938] /Users/e35480/git/kn-yices2-2/tests/regress/coverage/random/QF_AUFBV/ec99dd8c.smt2
  esat-2007: 0.0070s PASS
  vanilla-yices2: 0.0068s PASS
[84/938] /Users/e35480/git/kn-yices2-2/tests/regress/coverage/random/QF_AUFBV/f5dcb284.smt2
  vanilla-yices2: 0.0078s PASS
  esat-2007: 0.0082s PASS
[85/938] /Users/e35480/git/kn-yices2-2/tests/regress/coverage/random/QF_AUFBV/ffac3a97.smt2
  esat-2007: 0.0064s PASS
  vanilla-yices2: 0.0060s PASS
[86/938] /Users/e35480/git/kn-yices2-2/tests/regress/coverage/random/QF_AUFBV/ffe57986.smt2
  vanilla-yices2: 0.0111s PASS
  esat-2007: 0.0105s PASS
[87/938] /Users/e35480/git/kn-yices2-2/tests/regress/coverage/random/QF_AUFLIA/046e3bb4.smt2
  esat-2007: 0.2440s PASS
  vanilla-yices2: 0.2432s PASS
[88/938] /Users/e35480/git/kn-yices2-2/tests/regress/coverage/random/QF_AUFLIA/0a6522a7.smt2
  vanilla-yices2: 0.0168s PASS
  esat-2007: 0.0136s PASS
[89/938] /Users/e35480/git/kn-yices2-2/tests/regress/coverage/random/QF_AUFLIA/17b567f5.smt2
  esat-2007: 0.0226s PASS
  vanilla-yices2: 0.0258s PASS
[90/938] /Users/e35480/git/kn-yices2-2/tests/regress/coverage/random/QF_AUFLIA/21ad7827.smt2
  vanilla-yices2: 0.0132s PASS
  esat-2007: 0.0110s PASS
[91/938] /Users/e35480/git/kn-yices2-2/tests/regress/coverage/random/QF_AUFLIA/2328a12f.smt2
  esat-2007: 0.0087s PASS
  vanilla-yices2: 0.0082s PASS
[92/938] /Users/e35480/git/kn-yices2-2/tests/regress/coverage/random/QF_AUFLIA/303b3ac9.smt2
  vanilla-yices2: 0.0167s PASS
  esat-2007: 0.0168s PASS
[93/938] /Users/e35480/git/kn-yices2-2/tests/regress/coverage/random/QF_AUFLIA/3354a931.smt2
  esat-2007: 0.0087s PASS
  vanilla-yices2: 0.0060s PASS
[94/938] /Users/e35480/git/kn-yices2-2/tests/regress/coverage/random/QF_AUFLIA/3ddb3130.smt2
  vanilla-yices2: 0.0107s PASS
  esat-2007: 0.0109s PASS
[95/938] /Users/e35480/git/kn-yices2-2/tests/regress/coverage/random/QF_AUFLIA/521b0803.smt2
  esat-2007: 0.0195s PASS
  vanilla-yices2: 0.0193s PASS
[96/938] /Users/e35480/git/kn-yices2-2/tests/regress/coverage/random/QF_AUFLIA/58720a10.smt2
  vanilla-yices2: 0.0081s PASS
  esat-2007: 0.0066s PASS
[97/938] /Users/e35480/git/kn-yices2-2/tests/regress/coverage/random/QF_AUFLIA/67802798.smt2
  esat-2007: 0.0081s PASS
  vanilla-yices2: 0.0081s PASS
[98/938] /Users/e35480/git/kn-yices2-2/tests/regress/coverage/random/QF_AUFLIA/6affd61f.smt2
  vanilla-yices2: 0.0143s PASS
  esat-2007: 0.0136s PASS
[99/938] /Users/e35480/git/kn-yices2-2/tests/regress/coverage/random/QF_AUFLIA/75834956.smt2
  esat-2007: 0.0061s PASS
  vanilla-yices2: 0.0503s PASS
[100/938] /Users/e35480/git/kn-yices2-2/tests/regress/coverage/random/QF_AUFLIA/89ba99c1.smt2
  vanilla-yices2: 0.0066s PASS
  esat-2007: 0.0056s PASS
[101/938] /Users/e35480/git/kn-yices2-2/tests/regress/coverage/random/QF_AUFLIA/8b993975.smt2
  esat-2007: 0.0076s PASS
  vanilla-yices2: 0.0093s PASS
[102/938] /Users/e35480/git/kn-yices2-2/tests/regress/coverage/random/QF_AUFLIA/8d791671.smt2
  vanilla-yices2: 0.0164s PASS
  esat-2007: 0.0065s PASS
[103/938] /Users/e35480/git/kn-yices2-2/tests/regress/coverage/random/QF_AUFLIA/960668fb.smt2
  esat-2007: 0.0088s PASS
  vanilla-yices2: 0.0087s PASS
[104/938] /Users/e35480/git/kn-yices2-2/tests/regress/coverage/random/QF_AUFLIA/a502aa90.smt2
  vanilla-yices2: 0.0055s PASS
  esat-2007: 0.0060s PASS
[105/938] /Users/e35480/git/kn-yices2-2/tests/regress/coverage/random/QF_AUFLIA/ac906f47.smt2
  esat-2007: 0.0618s PASS
  vanilla-yices2: 0.0625s PASS
[106/938] /Users/e35480/git/kn-yices2-2/tests/regress/coverage/random/QF_AUFLIA/ad0f28d2.smt2
  vanilla-yices2: 0.0105s PASS
  esat-2007: 0.0108s PASS
[107/938] /Users/e35480/git/kn-yices2-2/tests/regress/coverage/random/QF_AUFLIA/ba5143e3.smt2
  esat-2007: 0.2894s PASS
  vanilla-yices2: 0.2981s PASS
[108/938] /Users/e35480/git/kn-yices2-2/tests/regress/coverage/random/QF_AUFLIA/c74aefb7.smt2
  vanilla-yices2: 0.0089s PASS
  esat-2007: 0.0092s PASS
[109/938] /Users/e35480/git/kn-yices2-2/tests/regress/coverage/random/QF_AUFLIA/dca3b154.smt2
  esat-2007: 0.0113s PASS
  vanilla-yices2: 0.0108s PASS
[110/938] /Users/e35480/git/kn-yices2-2/tests/regress/coverage/random/QF_AUFLIA/ed9186b0.smt2
  vanilla-yices2: 0.0198s PASS
  esat-2007: 0.0197s PASS
[111/938] /Users/e35480/git/kn-yices2-2/tests/regress/coverage/random/QF_AUFLIA/edeb11da.smt2
  esat-2007: 0.0106s PASS
  vanilla-yices2: 0.0092s PASS
[112/938] /Users/e35480/git/kn-yices2-2/tests/regress/coverage/random/QF_AUFLIA/f31e4fe7.smt2
  vanilla-yices2: 0.0150s PASS
  esat-2007: 0.0140s PASS
[113/938] /Users/e35480/git/kn-yices2-2/tests/regress/coverage/random/QF_BV/003b74b7.smt2
  esat-2007: 0.3610s PASS
  vanilla-yices2: 0.3678s PASS
[114/938] /Users/e35480/git/kn-yices2-2/tests/regress/coverage/random/QF_BV/0045be1d.smt2
  vanilla-yices2: 0.0065s PASS
  esat-2007: 0.0057s PASS
[115/938] /Users/e35480/git/kn-yices2-2/tests/regress/coverage/random/QF_BV/023ce693.smt2
  esat-2007: 0.0065s PASS
  vanilla-yices2: 0.0060s PASS
[116/938] /Users/e35480/git/kn-yices2-2/tests/regress/coverage/random/QF_BV/038ef701.smt2
  vanilla-yices2: 0.0097s PASS
  esat-2007: 0.0090s PASS
[117/938] /Users/e35480/git/kn-yices2-2/tests/regress/coverage/random/QF_BV/0561eff2.smt2
  esat-2007: 0.0064s PASS
  vanilla-yices2: 0.0056s PASS
[118/938] /Users/e35480/git/kn-yices2-2/tests/regress/coverage/random/QF_BV/05cd27ff.smt2
  vanilla-yices2: 0.0077s PASS
  esat-2007: 0.0075s PASS
[119/938] /Users/e35480/git/kn-yices2-2/tests/regress/coverage/random/QF_BV/131df763.smt2
  esat-2007: 0.0053s PASS
  vanilla-yices2: 0.0055s PASS
[120/938] /Users/e35480/git/kn-yices2-2/tests/regress/coverage/random/QF_BV/138cd124.smt2
  vanilla-yices2: 0.0071s PASS
  esat-2007: 0.0067s PASS
[121/938] /Users/e35480/git/kn-yices2-2/tests/regress/coverage/random/QF_BV/151b32d2.smt2
  esat-2007: 0.0055s PASS
  vanilla-yices2: 0.0053s PASS
[122/938] /Users/e35480/git/kn-yices2-2/tests/regress/coverage/random/QF_BV/1e5e4c23.smt2
  vanilla-yices2: 0.0104s PASS
  esat-2007: 0.0094s PASS
[123/938] /Users/e35480/git/kn-yices2-2/tests/regress/coverage/random/QF_BV/2684cd0d.smt2
  esat-2007: 0.0051s PASS
  vanilla-yices2: 0.0061s PASS
[124/938] /Users/e35480/git/kn-yices2-2/tests/regress/coverage/random/QF_BV/2e56bb9d.smt2
  vanilla-yices2: 0.0048s PASS
  esat-2007: 0.0057s PASS
[125/938] /Users/e35480/git/kn-yices2-2/tests/regress/coverage/random/QF_BV/31187ae5.smt2
  esat-2007: 0.0060s PASS
  vanilla-yices2: 0.0074s PASS
[126/938] /Users/e35480/git/kn-yices2-2/tests/regress/coverage/random/QF_BV/3b10377d.smt2
  vanilla-yices2: 0.0119s PASS
  esat-2007: 0.0107s PASS
[127/938] /Users/e35480/git/kn-yices2-2/tests/regress/coverage/random/QF_BV/3cac4b03.smt2
  esat-2007: 0.0061s PASS
  vanilla-yices2: 0.0054s PASS
[128/938] /Users/e35480/git/kn-yices2-2/tests/regress/coverage/random/QF_BV/4268985f.smt2
  vanilla-yices2: 0.0054s PASS
  esat-2007: 0.0053s PASS
[129/938] /Users/e35480/git/kn-yices2-2/tests/regress/coverage/random/QF_BV/498202d5.smt2
  esat-2007: 0.0384s PASS
  vanilla-yices2: 0.0369s PASS
[130/938] /Users/e35480/git/kn-yices2-2/tests/regress/coverage/random/QF_BV/4f7dc4de.smt2
  vanilla-yices2: 0.0733s PASS
  esat-2007: 0.0722s PASS
[131/938] /Users/e35480/git/kn-yices2-2/tests/regress/coverage/random/QF_BV/54d3ba76.smt2
  esat-2007: 0.0085s PASS
  vanilla-yices2: 0.0067s PASS
[132/938] /Users/e35480/git/kn-yices2-2/tests/regress/coverage/random/QF_BV/550bbc63.smt2
  vanilla-yices2: 0.0059s PASS
  esat-2007: 0.0063s PASS
[133/938] /Users/e35480/git/kn-yices2-2/tests/regress/coverage/random/QF_BV/57445929.smt2
  esat-2007: 0.0053s PASS
  vanilla-yices2: 0.0058s PASS
[134/938] /Users/e35480/git/kn-yices2-2/tests/regress/coverage/random/QF_BV/6a16b42b.smt2
  vanilla-yices2: 0.0366s PASS
  esat-2007: 0.0362s PASS
[135/938] /Users/e35480/git/kn-yices2-2/tests/regress/coverage/random/QF_BV/6cafe1e1.smt2
  esat-2007: 0.0054s PASS
  vanilla-yices2: 0.0051s PASS
[136/938] /Users/e35480/git/kn-yices2-2/tests/regress/coverage/random/QF_BV/6df00913.smt2
  vanilla-yices2: 0.0075s PASS
  esat-2007: 0.0057s PASS
[137/938] /Users/e35480/git/kn-yices2-2/tests/regress/coverage/random/QF_BV/729f8e74.smt2
  esat-2007: 0.0054s PASS
  vanilla-yices2: 0.0066s PASS
[138/938] /Users/e35480/git/kn-yices2-2/tests/regress/coverage/random/QF_BV/73afa00a.smt2
  vanilla-yices2: 0.0049s PASS
  esat-2007: 0.0049s PASS
[139/938] /Users/e35480/git/kn-yices2-2/tests/regress/coverage/random/QF_BV/773dda52.smt2
  esat-2007: 0.0112s PASS
  vanilla-yices2: 0.0121s PASS
[140/938] /Users/e35480/git/kn-yices2-2/tests/regress/coverage/random/QF_BV/7b6e4602.smt2
  vanilla-yices2: 0.0061s PASS
  esat-2007: 0.0064s PASS
[141/938] /Users/e35480/git/kn-yices2-2/tests/regress/coverage/random/QF_BV/7ddcd554.smt2
  esat-2007: 0.0074s PASS
  vanilla-yices2: 0.0073s PASS
[142/938] /Users/e35480/git/kn-yices2-2/tests/regress/coverage/random/QF_BV/7f09a670.smt2
  vanilla-yices2: 0.0058s PASS
  esat-2007: 0.0060s PASS
[143/938] /Users/e35480/git/kn-yices2-2/tests/regress/coverage/random/QF_BV/873a1dbe.smt2
  esat-2007: 0.0064s PASS
  vanilla-yices2: 0.0053s PASS
[144/938] /Users/e35480/git/kn-yices2-2/tests/regress/coverage/random/QF_BV/8ad5b59b.smt2
  vanilla-yices2: 0.0069s PASS
  esat-2007: 0.0073s PASS
[145/938] /Users/e35480/git/kn-yices2-2/tests/regress/coverage/random/QF_BV/9753e26e.smt2
  esat-2007: 0.0057s PASS
  vanilla-yices2: 0.0056s PASS
[146/938] /Users/e35480/git/kn-yices2-2/tests/regress/coverage/random/QF_BV/97bcf334.smt2
  vanilla-yices2: 0.0054s PASS
  esat-2007: 0.0054s PASS
[147/938] /Users/e35480/git/kn-yices2-2/tests/regress/coverage/random/QF_BV/9ef3296a.smt2
  esat-2007: 0.0343s PASS
  vanilla-yices2: 0.0357s PASS
[148/938] /Users/e35480/git/kn-yices2-2/tests/regress/coverage/random/QF_BV/a007b83a.smt2
  vanilla-yices2: 0.0067s PASS
  esat-2007: 0.0065s PASS
[149/938] /Users/e35480/git/kn-yices2-2/tests/regress/coverage/random/QF_BV/a166e8af.smt2
  esat-2007: 0.0102s PASS
  vanilla-yices2: 0.0103s PASS
[150/938] /Users/e35480/git/kn-yices2-2/tests/regress/coverage/random/QF_BV/abd8ba61.smt2
  vanilla-yices2: 0.0057s PASS
  esat-2007: 0.0053s PASS
[151/938] /Users/e35480/git/kn-yices2-2/tests/regress/coverage/random/QF_BV/b0fd092c.smt2
  esat-2007: 0.0465s PASS
  vanilla-yices2: 0.0459s PASS
[152/938] /Users/e35480/git/kn-yices2-2/tests/regress/coverage/random/QF_BV/b45e9b79.smt2
  vanilla-yices2: 0.0058s PASS
  esat-2007: 0.0065s PASS
[153/938] /Users/e35480/git/kn-yices2-2/tests/regress/coverage/random/QF_BV/b6f7b06b.smt2
  esat-2007: 0.0061s PASS
  vanilla-yices2: 0.0060s PASS
[154/938] /Users/e35480/git/kn-yices2-2/tests/regress/coverage/random/QF_BV/ba0c4bc3.smt2
  vanilla-yices2: 0.0071s PASS
  esat-2007: 0.0060s PASS
[155/938] /Users/e35480/git/kn-yices2-2/tests/regress/coverage/random/QF_BV/bae10308.smt2
  esat-2007: 0.0068s PASS
  vanilla-yices2: 0.0056s PASS
[156/938] /Users/e35480/git/kn-yices2-2/tests/regress/coverage/random/QF_BV/bc292413.smt2
  vanilla-yices2: 0.0056s PASS
  esat-2007: 0.0072s PASS
[157/938] /Users/e35480/git/kn-yices2-2/tests/regress/coverage/random/QF_BV/bde61279.smt2
  esat-2007: 0.0093s PASS
  vanilla-yices2: 0.0090s PASS
[158/938] /Users/e35480/git/kn-yices2-2/tests/regress/coverage/random/QF_BV/cd9fc49e.smt2
  vanilla-yices2: 0.0134s PASS
  esat-2007: 0.0133s PASS
[159/938] /Users/e35480/git/kn-yices2-2/tests/regress/coverage/random/QF_BV/cdb8ba2a.smt2
  esat-2007: 0.0148s PASS
  vanilla-yices2: 0.0130s PASS
[160/938] /Users/e35480/git/kn-yices2-2/tests/regress/coverage/random/QF_BV/d2d9f16c.smt2
  vanilla-yices2: 0.0082s PASS
  esat-2007: 0.0064s PASS
[161/938] /Users/e35480/git/kn-yices2-2/tests/regress/coverage/random/QF_BV/d491559f.smt2
  esat-2007: 0.0073s PASS
  vanilla-yices2: 0.0066s PASS
[162/938] /Users/e35480/git/kn-yices2-2/tests/regress/coverage/random/QF_BV/d4af409b.smt2
  vanilla-yices2: 0.2956s PASS
  esat-2007: 0.2943s PASS
[163/938] /Users/e35480/git/kn-yices2-2/tests/regress/coverage/random/QF_BV/d55172aa.smt2
  esat-2007: 0.0059s PASS
  vanilla-yices2: 0.0058s PASS
[164/938] /Users/e35480/git/kn-yices2-2/tests/regress/coverage/random/QF_BV/dcf95ae7.smt2
  vanilla-yices2: 0.0112s PASS
  esat-2007: 0.0089s PASS
[165/938] /Users/e35480/git/kn-yices2-2/tests/regress/coverage/random/QF_BV/e0acb949.smt2
  esat-2007: 0.0059s PASS
  vanilla-yices2: 0.0053s PASS
[166/938] /Users/e35480/git/kn-yices2-2/tests/regress/coverage/random/QF_BV/e1ff5428.smt2
  vanilla-yices2: 0.0055s PASS
  esat-2007: 0.0062s PASS
[167/938] /Users/e35480/git/kn-yices2-2/tests/regress/coverage/random/QF_BV/e3140edc.smt2
  esat-2007: 0.0066s PASS
  vanilla-yices2: 0.0069s PASS
[168/938] /Users/e35480/git/kn-yices2-2/tests/regress/coverage/random/QF_BV/e73ce82d.smt2
  vanilla-yices2: 0.0070s PASS
  esat-2007: 0.0061s PASS
[169/938] /Users/e35480/git/kn-yices2-2/tests/regress/coverage/random/QF_BV/f48f163b.smt2
  esat-2007: 0.1265s PASS
  vanilla-yices2: 0.1267s PASS
[170/938] /Users/e35480/git/kn-yices2-2/tests/regress/coverage/random/QF_BV/f8e2a7ed.smt2
  vanilla-yices2: 0.0059s PASS
  esat-2007: 0.0074s PASS
[171/938] /Users/e35480/git/kn-yices2-2/tests/regress/coverage/random/QF_IDL/1b694516.smt2
  esat-2007: 0.0056s PASS
  vanilla-yices2: 0.0052s PASS
[172/938] /Users/e35480/git/kn-yices2-2/tests/regress/coverage/random/QF_IDL/268ed0cf.smt2
  vanilla-yices2: 0.0071s PASS
  esat-2007: 0.0062s PASS
[173/938] /Users/e35480/git/kn-yices2-2/tests/regress/coverage/random/QF_IDL/35d358eb.smt2
  esat-2007: 0.0051s PASS
  vanilla-yices2: 0.0062s PASS
[174/938] /Users/e35480/git/kn-yices2-2/tests/regress/coverage/random/QF_IDL/3e5e2e59.smt2
  vanilla-yices2: 0.0056s PASS
  esat-2007: 0.0053s PASS
[175/938] /Users/e35480/git/kn-yices2-2/tests/regress/coverage/random/QF_IDL/46b8879c.smt2
  esat-2007: 0.0077s PASS
  vanilla-yices2: 0.0068s PASS
[176/938] /Users/e35480/git/kn-yices2-2/tests/regress/coverage/random/QF_IDL/6b1e2414.smt2
  vanilla-yices2: 0.0055s PASS
  esat-2007: 0.0077s PASS
[177/938] /Users/e35480/git/kn-yices2-2/tests/regress/coverage/random/QF_IDL/6c610c66.smt2
  esat-2007: 0.0058s PASS
  vanilla-yices2: 0.0062s PASS
[178/938] /Users/e35480/git/kn-yices2-2/tests/regress/coverage/random/QF_IDL/6f0279df.smt2
  vanilla-yices2: 0.0057s PASS
  esat-2007: 0.0061s PASS
[179/938] /Users/e35480/git/kn-yices2-2/tests/regress/coverage/random/QF_IDL/74c47979.smt2
  esat-2007: 0.0054s PASS
  vanilla-yices2: 0.0059s PASS
[180/938] /Users/e35480/git/kn-yices2-2/tests/regress/coverage/random/QF_IDL/8e7bdc40.smt2
  vanilla-yices2: 0.0062s PASS
  esat-2007: 0.0071s PASS
[181/938] /Users/e35480/git/kn-yices2-2/tests/regress/coverage/random/QF_IDL/9f5469b5.smt2
  esat-2007: 0.0068s PASS
  vanilla-yices2: 0.0058s PASS
[182/938] /Users/e35480/git/kn-yices2-2/tests/regress/coverage/random/QF_IDL/af1527fd.smt2
  vanilla-yices2: 0.0071s PASS
  esat-2007: 0.0304s PASS
[183/938] /Users/e35480/git/kn-yices2-2/tests/regress/coverage/random/QF_IDL/b1b3b307.smt2
  esat-2007: 0.0213s PASS
  vanilla-yices2: 0.0062s PASS
[184/938] /Users/e35480/git/kn-yices2-2/tests/regress/coverage/random/QF_IDL/b7d34cf9.smt2
  vanilla-yices2: 0.0061s PASS
  esat-2007: 0.0069s PASS
[185/938] /Users/e35480/git/kn-yices2-2/tests/regress/coverage/random/QF_IDL/bee51410.smt2
  esat-2007: 0.0056s PASS
  vanilla-yices2: 0.0053s PASS
[186/938] /Users/e35480/git/kn-yices2-2/tests/regress/coverage/random/QF_IDL/dfab9e5b.smt2
  vanilla-yices2: 0.0062s PASS
  esat-2007: 0.0055s PASS
[187/938] /Users/e35480/git/kn-yices2-2/tests/regress/coverage/random/QF_IDL/e540ecd5.smt2
  esat-2007: 0.0059s PASS
  vanilla-yices2: 0.0061s PASS
[188/938] /Users/e35480/git/kn-yices2-2/tests/regress/coverage/random/QF_IDL/e570fcc3.smt2
  vanilla-yices2: 0.0052s PASS
  esat-2007: 0.0057s PASS
[189/938] /Users/e35480/git/kn-yices2-2/tests/regress/coverage/random/QF_IDL/eb040e6e.smt2
  esat-2007: 0.0057s PASS
  vanilla-yices2: 0.0054s PASS
[190/938] /Users/e35480/git/kn-yices2-2/tests/regress/coverage/random/QF_LIA/1ca974b6.smt2
  vanilla-yices2: 0.0060s PASS
  esat-2007: 0.0069s PASS
[191/938] /Users/e35480/git/kn-yices2-2/tests/regress/coverage/random/QF_LIA/2de4999d.smt2
  esat-2007: 0.0054s PASS
  vanilla-yices2: 0.0055s PASS
[192/938] /Users/e35480/git/kn-yices2-2/tests/regress/coverage/random/QF_LIA/3135426d.smt2
  vanilla-yices2: 0.0080s PASS
  esat-2007: 0.0062s PASS
[193/938] /Users/e35480/git/kn-yices2-2/tests/regress/coverage/random/QF_LIA/366b3fee.smt2
  esat-2007: 0.0212s PASS
  vanilla-yices2: 0.0184s PASS
[194/938] /Users/e35480/git/kn-yices2-2/tests/regress/coverage/random/QF_LIA/485ed27c.smt2
  vanilla-yices2: 0.0056s PASS
  esat-2007: 0.0054s PASS
[195/938] /Users/e35480/git/kn-yices2-2/tests/regress/coverage/random/QF_LIA/66958542.smt2
  esat-2007: 0.0056s PASS
  vanilla-yices2: 0.0055s PASS
[196/938] /Users/e35480/git/kn-yices2-2/tests/regress/coverage/random/QF_LIA/892ff7d6.smt2
  vanilla-yices2: 0.0057s PASS
  esat-2007: 0.0050s PASS
[197/938] /Users/e35480/git/kn-yices2-2/tests/regress/coverage/random/QF_LIA/897d0cab.smt2
  esat-2007: 0.0066s PASS
  vanilla-yices2: 0.0064s PASS
[198/938] /Users/e35480/git/kn-yices2-2/tests/regress/coverage/random/QF_LIA/8a6f7991.smt2
  vanilla-yices2: 0.0116s PASS
  esat-2007: 0.0104s PASS
[199/938] /Users/e35480/git/kn-yices2-2/tests/regress/coverage/random/QF_LIA/946e339d.smt2
  esat-2007: 0.0747s PASS
  vanilla-yices2: 0.0352s PASS
[200/938] /Users/e35480/git/kn-yices2-2/tests/regress/coverage/random/QF_LIA/9b5b8eb2.smt2
  vanilla-yices2: 0.0070s PASS
  esat-2007: 0.0059s PASS
[201/938] /Users/e35480/git/kn-yices2-2/tests/regress/coverage/random/QF_LIA/db53c9b3.smt2
  esat-2007: 0.0055s PASS
  vanilla-yices2: 0.0052s PASS
[202/938] /Users/e35480/git/kn-yices2-2/tests/regress/coverage/random/QF_LIA/e662d85f.smt2
  vanilla-yices2: 0.0064s PASS
  esat-2007: 0.0072s PASS
[203/938] /Users/e35480/git/kn-yices2-2/tests/regress/coverage/random/QF_LRA/1175c125.smt2
  esat-2007: 0.0053s PASS
  vanilla-yices2: 0.0053s PASS
[204/938] /Users/e35480/git/kn-yices2-2/tests/regress/coverage/random/QF_LRA/128806be.smt2
  vanilla-yices2: 0.0053s PASS
  esat-2007: 0.0057s PASS
[205/938] /Users/e35480/git/kn-yices2-2/tests/regress/coverage/random/QF_LRA/1714a8d0.smt2
  esat-2007: 0.0060s PASS
  vanilla-yices2: 0.0050s PASS
[206/938] /Users/e35480/git/kn-yices2-2/tests/regress/coverage/random/QF_LRA/17813021.smt2
  vanilla-yices2: 0.0054s PASS
  esat-2007: 0.0051s PASS
[207/938] /Users/e35480/git/kn-yices2-2/tests/regress/coverage/random/QF_LRA/2879cfd7.smt2
  esat-2007: 0.0053s PASS
  vanilla-yices2: 0.0049s PASS
[208/938] /Users/e35480/git/kn-yices2-2/tests/regress/coverage/random/QF_LRA/28b44ac6.smt2
  vanilla-yices2: 0.0082s PASS
  esat-2007: 0.0075s PASS
[209/938] /Users/e35480/git/kn-yices2-2/tests/regress/coverage/random/QF_LRA/2e4d28cb.smt2
  esat-2007: 0.0055s PASS
  vanilla-yices2: 0.0066s PASS
[210/938] /Users/e35480/git/kn-yices2-2/tests/regress/coverage/random/QF_LRA/2e641cac.smt2
  vanilla-yices2: 0.0067s PASS
  esat-2007: 0.0052s PASS
[211/938] /Users/e35480/git/kn-yices2-2/tests/regress/coverage/random/QF_LRA/30542e2e.smt2
  esat-2007: 0.0049s PASS
  vanilla-yices2: 0.0056s PASS
[212/938] /Users/e35480/git/kn-yices2-2/tests/regress/coverage/random/QF_LRA/4838edde.smt2
  vanilla-yices2: 0.0074s PASS
  esat-2007: 0.0078s PASS
[213/938] /Users/e35480/git/kn-yices2-2/tests/regress/coverage/random/QF_LRA/4c8a211f.smt2
  esat-2007: 0.0216s PASS
  vanilla-yices2: 0.0225s PASS
[214/938] /Users/e35480/git/kn-yices2-2/tests/regress/coverage/random/QF_LRA/54038167.smt2
  vanilla-yices2: 0.0065s PASS
  esat-2007: 0.0053s PASS
[215/938] /Users/e35480/git/kn-yices2-2/tests/regress/coverage/random/QF_LRA/5817ae85.smt2
  esat-2007: 0.0058s PASS
  vanilla-yices2: 0.0058s PASS
[216/938] /Users/e35480/git/kn-yices2-2/tests/regress/coverage/random/QF_LRA/5f614f99.smt2
  vanilla-yices2: 0.5028s PASS
  esat-2007: 0.1507s PASS
[217/938] /Users/e35480/git/kn-yices2-2/tests/regress/coverage/random/QF_LRA/70bfa813.smt2
  esat-2007: 0.0087s PASS
  vanilla-yices2: 0.0076s PASS
[218/938] /Users/e35480/git/kn-yices2-2/tests/regress/coverage/random/QF_LRA/817b6fcd.smt2
  vanilla-yices2: 0.0059s PASS
  esat-2007: 0.0057s PASS
[219/938] /Users/e35480/git/kn-yices2-2/tests/regress/coverage/random/QF_LRA/9c6a4843.smt2
  esat-2007: 0.0059s PASS
  vanilla-yices2: 0.0060s PASS
[220/938] /Users/e35480/git/kn-yices2-2/tests/regress/coverage/random/QF_LRA/a22ce037.smt2
  vanilla-yices2: 0.0128s PASS
  esat-2007: 0.0109s PASS
[221/938] /Users/e35480/git/kn-yices2-2/tests/regress/coverage/random/QF_LRA/a6c22f1d.smt2
  esat-2007: 0.0073s PASS
  vanilla-yices2: 0.0059s PASS
[222/938] /Users/e35480/git/kn-yices2-2/tests/regress/coverage/random/QF_LRA/ae775b3c.smt2
  vanilla-yices2: 0.0054s PASS
  esat-2007: 0.0054s PASS
[223/938] /Users/e35480/git/kn-yices2-2/tests/regress/coverage/random/QF_LRA/afad9ff7.smt2
  esat-2007: 0.0065s PASS
  vanilla-yices2: 0.0063s PASS
[224/938] /Users/e35480/git/kn-yices2-2/tests/regress/coverage/random/QF_LRA/b0164583.smt2
  vanilla-yices2: 0.0050s PASS
  esat-2007: 0.0061s PASS
[225/938] /Users/e35480/git/kn-yices2-2/tests/regress/coverage/random/QF_LRA/bd228f0d.smt2
  esat-2007: 0.0079s PASS
  vanilla-yices2: 0.0071s PASS
[226/938] /Users/e35480/git/kn-yices2-2/tests/regress/coverage/random/QF_LRA/bdbddd13.smt2
  vanilla-yices2: 0.0130s PASS
  esat-2007: 0.0117s PASS
[227/938] /Users/e35480/git/kn-yices2-2/tests/regress/coverage/random/QF_LRA/c0d4a681.smt2
  esat-2007: 0.0070s PASS
  vanilla-yices2: 0.0054s PASS
[228/938] /Users/e35480/git/kn-yices2-2/tests/regress/coverage/random/QF_LRA/c2e98bca.smt2
  vanilla-yices2: 0.0051s PASS
  esat-2007: 0.0059s PASS
[229/938] /Users/e35480/git/kn-yices2-2/tests/regress/coverage/random/QF_LRA/c3abcc52.smt2
  esat-2007: 0.0048s PASS
  vanilla-yices2: 0.0059s PASS
[230/938] /Users/e35480/git/kn-yices2-2/tests/regress/coverage/random/QF_LRA/c545f52e.smt2
  vanilla-yices2: 0.0052s PASS
  esat-2007: 0.0059s PASS
[231/938] /Users/e35480/git/kn-yices2-2/tests/regress/coverage/random/QF_LRA/cbdacb1f.smt2
  esat-2007: 0.0058s PASS
  vanilla-yices2: 0.0067s PASS
[232/938] /Users/e35480/git/kn-yices2-2/tests/regress/coverage/random/QF_LRA/cfb467a7.smt2
  vanilla-yices2: 0.0060s PASS
  esat-2007: 0.0056s PASS
[233/938] /Users/e35480/git/kn-yices2-2/tests/regress/coverage/random/QF_LRA/da6df395.smt2
  esat-2007: 0.0060s PASS
  vanilla-yices2: 0.0056s PASS
[234/938] /Users/e35480/git/kn-yices2-2/tests/regress/coverage/random/QF_LRA/eb08ed51.smt2
  vanilla-yices2: 0.0053s PASS
  esat-2007: 0.0061s PASS
[235/938] /Users/e35480/git/kn-yices2-2/tests/regress/coverage/random/QF_LRA/efbdf7fc.smt2
  esat-2007: 0.0060s PASS
  vanilla-yices2: 0.0065s PASS
[236/938] /Users/e35480/git/kn-yices2-2/tests/regress/coverage/random/QF_LRA/f4d2a270.smt2
  vanilla-yices2: 0.0123s PASS
  esat-2007: 0.0133s PASS
[237/938] /Users/e35480/git/kn-yices2-2/tests/regress/coverage/random/QF_LRA/fb3397ce.smt2
  esat-2007: 0.0069s PASS
  vanilla-yices2: 0.0058s PASS
[238/938] /Users/e35480/git/kn-yices2-2/tests/regress/coverage/random/QF_UF/0271da96.smt2
  vanilla-yices2: 0.0064s PASS
  esat-2007: 0.0066s PASS
[239/938] /Users/e35480/git/kn-yices2-2/tests/regress/coverage/random/QF_UF/0be8401c.smt2
  esat-2007: 0.0065s PASS
  vanilla-yices2: 0.0066s PASS
[240/938] /Users/e35480/git/kn-yices2-2/tests/regress/coverage/random/QF_UF/20b11783.smt2
  vanilla-yices2: 0.0053s PASS
  esat-2007: 0.0061s PASS
[241/938] /Users/e35480/git/kn-yices2-2/tests/regress/coverage/random/QF_UF/392c2b4f.smt2
  esat-2007: 0.0077s PASS
  vanilla-yices2: 0.0072s PASS
[242/938] /Users/e35480/git/kn-yices2-2/tests/regress/coverage/random/QF_UF/4434134a.smt2
  vanilla-yices2: 0.0076s PASS
  esat-2007: 0.0059s PASS
[243/938] /Users/e35480/git/kn-yices2-2/tests/regress/coverage/random/QF_UF/512dd826.smt2
  esat-2007: 0.0066s PASS
  vanilla-yices2: 0.0060s PASS
[244/938] /Users/e35480/git/kn-yices2-2/tests/regress/coverage/random/QF_UF/546617b0.smt2
  vanilla-yices2: 0.0060s PASS
  esat-2007: 0.0073s PASS
[245/938] /Users/e35480/git/kn-yices2-2/tests/regress/coverage/random/QF_UF/80f23efc.smt2
  esat-2007: 0.0064s PASS
  vanilla-yices2: 0.0078s PASS
[246/938] /Users/e35480/git/kn-yices2-2/tests/regress/coverage/random/QF_UF/91bbcac0.smt2
  vanilla-yices2: 0.0063s PASS
  esat-2007: 0.0066s PASS
[247/938] /Users/e35480/git/kn-yices2-2/tests/regress/coverage/random/QF_UF/942b5259.smt2
  esat-2007: 0.0058s PASS
  vanilla-yices2: 0.0060s PASS
[248/938] /Users/e35480/git/kn-yices2-2/tests/regress/coverage/random/QF_UF/9b9c3481.smt2
  vanilla-yices2: 0.0074s PASS
  esat-2007: 0.0073s PASS
[249/938] /Users/e35480/git/kn-yices2-2/tests/regress/coverage/random/QF_UF/a6b93893.smt2
  esat-2007: 0.0068s PASS
  vanilla-yices2: 0.0066s PASS
[250/938] /Users/e35480/git/kn-yices2-2/tests/regress/coverage/random/QF_UF/b1c3a00e.smt2
  vanilla-yices2: 0.0060s PASS
  esat-2007: 0.0058s PASS
[251/938] /Users/e35480/git/kn-yices2-2/tests/regress/coverage/random/QF_UFBV/10495933.smt2
  esat-2007: 0.0053s PASS
  vanilla-yices2: 0.0053s PASS
[252/938] /Users/e35480/git/kn-yices2-2/tests/regress/coverage/random/QF_UFBV/18e993ce.smt2
  vanilla-yices2: 0.0098s PASS
  esat-2007: 0.0069s PASS
[253/938] /Users/e35480/git/kn-yices2-2/tests/regress/coverage/random/QF_UFBV/1f8c13bc.smt2
  esat-2007: 0.0071s PASS
  vanilla-yices2: 0.0054s PASS
[254/938] /Users/e35480/git/kn-yices2-2/tests/regress/coverage/random/QF_UFBV/26bc3b92.smt2
  vanilla-yices2: 0.0083s PASS
  esat-2007: 0.0076s PASS
[255/938] /Users/e35480/git/kn-yices2-2/tests/regress/coverage/random/QF_UFBV/2737bb29.smt2
  esat-2007: 0.0055s PASS
  vanilla-yices2: 0.0054s PASS
[256/938] /Users/e35480/git/kn-yices2-2/tests/regress/coverage/random/QF_UFBV/29f565c3.smt2
  vanilla-yices2: 0.0063s PASS
  esat-2007: 0.0072s PASS
[257/938] /Users/e35480/git/kn-yices2-2/tests/regress/coverage/random/QF_UFBV/301fe1a8.smt2
  esat-2007: 0.0086s PASS
  vanilla-yices2: 0.0074s PASS
[258/938] /Users/e35480/git/kn-yices2-2/tests/regress/coverage/random/QF_UFBV/4196e785.smt2
  vanilla-yices2: 0.0067s PASS
  esat-2007: 0.0064s PASS
[259/938] /Users/e35480/git/kn-yices2-2/tests/regress/coverage/random/QF_UFBV/530a50f7.smt2
  esat-2007: 0.0121s PASS
  vanilla-yices2: 0.0110s PASS
[260/938] /Users/e35480/git/kn-yices2-2/tests/regress/coverage/random/QF_UFBV/55fc3e84.smt2
  vanilla-yices2: 0.0067s PASS
  esat-2007: 0.0062s PASS
[261/938] /Users/e35480/git/kn-yices2-2/tests/regress/coverage/random/QF_UFBV/58e1afcf.smt2
  esat-2007: 0.0071s PASS
  vanilla-yices2: 0.0072s PASS
[262/938] /Users/e35480/git/kn-yices2-2/tests/regress/coverage/random/QF_UFBV/592d6ea8.smt2
  vanilla-yices2: 0.0136s PASS
  esat-2007: 0.0139s PASS
[263/938] /Users/e35480/git/kn-yices2-2/tests/regress/coverage/random/QF_UFBV/611d8db7.smt2
  esat-2007: 0.0101s PASS
  vanilla-yices2: 0.0101s PASS
[264/938] /Users/e35480/git/kn-yices2-2/tests/regress/coverage/random/QF_UFBV/627eaef4.smt2
  vanilla-yices2: 0.0057s PASS
  esat-2007: 0.0051s PASS
[265/938] /Users/e35480/git/kn-yices2-2/tests/regress/coverage/random/QF_UFBV/6453672b.smt2
  esat-2007: 0.0275s PASS
  vanilla-yices2: 0.0277s PASS
[266/938] /Users/e35480/git/kn-yices2-2/tests/regress/coverage/random/QF_UFBV/66b45814.smt2
  vanilla-yices2: 0.0107s PASS
  esat-2007: 0.0101s PASS
[267/938] /Users/e35480/git/kn-yices2-2/tests/regress/coverage/random/QF_UFBV/6755163d.smt2
  esat-2007: 0.0080s PASS
  vanilla-yices2: 0.0083s PASS
[268/938] /Users/e35480/git/kn-yices2-2/tests/regress/coverage/random/QF_UFBV/6ef9e062.smt2
  vanilla-yices2: 0.0068s PASS
  esat-2007: 0.0057s PASS
[269/938] /Users/e35480/git/kn-yices2-2/tests/regress/coverage/random/QF_UFBV/7832a454.smt2
  esat-2007: 0.0069s PASS
  vanilla-yices2: 0.0063s PASS
[270/938] /Users/e35480/git/kn-yices2-2/tests/regress/coverage/random/QF_UFBV/7bec3c8f.smt2
  vanilla-yices2: 0.0060s PASS
  esat-2007: 0.0059s PASS
[271/938] /Users/e35480/git/kn-yices2-2/tests/regress/coverage/random/QF_UFBV/7d5df95e.smt2
  esat-2007: 0.0064s PASS
  vanilla-yices2: 0.0070s PASS
[272/938] /Users/e35480/git/kn-yices2-2/tests/regress/coverage/random/QF_UFBV/8c2c6eaa.smt2
  vanilla-yices2: 0.0080s PASS
  esat-2007: 0.0078s PASS
[273/938] /Users/e35480/git/kn-yices2-2/tests/regress/coverage/random/QF_UFBV/90c17f42.smt2
  esat-2007: 0.0063s PASS
  vanilla-yices2: 0.0063s PASS
[274/938] /Users/e35480/git/kn-yices2-2/tests/regress/coverage/random/QF_UFBV/93594a82.smt2
  vanilla-yices2: 0.0085s PASS
  esat-2007: 0.0094s PASS
[275/938] /Users/e35480/git/kn-yices2-2/tests/regress/coverage/random/QF_UFBV/973a10fc.smt2
  esat-2007: 0.0832s PASS
  vanilla-yices2: 0.0849s PASS
[276/938] /Users/e35480/git/kn-yices2-2/tests/regress/coverage/random/QF_UFBV/a57f5151.smt2
  vanilla-yices2: 0.0078s PASS
  esat-2007: 0.0079s PASS
[277/938] /Users/e35480/git/kn-yices2-2/tests/regress/coverage/random/QF_UFBV/a6b031e1.smt2
  esat-2007: 0.0065s PASS
  vanilla-yices2: 0.0068s PASS
[278/938] /Users/e35480/git/kn-yices2-2/tests/regress/coverage/random/QF_UFBV/ac504b99.smt2
  vanilla-yices2: 0.0103s PASS
  esat-2007: 0.0109s PASS
[279/938] /Users/e35480/git/kn-yices2-2/tests/regress/coverage/random/QF_UFBV/afb28a25.smt2
  esat-2007: 0.0072s PASS
  vanilla-yices2: 0.0066s PASS
[280/938] /Users/e35480/git/kn-yices2-2/tests/regress/coverage/random/QF_UFBV/b40626bd.smt2
  vanilla-yices2: 0.0098s PASS
  esat-2007: 0.0090s PASS
[281/938] /Users/e35480/git/kn-yices2-2/tests/regress/coverage/random/QF_UFBV/b6943d96.smt2
  esat-2007: 0.0067s PASS
  vanilla-yices2: 0.0060s PASS
[282/938] /Users/e35480/git/kn-yices2-2/tests/regress/coverage/random/QF_UFBV/b7a2f1c8.smt2
  vanilla-yices2: 0.0277s PASS
  esat-2007: 0.0284s PASS
[283/938] /Users/e35480/git/kn-yices2-2/tests/regress/coverage/random/QF_UFBV/c8ee1375.smt2
  esat-2007: 0.2617s PASS
  vanilla-yices2: 0.2556s PASS
[284/938] /Users/e35480/git/kn-yices2-2/tests/regress/coverage/random/QF_UFBV/c94343fc.smt2
  vanilla-yices2: 0.0076s PASS
  esat-2007: 0.0066s PASS
[285/938] /Users/e35480/git/kn-yices2-2/tests/regress/coverage/random/QF_UFBV/ca837ae2.smt2
  esat-2007: 0.0075s PASS
  vanilla-yices2: 0.0069s PASS
[286/938] /Users/e35480/git/kn-yices2-2/tests/regress/coverage/random/QF_UFBV/d3d782b1.smt2
  vanilla-yices2: 0.0069s PASS
  esat-2007: 0.0055s PASS
[287/938] /Users/e35480/git/kn-yices2-2/tests/regress/coverage/random/QF_UFBV/d51c24d2.smt2
  esat-2007: 0.0116s PASS
  vanilla-yices2: 0.0112s PASS
[288/938] /Users/e35480/git/kn-yices2-2/tests/regress/coverage/random/QF_UFBV/e4a7bed7.smt2
  vanilla-yices2: 0.0068s PASS
  esat-2007: 0.0066s PASS
[289/938] /Users/e35480/git/kn-yices2-2/tests/regress/coverage/random/QF_UFBV/e9f0384c.smt2
  esat-2007: 0.0061s PASS
  vanilla-yices2: 0.0067s PASS
[290/938] /Users/e35480/git/kn-yices2-2/tests/regress/coverage/random/QF_UFBV/ee7bcc60.smt2
  vanilla-yices2: 0.0055s PASS
  esat-2007: 0.0053s PASS
[291/938] /Users/e35480/git/kn-yices2-2/tests/regress/coverage/random/QF_UFBV/eec265ed.smt2
  esat-2007: 0.0065s PASS
  vanilla-yices2: 0.0073s PASS
[292/938] /Users/e35480/git/kn-yices2-2/tests/regress/coverage/random/QF_UF/c127fd1b.smt2
  vanilla-yices2: 0.0074s PASS
  esat-2007: 0.0076s PASS
[293/938] /Users/e35480/git/kn-yices2-2/tests/regress/coverage/random/QF_UF/d2ef318c.smt2
  esat-2007: 0.0068s PASS
  vanilla-yices2: 0.0061s PASS
[294/938] /Users/e35480/git/kn-yices2-2/tests/regress/coverage/random/QF_UF/d79e8d3e.smt2
  vanilla-yices2: 0.0064s PASS
  esat-2007: 0.0068s PASS
[295/938] /Users/e35480/git/kn-yices2-2/tests/regress/coverage/random/QF_UF/e49a2f54.smt2
  esat-2007: 0.0073s PASS
  vanilla-yices2: 0.0077s PASS
[296/938] /Users/e35480/git/kn-yices2-2/tests/regress/coverage/random/QF_UFIDL/04cf1964.smt2
  vanilla-yices2: 0.0063s PASS
  esat-2007: 0.0085s PASS
[297/938] /Users/e35480/git/kn-yices2-2/tests/regress/coverage/random/QF_UFIDL/38761014.smt2
  esat-2007: 0.0083s PASS
  vanilla-yices2: 0.0067s PASS
[298/938] /Users/e35480/git/kn-yices2-2/tests/regress/coverage/random/QF_UFIDL/7030a80e.smt2
  vanilla-yices2: 0.0072s PASS
  esat-2007: 0.0071s PASS
[299/938] /Users/e35480/git/kn-yices2-2/tests/regress/coverage/random/QF_UFIDL/9818d99a.smt2
  esat-2007: 0.0057s PASS
  vanilla-yices2: 0.0053s PASS
[300/938] /Users/e35480/git/kn-yices2-2/tests/regress/coverage/random/QF_UFIDL/bb774f80.smt2
  vanilla-yices2: 0.0080s PASS
  esat-2007: 0.0078s PASS
[301/938] /Users/e35480/git/kn-yices2-2/tests/regress/coverage/random/QF_UFIDL/c7de1768.smt2
  esat-2007: 0.0086s PASS
  vanilla-yices2: 0.0097s PASS
[302/938] /Users/e35480/git/kn-yices2-2/tests/regress/coverage/random/QF_UFIDL/cda6a8fd.smt2
  vanilla-yices2: 0.0089s PASS
  esat-2007: 0.0071s PASS
[303/938] /Users/e35480/git/kn-yices2-2/tests/regress/coverage/random/QF_UFIDL/e9eea798.smt2
  esat-2007: 0.0072s PASS
  vanilla-yices2: 0.0068s PASS
[304/938] /Users/e35480/git/kn-yices2-2/tests/regress/coverage/random/QF_UFIDL/f938dbb9.smt2
  vanilla-yices2: 0.0074s PASS
  esat-2007: 0.0070s PASS
[305/938] /Users/e35480/git/kn-yices2-2/tests/regress/coverage/smtlib/QF_ABV/brummayerbiere2/countbitstableoffbyone0128.smt2
  esat-2007: 0.0487s PASS
  vanilla-yices2: 0.0479s PASS
[306/938] /Users/e35480/git/kn-yices2-2/tests/regress/coverage/smtlib/QF_ABV/brummayerbiere/fifo32ia06k05.smt2
  vanilla-yices2: 2.4620s PASS
  esat-2007: 2.4999s PASS
[307/938] /Users/e35480/git/kn-yices2-2/tests/regress/coverage/smtlib/QF_ABV/brummayerbiere/fifo32in04k07.smt2
  esat-2007: 0.1562s PASS
  vanilla-yices2: 0.1583s PASS
[308/938] /Users/e35480/git/kn-yices2-2/tests/regress/coverage/smtlib/QF_ABV/brummayerbiere/swapmem022se.smt2
  vanilla-yices2: 1.0040s PASS
  esat-2007: 1.0126s PASS
[309/938] /Users/e35480/git/kn-yices2-2/tests/regress/coverage/smtlib/QF_ABV/brummayerbiere/wchains130se.smt2
  esat-2007: 1.5674s PASS
  vanilla-yices2: 1.6242s PASS
[310/938] /Users/e35480/git/kn-yices2-2/tests/regress/coverage/smtlib/QF_ABV/dwp_formulas/try3_sameret_functions_dwp_unlink.set_quoting_style.il.dwp.smt2
  vanilla-yices2: 0.0088s PASS
  esat-2007: 0.0088s PASS
[311/938] /Users/e35480/git/kn-yices2-2/tests/regress/coverage/smtlib/QF_ABV/dwp_formulas/try3_true_functions_dwp_nl.bkm_scale.il.dwp.smt2
  esat-2007: 0.0069s PASS
  vanilla-yices2: 0.0063s PASS
[312/938] /Users/e35480/git/kn-yices2-2/tests/regress/coverage/smtlib/QF_ABV/dwp_formulas/try4_difret_functions_disjunctions_dd.advance_input_offset.il.disjunctions_3.smt2
  vanilla-yices2: 0.0114s PASS
  esat-2007: 0.0115s PASS
[313/938] /Users/e35480/git/kn-yices2-2/tests/regress/coverage/smtlib/QF_ABV/dwp_formulas/try5_small_difret_functions_dwp_hostid.close_stdout_set_file_name.il.dwp.smt2
  esat-2007: 0.0076s PASS
  vanilla-yices2: 0.0074s PASS
[314/938] /Users/e35480/git/kn-yices2-2/tests/regress/coverage/smtlib/QF_ABV/dwp_formulas/try5_small_difret_functions_fse-bfs_fmt.set_other_indent.il.fse-bfs.smt2
  vanilla-yices2: 0.0083s PASS
  esat-2007: 0.0083s PASS
[315/938] /Users/e35480/git/kn-yices2-2/tests/regress/coverage/smtlib/QF_ABV/dwp_formulas/try5_small_difret_functions_fse-bfs_vdir.get_type_indicator.il.fse-bfs.smt2
  esat-2007: 0.0074s PASS
  vanilla-yices2: 0.0063s PASS
[316/938] /Users/e35480/git/kn-yices2-2/tests/regress/coverage/smtlib/QF_ABV/dwp_formulas/try5_small_difret_functions_wp_join.set_char_quoting.il.wp.smt2
  vanilla-yices2: 0.0801s PASS
  esat-2007: 0.0811s PASS
[317/938] /Users/e35480/git/kn-yices2-2/tests/regress/coverage/smtlib/QF_ABV/dwp_formulas/try5_small_difret_functions_wp_pr.hold_file.il.wp.smt2
  esat-2007: 0.0415s PASS
  vanilla-yices2: 0.0390s PASS
[318/938] /Users/e35480/git/kn-yices2-2/tests/regress/coverage/smtlib/QF_ABV/dwp_formulas/try5_small_noof_functions_flanagansaxe_true.set_char_quoting.il.flanagansaxe.smt2
  vanilla-yices2: 0.0128s PASS
  esat-2007: 0.0136s PASS
[319/938] /Users/e35480/git/kn-yices2-2/tests/regress/coverage/smtlib/QF_ABV/dwp_formulas/try5_small_noof_functions_wp_expr.optimize_subexps.il.wp.smt2
  esat-2007: 0.0103s PASS
  vanilla-yices2: 0.0070s PASS
[320/938] /Users/e35480/git/kn-yices2-2/tests/regress/coverage/smtlib/QF_ABV/dwp_formulas/try5_small_noof_functions_wp_mknod.mode_adjust.il.wp.smt2
  vanilla-yices2: 0.0076s PASS
  esat-2007: 0.0063s PASS
[321/938] /Users/e35480/git/kn-yices2-2/tests/regress/coverage/smtlib/QF_ABV/dwp_formulas/try5_small_noof_functions_wp_pinky.set_char_quoting.il.wp.smt2
  esat-2007: 0.0061s PASS
  vanilla-yices2: 0.0057s PASS
[322/938] /Users/e35480/git/kn-yices2-2/tests/regress/coverage/smtlib/QF_ABV/dwp_formulas/try5_small_noof_functions_wp_pr.cols_ready_to_print.il.wp.smt2
  vanilla-yices2: 0.0055s PASS
  esat-2007: 0.0055s PASS
[323/938] /Users/e35480/git/kn-yices2-2/tests/regress/coverage/smtlib/QF_ABV/ecc/com.galois.ecc.P384ECC64.ec_full_sub.short.smt2
  esat-2007: 0.0053s PASS
  vanilla-yices2: 0.0055s PASS
[324/938] /Users/e35480/git/kn-yices2-2/tests/regress/coverage/smtlib/QF_ABV/platania/no_init_extract_sublist.old/no_init_extract_sublist5.smt2
  vanilla-yices2: 0.0062s PASS
  esat-2007: 0.0055s PASS
[325/938] /Users/e35480/git/kn-yices2-2/tests/regress/coverage/smtlib/QF_ABV/stp/grep0065.stp.smt2
  esat-2007: 0.0269s PASS
  vanilla-yices2: 0.0256s PASS
[326/938] /Users/e35480/git/kn-yices2-2/tests/regress/coverage/smtlib/QF_ABV/stp_samples/run_00007.trace.Alloc_zero__016019.smt2
  vanilla-yices2: 0.0078s PASS
  esat-2007: 0.0066s PASS
[327/938] /Users/e35480/git/kn-yices2-2/tests/regress/coverage/smtlib/QF_ALIA/array_benchmarks/misc/queue-th1-6.smt2
  esat-2007: 0.0063s PASS
  vanilla-yices2: 0.0075s PASS
[328/938] /Users/e35480/git/kn-yices2-2/tests/regress/coverage/smtlib/QF_ALIA/array_benchmarks/misc/stack-th2-6.smt2
  vanilla-yices2: 0.0053s PASS
  esat-2007: 0.0059s PASS
[329/938] /Users/e35480/git/kn-yices2-2/tests/regress/coverage/smtlib/QF_ALIA/qlock2/qlock.base.19.smt2
  esat-2007: 0.5500s PASS
  vanilla-yices2: 0.5363s PASS
[330/938] /Users/e35480/git/kn-yices2-2/tests/regress/coverage/smtlib/QF_AUFBV/ecc/com.galois.ecc.P384ECC64.ec_full_sub3.short.smt2
  vanilla-yices2: 0.0280s PASS
  esat-2007: 0.0268s PASS
[331/938] /Users/e35480/git/kn-yices2-2/tests/regress/coverage/smtlib/QF_AUFBV/ecc/com.galois.ecc.P384ECC64.ec_twin_mul_init.short.smt2
  esat-2007: 0.0088s PASS
  vanilla-yices2: 0.0078s PASS
[332/938] /Users/e35480/git/kn-yices2-2/tests/regress/coverage/smtlib/QF_AUFBV/ecc/com.galois.ecc.P384ECC64.group_red1.short.smt2
  vanilla-yices2: 0.1295s PASS
  esat-2007: 0.1359s PASS
[333/938] /Users/e35480/git/kn-yices2-2/tests/regress/coverage/smtlib/QF_AUFBV/ecc/com.galois.ecc.P384ECC64.mul_inner3.short.smt2
  esat-2007: 0.0126s PASS
  vanilla-yices2: 0.0132s PASS
[334/938] /Users/e35480/git/kn-yices2-2/tests/regress/coverage/smtlib/QF_AUFBV/ecc/com.galois.ecc.P384ECC64.signHash4.short.smt2
  vanilla-yices2: 0.0141s PASS
  esat-2007: 0.0136s PASS
[335/938] /Users/e35480/git/kn-yices2-2/tests/regress/coverage/smtlib/QF_AUFLIA/array_benchmarks/misc/pipeline-invalid.smt2
  esat-2007: 0.0210s PASS
  vanilla-yices2: 0.0212s PASS
[336/938] /Users/e35480/git/kn-yices2-2/tests/regress/coverage/smtlib/QF_AUFLIA/cvc/read6.smt2
  vanilla-yices2: 0.0086s PASS
  esat-2007: 0.0074s PASS
[337/938] /Users/e35480/git/kn-yices2-2/tests/regress/coverage/smtlib/QF_AUFLIA/cvc/read8.smt2
  esat-2007: 0.0060s PASS
  vanilla-yices2: 0.0073s PASS
[338/938] /Users/e35480/git/kn-yices2-2/tests/regress/coverage/smtlib/QF_AUFLIA/safari/ini.smt2 [ --incremental ]
  vanilla-yices2: 0.0048s FAIL(rc=18)
  esat-2007: 0.0059s FAIL(rc=18)
[339/938] /Users/e35480/git/kn-yices2-2/tests/regress/coverage/smtlib/QF_AUFLIA/safari/moesi_ca.smt2 [ --incremental ]
  esat-2007: 0.0050s FAIL(rc=18)
  vanilla-yices2: 0.0053s FAIL(rc=18)
[340/938] /Users/e35480/git/kn-yices2-2/tests/regress/coverage/smtlib/QF_AUFLIA/storecomm/storecomm_t3_pp_nf_ai_00050_001.cvc.smt2
  vanilla-yices2: 0.0578s PASS
  esat-2007: 0.0560s PASS
[341/938] /Users/e35480/git/kn-yices2-2/tests/regress/coverage/smtlib/QF_AUFLIA/storeinv/storeinv_invalid_t1_pp_sf_ai_00006_001.cvc.smt2
  esat-2007: 0.0072s PASS
  vanilla-yices2: 0.0082s PASS
[342/938] /Users/e35480/git/kn-yices2-2/tests/regress/coverage/smtlib/QF_AUFLIA/swap/swap_invalid_t1_pp_sf_ai_00004_001.cvc.smt2
  vanilla-yices2: 0.0069s PASS
  esat-2007: 0.0072s PASS
[343/938] /Users/e35480/git/kn-yices2-2/tests/regress/coverage/smtlib/QF_BV/bmc-bv/ex33.smt2
  esat-2007: 0.0063s PASS
  vanilla-yices2: 0.0051s PASS
[344/938] /Users/e35480/git/kn-yices2-2/tests/regress/coverage/smtlib/QF_BV/brummayerbiere2/umulov1bw048.smt2
  vanilla-yices2: 0.2136s PASS
  esat-2007: 0.2224s PASS
[345/938] /Users/e35480/git/kn-yices2-2/tests/regress/coverage/smtlib/QF_BV/brummayerbiere/nextpoweroftwo128.smt2
  esat-2007: 0.0956s PASS
  vanilla-yices2: 0.0961s PASS
[346/938] /Users/e35480/git/kn-yices2-2/tests/regress/coverage/smtlib/QF_BV/brummayerbiere/nlzbe128.smt2
  vanilla-yices2: 0.1841s PASS
  esat-2007: 0.1782s PASS
[347/938] /Users/e35480/git/kn-yices2-2/tests/regress/coverage/smtlib/QF_BV/brummayerbiere/nlzbs128.smt2
  esat-2007: 0.1037s PASS
  vanilla-yices2: 0.1074s PASS
[348/938] /Users/e35480/git/kn-yices2-2/tests/regress/coverage/smtlib/QF_BV/brummayerbiere/nlzbsdown128.smt2
  vanilla-yices2: 0.1851s PASS
  esat-2007: 0.1836s PASS
[349/938] /Users/e35480/git/kn-yices2-2/tests/regress/coverage/smtlib/QF_BV/bruttomesso/core/ext_con_016_001_0064.smt2
  esat-2007: 0.0122s PASS
  vanilla-yices2: 0.0122s PASS
[350/938] /Users/e35480/git/kn-yices2-2/tests/regress/coverage/smtlib/QF_BV/bruttomesso/lfsr/lfsr_002_095_128.smt2
  vanilla-yices2: 0.5123s PASS
  esat-2007: 0.4589s PASS
[351/938] /Users/e35480/git/kn-yices2-2/tests/regress/coverage/smtlib/QF_BV/bruttomesso/lfsr/lfsr_002_143_048.smt2
  esat-2007: 0.3358s PASS
  vanilla-yices2: 0.3342s PASS
[352/938] /Users/e35480/git/kn-yices2-2/tests/regress/coverage/smtlib/QF_BV/bruttomesso/simple_processor/simple_processors_006_002_0008.smt2
  vanilla-yices2: 0.0850s PASS
  esat-2007: 0.0871s PASS
[353/938] /Users/e35480/git/kn-yices2-2/tests/regress/coverage/smtlib/QF_BV/calypto/problem_1.smt2
  esat-2007: 0.0140s PASS
  vanilla-yices2: 0.0131s PASS
[354/938] /Users/e35480/git/kn-yices2-2/tests/regress/coverage/smtlib/QF_BV/calypto/problem_4.smt2
  vanilla-yices2: 0.0133s PASS
  esat-2007: 0.0136s PASS
[355/938] /Users/e35480/git/kn-yices2-2/tests/regress/coverage/smtlib/QF_BV/check2/bigHex.smt2
  esat-2007: 0.0065s PASS
  vanilla-yices2: 0.0056s PASS
[356/938] /Users/e35480/git/kn-yices2-2/tests/regress/coverage/smtlib/QF_BV/check2/symbols.smt2
  vanilla-yices2: 0.0062s PASS
  esat-2007: 0.0056s PASS
[357/938] /Users/e35480/git/kn-yices2-2/tests/regress/coverage/smtlib/QF_BV/gulwani-pldi08/merge.phx.smt2
  esat-2007: 0.0284s PASS
  vanilla-yices2: 0.0296s PASS
[358/938] /Users/e35480/git/kn-yices2-2/tests/regress/coverage/smtlib/QF_BV/RWS/Example_8.txt.smt2
  vanilla-yices2: 0.0488s PASS
  esat-2007: 0.0486s PASS
[359/938] /Users/e35480/git/kn-yices2-2/tests/regress/coverage/smtlib/QF_BV/sage/app1/bench_1097.smt2
  esat-2007: 0.0077s PASS
  vanilla-yices2: 0.0064s PASS
[360/938] /Users/e35480/git/kn-yices2-2/tests/regress/coverage/smtlib/QF_BV/sage/app1/bench_1945.smt2
  vanilla-yices2: 0.0054s PASS
  esat-2007: 0.0050s PASS
[361/938] /Users/e35480/git/kn-yices2-2/tests/regress/coverage/smtlib/QF_BV/sage/app1/bench_859.smt2
  esat-2007: 0.0052s PASS
  vanilla-yices2: 0.0058s PASS
[362/938] /Users/e35480/git/kn-yices2-2/tests/regress/coverage/smtlib/QF_BV/sage/app2/bench_319.smt2
  vanilla-yices2: 0.0056s PASS
  esat-2007: 0.0061s PASS
[363/938] /Users/e35480/git/kn-yices2-2/tests/regress/coverage/smtlib/QF_BV/sage/app5/bench_524.smt2
  esat-2007: 0.0071s PASS
  vanilla-yices2: 0.0069s PASS
[364/938] /Users/e35480/git/kn-yices2-2/tests/regress/coverage/smtlib/QF_BV/sage/app7/bench_7910.smt2
  vanilla-yices2: 0.0049s PASS
  esat-2007: 0.0084s PASS
[365/938] /Users/e35480/git/kn-yices2-2/tests/regress/coverage/smtlib/QF_BV/sage/app8/bench_263.smt2
  esat-2007: 0.0196s PASS
  vanilla-yices2: 0.0189s PASS
[366/938] /Users/e35480/git/kn-yices2-2/tests/regress/coverage/smtlib/QF_BV/sage/app8/bench_3776.smt2
  vanilla-yices2: 0.0113s PASS
  esat-2007: 0.0111s PASS
[367/938] /Users/e35480/git/kn-yices2-2/tests/regress/coverage/smtlib/QF_BV/sage/app9/bench_1669.smt2
  esat-2007: 0.0051s PASS
  vanilla-yices2: 0.0074s PASS
[368/938] /Users/e35480/git/kn-yices2-2/tests/regress/coverage/smtlib/QF_BV/sage/app9/bench_1935.smt2
  vanilla-yices2: 0.0052s PASS
  esat-2007: 0.0058s PASS
[369/938] /Users/e35480/git/kn-yices2-2/tests/regress/coverage/smtlib/QF_BV/spear/wget_v1.10.2/src_wget_vc17914.smt2
  esat-2007: 0.1298s PASS
  vanilla-yices2: 0.1308s PASS
[370/938] /Users/e35480/git/kn-yices2-2/tests/regress/coverage/smtlib/QF_BV/spear/wget_v1.10.2/src_wget_vc18511.smt2
  vanilla-yices2: 0.6946s PASS
  esat-2007: 0.7018s PASS
[371/938] /Users/e35480/git/kn-yices2-2/tests/regress/coverage/smtlib/QF_BV/tacas07/s-40-50-bv.smt2
  esat-2007: 0.1036s PASS
  vanilla-yices2: 0.0955s PASS
[372/938] /Users/e35480/git/kn-yices2-2/tests/regress/coverage/smtlib/QF_BV/uclid/tcas/tcas45_k_0.smt2
  vanilla-yices2: 0.0081s PASS
  esat-2007: 0.0076s PASS
[373/938] /Users/e35480/git/kn-yices2-2/tests/regress/coverage/smtlib/QF_BV/wienand-cav2008/Distrib/distrib32.sf.smt2
  esat-2007: 0.0065s PASS
  vanilla-yices2: 0.0062s PASS
[374/938] /Users/e35480/git/kn-yices2-2/tests/regress/coverage/smtlib/QF_IDL/check/bignum_idl1.smt2
  vanilla-yices2: 0.0058s PASS
  esat-2007: 0.0059s PASS
[375/938] /Users/e35480/git/kn-yices2-2/tests/regress/coverage/smtlib/QF_IDL/diamonds/diamonds.10.10.i.a.u.smt2
  esat-2007: 0.0086s PASS
  vanilla-yices2: 0.0152s PASS
[376/938] /Users/e35480/git/kn-yices2-2/tests/regress/coverage/smtlib/QF_IDL/qlock/qlock-4-10-5.base.cvc.smt2
  vanilla-yices2: 0.0117s PASS
  esat-2007: 0.0130s PASS
[377/938] /Users/e35480/git/kn-yices2-2/tests/regress/coverage/smtlib/QF_IDL/queens_bench/super_queen/super_queen33-1.smt2
  esat-2007: 3.9761s PASS
  vanilla-yices2: 0.0329s PASS
[378/938] /Users/e35480/git/kn-yices2-2/tests/regress/coverage/smtlib/QF_IDL/sal/lpsat/lpsat-goal-1.smt2
  vanilla-yices2: 0.0074s PASS
  esat-2007: 0.0063s PASS
[379/938] /Users/e35480/git/kn-yices2-2/tests/regress/coverage/smtlib/QF_LIA/calypto/problem-002267.cvc.1.smt2
  esat-2007: 0.0086s PASS
  vanilla-yices2: 0.0084s PASS
[380/938] /Users/e35480/git/kn-yices2-2/tests/regress/coverage/smtlib/QF_LIA/calypto/problem-002673.cvc.1.smt2
  vanilla-yices2: 0.0068s PASS
  esat-2007: 0.0081s PASS
[381/938] /Users/e35480/git/kn-yices2-2/tests/regress/coverage/smtlib/QF_LIA/CAV_2009_benchmarks/smt/20-vars/problem_2__012.smt2
  esat-2007: 0.2681s PASS
  vanilla-yices2: 0.2631s PASS
[382/938] /Users/e35480/git/kn-yices2-2/tests/regress/coverage/smtlib/QF_LIA/CAV_2009_benchmarks/smt/25-vars/problem__034.smt2
  vanilla-yices2: 0.1693s PASS
  esat-2007: 0.1669s PASS
[383/938] /Users/e35480/git/kn-yices2-2/tests/regress/coverage/smtlib/QF_LIA/CAV_2009_benchmarks/smt/25-vars/problem_2__015.smt2
  esat-2007: 0.0107s PASS
  vanilla-yices2: 0.0103s PASS
[384/938] /Users/e35480/git/kn-yices2-2/tests/regress/coverage/smtlib/QF_LIA/CAV_2009_benchmarks/smt/40-vars/problem_2__004.smt2
  vanilla-yices2: 0.0070s PASS
  esat-2007: 0.0061s PASS
[385/938] /Users/e35480/git/kn-yices2-2/tests/regress/coverage/smtlib/QF_LIA/check/int_incompleteness1.smt2
  esat-2007: 0.0054s PASS
  vanilla-yices2: 0.0061s PASS
[386/938] /Users/e35480/git/kn-yices2-2/tests/regress/coverage/smtlib/QF_LIA/CIRC/multiplier_prime/MULTIPLIER_PRIME_16.msat.smt2
  vanilla-yices2: 0.0093s PASS
  esat-2007: 0.0090s PASS
[387/938] /Users/e35480/git/kn-yices2-2/tests/regress/coverage/smtlib/QF_LIA/convert/convert-jpg2gif-query-1347.smt2
  esat-2007: 0.0360s PASS
  vanilla-yices2: 0.0402s PASS
[388/938] /Users/e35480/git/kn-yices2-2/tests/regress/coverage/smtlib/QF_LIA/convert/convert-jpg2gif-query-901.smt2
  vanilla-yices2: 0.0070s PASS
  esat-2007: 0.0058s PASS
[389/938] /Users/e35480/git/kn-yices2-2/tests/regress/coverage/smtlib/QF_LIA/cut_lemmas/15-vars/cut_lemma_03_005.smt2
  esat-2007: 0.0143s PASS
  vanilla-yices2: 0.0143s PASS
[390/938] /Users/e35480/git/kn-yices2-2/tests/regress/coverage/smtlib/QF_LIA/mathsat/FISCHER6-1-fair.smt2
  vanilla-yices2: 0.0069s PASS
  esat-2007: 0.0069s PASS
[391/938] /Users/e35480/git/kn-yices2-2/tests/regress/coverage/smtlib/QF_LIA/nec-smt/med/checkpass_pwd/prp-27-30.smt2
  esat-2007: 0.0285s PASS
  vanilla-yices2: 0.0300s PASS
[392/938] /Users/e35480/git/kn-yices2-2/tests/regress/coverage/smtlib/QF_LIA/nec-smt/small/int_from_list/prp-4-21.smt2
  vanilla-yices2: 0.0067s PASS
  esat-2007: 0.0070s PASS
[393/938] /Users/e35480/git/kn-yices2-2/tests/regress/coverage/smtlib/QF_LIA/prime-cone/prime_cone_unsat_11.smt2
  esat-2007: 0.0070s PASS
  vanilla-yices2: 0.0076s PASS
[394/938] /Users/e35480/git/kn-yices2-2/tests/regress/coverage/smtlib/QF_LIA/rings_preprocessed/ring_2exp4_8vars_0ite_unsat.smt2
  vanilla-yices2: 0.0067s PASS
  esat-2007: 0.0065s PASS
[395/938] /Users/e35480/git/kn-yices2-2/tests/regress/coverage/smtlib/QF_LIA/rings/ring_2exp16_9vars_7ite_unsat.smt2
  esat-2007: 0.0061s PASS
  vanilla-yices2: 0.0066s PASS
[396/938] /Users/e35480/git/kn-yices2-2/tests/regress/coverage/smtlib/QF_LIA/RTCL/b04_tf_20/ckt_PROP0_tf_20.smt2
  vanilla-yices2: 0.0070s PASS
  esat-2007: 0.0110s PASS
[397/938] /Users/e35480/git/kn-yices2-2/tests/regress/coverage/smtlib/QF_LIA/slacks/10-12.slack.smt2
  esat-2007: 0.0069s PASS
  vanilla-yices2: 0.0064s PASS
[398/938] /Users/e35480/git/kn-yices2-2/tests/regress/coverage/smtlib/QF_LRA/clock_synchro/clocksynchro_2clocks.main_invar.induct.smt2
  vanilla-yices2: 0.0711s PASS
  esat-2007: 0.1082s PASS
[399/938] /Users/e35480/git/kn-yices2-2/tests/regress/coverage/smtlib/QF_LRA/clock_synchro/clocksynchro_7clocks.main_invar.base.smt2
  esat-2007: 0.0105s PASS
  vanilla-yices2: 0.0086s PASS
[400/938] /Users/e35480/git/kn-yices2-2/tests/regress/coverage/smtlib/QF_LRA/LassoRanker/Ultimate/MenloPark.bpl_Iteration1_Lasso_3-pieceTemplate.smt2
  vanilla-yices2: 2.8618s PASS
  esat-2007: 16.4184s PASS
[401/938] /Users/e35480/git/kn-yices2-2/tests/regress/coverage/smtlib/QF_LRA/meti-tarski/Chua/2/IL/L/Chua-2-IL-L-chunk-0071.smt2
  esat-2007: 0.0058s PASS
  vanilla-yices2: 0.0065s PASS
[402/938] /Users/e35480/git/kn-yices2-2/tests/regress/coverage/smtlib/QF_LRA/miplib/pp08a-11000.smt2
  vanilla-yices2: 0.1226s PASS
  esat-2007: 14.1491s PASS
[403/938] /Users/e35480/git/kn-yices2-2/tests/regress/coverage/smtlib/QF_LRA/sal/tgc/tgc_io-safe-13.smt2
  esat-2007: 0.0145s PASS
  vanilla-yices2: 0.0155s PASS
[404/938] /Users/e35480/git/kn-yices2-2/tests/regress/coverage/smtlib/QF_LRA/spider_benchmarks/op_seen_less2.base.smt2
  vanilla-yices2: 0.0075s PASS
  esat-2007: 0.0089s PASS
[405/938] /Users/e35480/git/kn-yices2-2/tests/regress/coverage/smtlib/QF_LRA/spider_benchmarks/pd_not_fs_seen.base.smt2
  esat-2007: 0.0059s PASS
  vanilla-yices2: 0.0055s PASS
[406/938] /Users/e35480/git/kn-yices2-2/tests/regress/coverage/smtlib/QF_LRA/TM/p2-zenonumeric_s6.smt2
  vanilla-yices2: 0.0108s PASS
  esat-2007: 0.0125s PASS
[407/938] /Users/e35480/git/kn-yices2-2/tests/regress/coverage/smtlib/QF_RDL/check/bignum_rdl1.smt2
  esat-2007: 0.0065s PASS
  vanilla-yices2: 0.0067s PASS
[408/938] /Users/e35480/git/kn-yices2-2/tests/regress/coverage/smtlib/QF_RDL/check/bignum_rdl2.smt2
  vanilla-yices2: 0.0053s PASS
  esat-2007: 0.0049s PASS
[409/938] /Users/e35480/git/kn-yices2-2/tests/regress/coverage/smtlib/QF_RDL/sal/fischer3-mutex-2.smt2
  esat-2007: 0.0059s PASS
  vanilla-yices2: 0.0052s PASS
[410/938] /Users/e35480/git/kn-yices2-2/tests/regress/coverage/smtlib/QF_RDL/scheduling/abz6_900.smt2
  vanilla-yices2: 0.0211s PASS
  esat-2007: 0.1188s PASS
[411/938] /Users/e35480/git/kn-yices2-2/tests/regress/coverage/smtlib/QF_RDL/scheduling/orb07_550.smt2
  esat-2007: 0.0198s PASS
  vanilla-yices2: 0.0119s PASS
[412/938] /Users/e35480/git/kn-yices2-2/tests/regress/coverage/smtlib/QF_UF/eq_diamond/eq_diamond2.smt2
  vanilla-yices2: 0.0065s PASS
  esat-2007: 0.0052s PASS
[413/938] /Users/e35480/git/kn-yices2-2/tests/regress/coverage/smtlib/QF_UF/eq_diamond/eq_diamond51.smt2
  esat-2007: 0.0059s PASS
  vanilla-yices2: 0.0058s PASS
[414/938] /Users/e35480/git/kn-yices2-2/tests/regress/coverage/smtlib/QF_UFIDL/pete2/c10.smt2
  vanilla-yices2: 0.0234s PASS
  esat-2007: 0.0241s PASS
[415/938] /Users/e35480/git/kn-yices2-2/tests/regress/coverage/smtlib/QF_UFIDL/uclid/37s.smt2
  esat-2007: 0.0067s PASS
  vanilla-yices2: 0.0059s PASS
[416/938] /Users/e35480/git/kn-yices2-2/tests/regress/coverage/smtlib/QF_UFIDL/uclid/elf.rf10.smt2
  vanilla-yices2: 0.0938s PASS
  esat-2007: 0.0976s PASS
[417/938] /Users/e35480/git/kn-yices2-2/tests/regress/coverage/smtlib/QF_UFIDL/UCLID-pred/BRP/BRP2.smt2
  esat-2007: 0.0064s PASS
  vanilla-yices2: 0.0071s PASS
[418/938] /Users/e35480/git/kn-yices2-2/tests/regress/coverage/smtlib/QF_UFLIA/kind/_6counters.ec.smt2 [ --incremental ]
  vanilla-yices2: 0.0049s FAIL(rc=18)
  esat-2007: 0.0064s FAIL(rc=18)
[419/938] /Users/e35480/git/kn-yices2-2/tests/regress/coverage/smtlib/QF_UFLIA/kind/FIREFLY_2_e2_3244_e3_1305.ec.smt2 [ --incremental ]
  esat-2007: 0.0057s FAIL(rc=18)
  vanilla-yices2: 0.0056s FAIL(rc=18)
[420/938] /Users/e35480/git/kn-yices2-2/tests/regress/coverage/smtlib/QF_UFLIA/kind/metros_1_e1_846_e1_1317.ec.smt2 [ --incremental ]
  vanilla-yices2: 0.0052s FAIL(rc=18)
  esat-2007: 0.0052s FAIL(rc=18)
[421/938] /Users/e35480/git/kn-yices2-2/tests/regress/coverage/smtlib/QF_UFLIA/kind/microwave01.ec.smt2 [ --incremental ]
  esat-2007: 0.0049s FAIL(rc=18)
  vanilla-yices2: 0.0067s FAIL(rc=18)
[422/938] /Users/e35480/git/kn-yices2-2/tests/regress/coverage/smtlib/QF_UFLIA/kind/MOESI_all_e3_2032_e3_2788.ec.smt2 [ --incremental ]
  vanilla-yices2: 0.0047s FAIL(rc=18)
  esat-2007: 0.0046s FAIL(rc=18)
[423/938] /Users/e35480/git/kn-yices2-2/tests/regress/coverage/smtlib/QF_UFLIA/kind/two_counters_e1_268.ec.smt2 [ --incremental ]
  esat-2007: 0.0047s FAIL(rc=18)
  vanilla-yices2: 0.0048s FAIL(rc=18)
[424/938] /Users/e35480/git/kn-yices2-2/tests/regress/coverage/smtlib/QF_UFLIA/mathsat/Hash/hash_sat_05_09.smt2
  vanilla-yices2: 0.0060s PASS
  esat-2007: 0.0069s PASS
[425/938] /Users/e35480/git/kn-yices2-2/tests/regress/coverage/smtlib/QF_UFLIA/wisas/xs_27_47.smt2
  esat-2007: 0.0113s PASS
  vanilla-yices2: 0.0122s PASS
[426/938] /Users/e35480/git/kn-yices2-2/tests/regress/coverage/smtlib/QF_UFLRA/cpachecker-bmc-svcomp14/cpachecker-bmc.43_1a_cilled_true-unreach-call_ok_nondet_linux-43_1a-drivers--media--video--cx88--cx88-vp3054-i2c.ko-ldv_main0_sequence_infinite_withcheck_stateful.cil.out.c.smt2 [ --incremental ]
  vanilla-yices2: 0.0049s FAIL(rc=18)
  esat-2007: 0.0048s FAIL(rc=18)
[427/938] /Users/e35480/git/kn-yices2-2/tests/regress/coverage/smtlib/QF_UFLRA/cpachecker-bmc-svcomp14/cpachecker-bmc.43_1a_cilled_true-unreach-call_ok_nondet_linux-43_1a-drivers--platform--x86--intel_menlow.ko-ldv_main0_sequence_infinite_withcheck_stateful.cil.out.c.smt2 [ --incremental ]
  esat-2007: 0.0049s FAIL(rc=18)
  vanilla-yices2: 0.0046s FAIL(rc=18)
[428/938] /Users/e35480/git/kn-yices2-2/tests/regress/coverage/smtlib/QF_UFLRA/cpachecker-bmc-svcomp14/cpachecker-bmc.alias_of_return.c_true-unreach-call_1.i.smt2 [ --incremental ]
  vanilla-yices2: 0.0050s FAIL(rc=18)
  esat-2007: 0.0052s FAIL(rc=18)
[429/938] /Users/e35480/git/kn-yices2-2/tests/regress/coverage/smtlib/QF_UFLRA/cpachecker-bmc-svcomp14/cpachecker-bmc.elevator_spec14_product03_true-unreach-call.cil.c.smt2 [ --incremental ]
  esat-2007: 0.0046s FAIL(rc=18)
  vanilla-yices2: 0.0045s FAIL(rc=18)
[430/938] /Users/e35480/git/kn-yices2-2/tests/regress/coverage/smtlib/QF_UFLRA/cpachecker-bmc-svcomp14/cpachecker-bmc.merge_sort_false-unreach-call.i.smt2 [ --incremental ]
  vanilla-yices2: 0.0045s FAIL(rc=18)
  esat-2007: 0.0047s FAIL(rc=18)
[431/938] /Users/e35480/git/kn-yices2-2/tests/regress/coverage/smtlib/QF_UFLRA/cpachecker-bmc-svcomp14/cpachecker-bmc.rule57_ebda_blast.c_false-unreach-call.i.smt2 [ --incremental ]
  esat-2007: 0.0056s FAIL(rc=18)
  vanilla-yices2: 0.0053s FAIL(rc=18)
[432/938] /Users/e35480/git/kn-yices2-2/tests/regress/coverage/smtlib/QF_UFLRA/cpachecker-bmc-svcomp14/cpachecker-bmc.sum02_true-unreach-call.i.smt2 [ --incremental ]
  vanilla-yices2: 0.0048s FAIL(rc=18)
  esat-2007: 0.0051s FAIL(rc=18)
[433/938] /Users/e35480/git/kn-yices2-2/tests/regress/coverage/smtlib/QF_UFLRA/cpachecker-induction-svcomp14/cpachecker-induction.cdaudio_simpl1_false-unreach-call_true-termination.cil.c.smt2
  esat-2007: 0.0061s PASS
  vanilla-yices2: 0.0059s PASS
[434/938] /Users/e35480/git/kn-yices2-2/tests/regress/coverage/smtlib/QF_UFLRA/cpachecker-induction-svcomp14/cpachecker-induction.count_up_down_true-unreach-call_true-termination.i.smt2
  vanilla-yices2: 0.0054s PASS
  esat-2007: 0.0050s PASS
[435/938] /Users/e35480/git/kn-yices2-2/tests/regress/coverage/smtlib/QF_UFLRA/cpachecker-induction-svcomp14/cpachecker-induction.jain_7_true-unreach-call.i.smt2
  esat-2007: 0.0059s PASS
  vanilla-yices2: 0.0050s PASS
[436/938] /Users/e35480/git/kn-yices2-2/tests/regress/coverage/smtlib/QF_UFLRA/mathsat/RandomCoupled/pb_real_10_0200_10_25.smt2
  vanilla-yices2: 0.0057s PASS
  esat-2007: 0.0064s PASS
[437/938] /Users/e35480/git/kn-yices2-2/tests/regress/coverage/smtlib/QF_UFLRA/mathsat/RandomDecoupled/pb_real_50_100_30_02.smt2
  esat-2007: 0.0184s PASS
  vanilla-yices2: 0.0185s PASS
[438/938] /Users/e35480/git/kn-yices2-2/tests/regress/coverage/smtlib/QF_UF/QG-classification/loops6/gensys_brn004.smt2
  vanilla-yices2: 0.0108s PASS
  esat-2007: 0.0084s PASS
[439/938] /Users/e35480/git/kn-yices2-2/tests/regress/coverage/smtlib/QF_UF/QG-classification/qg5/gensys_icl007.smt2
  esat-2007: 0.0078s PASS
  vanilla-yices2: 0.0061s PASS
[440/938] /Users/e35480/git/kn-yices2-2/tests/regress/coverage/smtlib/QF_UF/QG-classification/qg5/iso_icl1066.smt2
  vanilla-yices2: 0.0075s PASS
  esat-2007: 0.0069s PASS
[441/938] /Users/e35480/git/kn-yices2-2/tests/regress/coverage/smtlib/QF_UF/QG-classification/qg6/iso_brn_repgen016.smt2
  esat-2007: 0.0811s PASS
  vanilla-yices2: 0.0813s PASS
[442/938] /Users/e35480/git/kn-yices2-2/tests/regress/coverage/smtlib/QF_UF/QG-classification/qg6/iso_icl_repgen_sk009.smt2
  vanilla-yices2: 0.0701s PASS
  esat-2007: 0.0701s PASS
[443/938] /Users/e35480/git/kn-yices2-2/tests/regress/coverage/smtlib/QF_UF/SEQ/SEQ004_size5.smt2
  esat-2007: 0.0090s PASS
  vanilla-yices2: 0.0072s PASS
[444/938] /Users/e35480/git/kn-yices2-2/tests/regress/coverage/smtlib/QF_UF/SEQ/SEQ035_size5.smt2
  vanilla-yices2: 0.2448s PASS
  esat-2007: 0.2475s PASS
[445/938] /Users/e35480/git/kn-yices2-2/tests/regress/coverage/smtlib/QF_UF/SEQ/SEQ038_size7.smt2
  esat-2007: 0.0260s PASS
  vanilla-yices2: 0.0268s PASS
[446/938] /Users/e35480/git/kn-yices2-2/tests/regress/efsmt/bv/ranking_2012246_kernel_agplib_init.c.smt2
  vanilla-yices2: 0.0054s PASS
  esat-2007: 0.0054s PASS
[447/938] /Users/e35480/git/kn-yices2-2/tests/regress/efsmt/bv/ranking_2012247_filesys_smbmrx_cvsndrcv.c.smt2
  esat-2007: 0.0053s PASS
  vanilla-yices2: 0.0050s PASS
[448/938] /Users/e35480/git/kn-yices2-2/tests/regress/efsmt/bv/ranking_2012248_audio_ac97_wavepcistream3.cpp.smt2
  vanilla-yices2: 0.0055s PASS
  esat-2007: 0.0050s PASS
[449/938] /Users/e35480/git/kn-yices2-2/tests/regress/efsmt/bv/ranking_2012249_mmedia_gsm610_gsm6102.c.smt2
  esat-2007: 0.0048s PASS
  vanilla-yices2: 0.0051s PASS
[450/938] /Users/e35480/git/kn-yices2-2/tests/regress/efsmt/bv/ranking_2012250_kmdf_pcidrv_sys_hw_physet.c.smt2
  vanilla-yices2: 0.0071s PASS
  esat-2007: 0.0089s PASS
[451/938] /Users/e35480/git/kn-yices2-2/tests/regress/efsmt/bv/ranking_2012251_mmedia_gsm610_gsm6103.c.smt2
  esat-2007: 0.0056s PASS
  vanilla-yices2: 0.0055s PASS
[452/938] /Users/e35480/git/kn-yices2-2/tests/regress/efsmt/bv/ranking_2012252_network_trans_sys_notify.c.smt2
  vanilla-yices2: 0.0053s PASS
  esat-2007: 0.0050s PASS
[453/938] /Users/e35480/git/kn-yices2-2/tests/regress/efsmt/ef-tests/test10.unsat.smt2
  esat-2007: 0.0058s PASS
  vanilla-yices2: 0.0051s PASS
[454/938] /Users/e35480/git/kn-yices2-2/tests/regress/efsmt/ef-tests/test11b.sat.smt2
  vanilla-yices2: 0.1512s PASS
  esat-2007: 0.1572s PASS
[455/938] /Users/e35480/git/kn-yices2-2/tests/regress/efsmt/ef-tests/test11c.sat.smt2
  esat-2007: 0.0275s PASS
  vanilla-yices2: 0.0259s PASS
[456/938] /Users/e35480/git/kn-yices2-2/tests/regress/efsmt/ef-tests/test11.sat.smt2
  vanilla-yices2: 0.0059s PASS
  esat-2007: 0.0059s PASS
[457/938] /Users/e35480/git/kn-yices2-2/tests/regress/efsmt/ef-tests/test1.unsat.smt2
  esat-2007: 0.0062s PASS
  vanilla-yices2: 0.0073s PASS
[458/938] /Users/e35480/git/kn-yices2-2/tests/regress/efsmt/ef-tests/test2.sat.smt2
  vanilla-yices2: 0.0056s PASS
  esat-2007: 0.0049s PASS
[459/938] /Users/e35480/git/kn-yices2-2/tests/regress/efsmt/ef-tests/test3.sat.smt2
  esat-2007: 0.0053s PASS
  vanilla-yices2: 0.0052s PASS
[460/938] /Users/e35480/git/kn-yices2-2/tests/regress/efsmt/ef-tests/test4.sat.smt2
  vanilla-yices2: 0.0054s PASS
  esat-2007: 0.0052s PASS
[461/938] /Users/e35480/git/kn-yices2-2/tests/regress/efsmt/ef-tests/test5.sat.smt2
  esat-2007: 0.0047s PASS
  vanilla-yices2: 0.0046s PASS
[462/938] /Users/e35480/git/kn-yices2-2/tests/regress/efsmt/ef-tests/test6.sat.smt2
  vanilla-yices2: 0.0050s PASS
  esat-2007: 0.0063s PASS
[463/938] /Users/e35480/git/kn-yices2-2/tests/regress/efsmt/ef-tests/test7.sat.smt2
  esat-2007: 0.0059s PASS
  vanilla-yices2: 0.0050s PASS
[464/938] /Users/e35480/git/kn-yices2-2/tests/regress/efsmt/ef-tests/test8.unsat.smt2
  vanilla-yices2: 0.0059s PASS
  esat-2007: 0.0055s PASS
[465/938] /Users/e35480/git/kn-yices2-2/tests/regress/efsmt/ef-tests/test9.sat.smt2
  esat-2007: 0.0062s PASS
  vanilla-yices2: 0.0052s PASS
[466/938] /Users/e35480/git/kn-yices2-2/tests/regress/efsmt/lra/scholl-smt08_RND_2012364_RND_3_5.smt2
  vanilla-yices2: 0.0056s PASS
  esat-2007: 0.0056s PASS
[467/938] /Users/e35480/git/kn-yices2-2/tests/regress/efsmt/lra/scholl-smt08_RND_2012368_RND_3_25.smt2
  esat-2007: 0.0054s PASS
  vanilla-yices2: 0.0053s PASS
[468/938] /Users/e35480/git/kn-yices2-2/tests/regress/keymaera/keymaera_2012253_water_tank-node22259.smt2
  vanilla-yices2: 0.0051s PASS
  esat-2007: 0.0055s PASS
[469/938] /Users/e35480/git/kn-yices2-2/tests/regress/keymaera/keymaera_2012254_water_tank-node16086.smt2
  esat-2007: 0.0059s PASS
  vanilla-yices2: 0.0049s PASS
[470/938] /Users/e35480/git/kn-yices2-2/tests/regress/keymaera/keymaera_2012255_water_tank-node23031.smt2
  vanilla-yices2: 0.0064s PASS
  esat-2007: 0.0053s PASS
[471/938] /Users/e35480/git/kn-yices2-2/tests/regress/keymaera/keymaera_2012256_water_tank-node12581.smt2
  esat-2007: 0.0056s PASS
  vanilla-yices2: 0.0051s PASS
[472/938] /Users/e35480/git/kn-yices2-2/tests/regress/keymaera/keymaera_2012257_water_tank-node16056.smt2
  vanilla-yices2: 0.0062s PASS
  esat-2007: 0.0056s PASS
[473/938] /Users/e35480/git/kn-yices2-2/tests/regress/keymaera/keymaera_2012258_water_tank-node28824.smt2
  esat-2007: 0.0048s PASS
  vanilla-yices2: 0.0052s PASS
[474/938] /Users/e35480/git/kn-yices2-2/tests/regress/keymaera/keymaera_2012259_water_tank-node31001.smt2
  vanilla-yices2: 0.0049s PASS
  esat-2007: 0.0066s PASS
[475/938] /Users/e35480/git/kn-yices2-2/tests/regress/keymaera/keymaera_2012260_water_tank-node30869.smt2
  esat-2007: 0.0055s PASS
  vanilla-yices2: 0.0058s PASS
[476/938] /Users/e35480/git/kn-yices2-2/tests/regress/keymaera/keymaera_2012261_water_tank-node29317.smt2
  vanilla-yices2: 0.0061s PASS
  esat-2007: 0.0051s PASS
[477/938] /Users/e35480/git/kn-yices2-2/tests/regress/keymaera/keymaera_2012262_water_tank-node22228.smt2
  esat-2007: 0.0055s PASS
  vanilla-yices2: 0.0052s PASS
[478/938] /Users/e35480/git/kn-yices2-2/tests/regress/keymaera/keymaera_2012263_water_tank-node14879.smt2
  vanilla-yices2: 0.0062s PASS
  esat-2007: 0.0052s PASS
[479/938] /Users/e35480/git/kn-yices2-2/tests/regress/keymaera/keymaera_2012264_water_tank-node30102.smt2
  esat-2007: 0.0046s PASS
  vanilla-yices2: 0.0051s PASS
[480/938] /Users/e35480/git/kn-yices2-2/tests/regress/keymaera/keymaera_2012265_water_tank-node9351.smt2
  vanilla-yices2: 0.0051s PASS
  esat-2007: 0.0061s PASS
[481/938] /Users/e35480/git/kn-yices2-2/tests/regress/keymaera/keymaera_2012266_water_tank-node25649.smt2
  esat-2007: 0.0059s PASS
  vanilla-yices2: 0.0055s PASS
[482/938] /Users/e35480/git/kn-yices2-2/tests/regress/keymaera/keymaera_2012267_water_tank-node24658.smt2
  vanilla-yices2: 0.0078s PASS
  esat-2007: 0.0057s PASS
[483/938] /Users/e35480/git/kn-yices2-2/tests/regress/keymaera/keymaera_2012268_water_tank-node28794.smt2
  esat-2007: 0.0054s PASS
  vanilla-yices2: 0.0051s PASS
[484/938] /Users/e35480/git/kn-yices2-2/tests/regress/keymaera/keymaera_2012269_water_tank-node21166.smt2
  vanilla-yices2: 0.0054s PASS
  esat-2007: 0.0049s PASS
[485/938] /Users/e35480/git/kn-yices2-2/tests/regress/keymaera/keymaera_2012270_water_tank-node30133.smt2
  esat-2007: 0.0050s PASS
  vanilla-yices2: 0.0049s PASS
[486/938] /Users/e35480/git/kn-yices2-2/tests/regress/keymaera/keymaera_2012271_water_tank-node27679.smt2
  vanilla-yices2: 0.0045s PASS
  esat-2007: 0.0049s PASS
[487/938] /Users/e35480/git/kn-yices2-2/tests/regress/keymaera/keymaera_2012272_water_tank-node19175.smt2
  esat-2007: 0.0059s PASS
  vanilla-yices2: 0.0048s PASS
[488/938] /Users/e35480/git/kn-yices2-2/tests/regress/keymaera/keymaera_2012273_water_tank-node29292.smt2
  vanilla-yices2: 0.0057s PASS
  esat-2007: 0.0047s PASS
[489/938] /Users/e35480/git/kn-yices2-2/tests/regress/keymaera/keymaera_2012274_water_tank-node10186.smt2
  esat-2007: 0.0048s PASS
  vanilla-yices2: 0.0048s PASS
[490/938] /Users/e35480/git/kn-yices2-2/tests/regress/keymaera/keymaera_2012275_water_tank-node19206.smt2
  vanilla-yices2: 0.0047s PASS
  esat-2007: 0.0048s PASS
[491/938] /Users/e35480/git/kn-yices2-2/tests/regress/keymaera/keymaera_2012276_water_tank-node21140.smt2
  esat-2007: 0.0049s PASS
  vanilla-yices2: 0.0051s PASS
[492/938] /Users/e35480/git/kn-yices2-2/tests/regress/keymaera/keymaera_2012277_water_tank-node8198.smt2
  vanilla-yices2: 0.0049s PASS
  esat-2007: 0.0053s PASS
[493/938] /Users/e35480/git/kn-yices2-2/tests/regress/keymaera/keymaera_2012278_water_tank-node28520.smt2
  esat-2007: 0.0055s PASS
  vanilla-yices2: 0.0051s PASS
[494/938] /Users/e35480/git/kn-yices2-2/tests/regress/keymaera/keymaera_2012279_water_tank-node7173.smt2
  vanilla-yices2: 0.0052s PASS
  esat-2007: 0.0054s PASS
[495/938] /Users/e35480/git/kn-yices2-2/tests/regress/keymaera/keymaera_2012280_water_tank-node24598.smt2
  esat-2007: 0.0049s PASS
  vanilla-yices2: 0.0053s PASS
[496/938] /Users/e35480/git/kn-yices2-2/tests/regress/keymaera/keymaera_2012281_water_tank-node28793.smt2
  vanilla-yices2: 0.0052s PASS
  esat-2007: 0.0053s PASS
[497/938] /Users/e35480/git/kn-yices2-2/tests/regress/keymaera/keymaera_2012282_water_tank-node30870.smt2
  esat-2007: 0.0049s PASS
  vanilla-yices2: 0.0051s PASS
[498/938] /Users/e35480/git/kn-yices2-2/tests/regress/keymaera/keymaera_2012283_water_tank-node23061.smt2
  vanilla-yices2: 0.0047s PASS
  esat-2007: 0.0047s PASS
[499/938] /Users/e35480/git/kn-yices2-2/tests/regress/keymaera/keymaera_2012284_water_tank-node25679.smt2
  esat-2007: 0.0052s PASS
  vanilla-yices2: 0.0061s PASS
[500/938] /Users/e35480/git/kn-yices2-2/tests/regress/keymaera/keymaera_2012285_water_tank-node27709.smt2
  vanilla-yices2: 0.0048s PASS
  esat-2007: 0.0053s PASS
[501/938] /Users/e35480/git/kn-yices2-2/tests/regress/keymaera/keymaera_2012286_water_tank-node9381.smt2
  esat-2007: 0.0056s PASS
  vanilla-yices2: 0.0049s PASS
[502/938] /Users/e35480/git/kn-yices2-2/tests/regress/keymaera/keymaera_2012287_water_tank-node14909.smt2
  vanilla-yices2: 0.0053s PASS
  esat-2007: 0.0052s PASS
[503/938] /Users/e35480/git/kn-yices2-2/tests/regress/keymaera/keymaera_2012288_water_tank-node13854.smt2
  esat-2007: 0.0054s PASS
  vanilla-yices2: 0.0055s PASS
[504/938] /Users/e35480/git/kn-yices2-2/tests/regress/keymaera/keymaera_2012289_water_tank-node28519.smt2
  vanilla-yices2: 0.0050s PASS
  esat-2007: 0.0048s PASS
[505/938] /Users/e35480/git/kn-yices2-2/tests/regress/keymaera/keymaera_2012290_water_tank-node18158.smt2
  esat-2007: 0.0046s PASS
  vanilla-yices2: 0.0059s PASS
[506/938] /Users/e35480/git/kn-yices2-2/tests/regress/keymaera/keymaera_2012291_water_tank-node23030.smt2
  vanilla-yices2: 0.0054s PASS
  esat-2007: 0.0055s PASS
[507/938] /Users/e35480/git/kn-yices2-2/tests/regress/keymaera/keymaera_2012292_water_tank-node22229.smt2
  esat-2007: 0.0072s PASS
  vanilla-yices2: 0.0057s PASS
[508/938] /Users/e35480/git/kn-yices2-2/tests/regress/keymaera/keymaera_2012293_water_tank-node31031.smt2
  vanilla-yices2: 0.0055s PASS
  esat-2007: 0.0052s PASS
[509/938] /Users/e35480/git/kn-yices2-2/tests/regress/keymaera/keymaera_2012294_water_tank-node7174.smt2
  esat-2007: 0.0052s PASS
  vanilla-yices2: 0.0057s PASS
[510/938] /Users/e35480/git/kn-yices2-2/tests/regress/keymaera/keymaera_2012295_water_tank-node19176.smt2
  vanilla-yices2: 0.0055s PASS
  esat-2007: 0.0052s PASS
[511/938] /Users/e35480/git/kn-yices2-2/tests/regress/keymaera/keymaera_2012296_water_tank-node5019.smt2
  esat-2007: 0.0049s PASS
  vanilla-yices2: 0.0064s PASS
[512/938] /Users/e35480/git/kn-yices2-2/tests/regress/keymaera/keymaera_2012297_water_tank-node11755.smt2
  vanilla-yices2: 0.0062s PASS
  esat-2007: 0.0053s PASS
[513/938] /Users/e35480/git/kn-yices2-2/tests/regress/keymaera/keymaera_2012298_water_tank-node24597.smt2
  esat-2007: 0.0063s PASS
  vanilla-yices2: 0.0052s PASS
[514/938] /Users/e35480/git/kn-yices2-2/tests/regress/keymaera/keymaera_2012299_water_tank-node30895.smt2
  vanilla-yices2: 0.0051s PASS
  esat-2007: 0.0064s PASS
[515/938] /Users/e35480/git/kn-yices2-2/tests/regress/keymaera/keymaera_2012300_water_tank-node25618.smt2
  esat-2007: 0.0057s PASS
  vanilla-yices2: 0.0056s PASS
[516/938] /Users/e35480/git/kn-yices2-2/tests/regress/keymaera/keymaera_2012301_water_tank-node22289.smt2
  vanilla-yices2: 0.0057s PASS
  esat-2007: 0.0047s PASS
[517/938] /Users/e35480/git/kn-yices2-2/tests/regress/keymaera/keymaera_2012302_water_tank-node21141.smt2
  esat-2007: 0.0053s PASS
  vanilla-yices2: 0.0063s PASS
[518/938] /Users/e35480/git/kn-yices2-2/tests/regress/keymaera/keymaera_2012303_water_tank-node16055.smt2
  vanilla-yices2: 0.0064s PASS
  esat-2007: 0.0062s PASS
[519/938] /Users/e35480/git/kn-yices2-2/tests/regress/keymaera/keymaera_2012304_water_tank-node24628.smt2
  esat-2007: 0.0061s PASS
  vanilla-yices2: 0.0048s PASS
[520/938] /Users/e35480/git/kn-yices2-2/tests/regress/keymaera/keymaera_2012305_water_tank-node5020.smt2
  vanilla-yices2: 0.0055s PASS
  esat-2007: 0.0057s PASS
[521/938] /Users/e35480/git/kn-yices2-2/tests/regress/keymaera/keymaera_2012306_water_tank-node10156.smt2
  esat-2007: 0.0050s PASS
  vanilla-yices2: 0.0060s PASS
[522/938] /Users/e35480/git/kn-yices2-2/tests/regress/keymaera/keymaera_2012307_water_tank-node30158.smt2
  vanilla-yices2: 0.0053s PASS
  esat-2007: 0.0047s PASS
[523/938] /Users/e35480/git/kn-yices2-2/tests/regress/keymaera/keymaera_2012308_water_tank-node29291.smt2
  esat-2007: 0.0051s PASS
  vanilla-yices2: 0.0069s PASS
[524/938] /Users/e35480/git/kn-yices2-2/tests/regress/keymaera/keymaera_2012309_water_tank-node26754.smt2
  vanilla-yices2: 0.0058s PASS
  esat-2007: 0.0051s PASS
[525/938] /Users/e35480/git/kn-yices2-2/tests/regress/keymaera/keymaera_2012310_water_tank-node9350.smt2
  esat-2007: 0.0058s PASS
  vanilla-yices2: 0.0055s PASS
[526/938] /Users/e35480/git/kn-yices2-2/tests/regress/keymaera/keymaera_2012311_water_tank-node31000.smt2
  vanilla-yices2: 0.0058s PASS
  esat-2007: 0.0051s PASS
[527/938] /Users/e35480/git/kn-yices2-2/tests/regress/keymaera/keymaera_2012312_water_tank-node8199.smt2
  esat-2007: 0.0053s PASS
  vanilla-yices2: 0.0058s PASS
[528/938] /Users/e35480/git/kn-yices2-2/tests/regress/keymaera/keymaera_2012313_water_tank-node12555.smt2
  vanilla-yices2: 0.0048s PASS
  esat-2007: 0.0049s PASS
[529/938] /Users/e35480/git/kn-yices2-2/tests/regress/keymaera/keymaera_2012314_water_tank-node23091.smt2
  esat-2007: 0.0055s PASS
  vanilla-yices2: 0.0048s PASS
[530/938] /Users/e35480/git/kn-yices2-2/tests/regress/keymaera/keymaera_2012315_water_tank-node25619.smt2
  vanilla-yices2: 0.0048s PASS
  esat-2007: 0.0061s PASS
[531/938] /Users/e35480/git/kn-yices2-2/tests/regress/keymaera/keymaera_2012316_water_tank-node11781.smt2
  esat-2007: 0.0049s PASS
  vanilla-yices2: 0.0047s PASS
[532/938] /Users/e35480/git/kn-yices2-2/tests/regress/keymaera/keymaera_2012317_water_tank-node27654.smt2
  vanilla-yices2: 0.0058s PASS
  esat-2007: 0.0049s PASS
[533/938] /Users/e35480/git/kn-yices2-2/tests/regress/keymaera/keymaera_2012318_water_tank-node18188.smt2
  esat-2007: 0.0049s PASS
  vanilla-yices2: 0.0059s PASS
[534/938] /Users/e35480/git/kn-yices2-2/tests/regress/keymaera/keymaera_2012319_water_tank-node14878.smt2
  vanilla-yices2: 0.0047s PASS
  esat-2007: 0.0051s PASS
[535/938] /Users/e35480/git/kn-yices2-2/tests/regress/keymaera/keymaera_2012320_water_tank-node31056.smt2
  esat-2007: 0.0057s PASS
  vanilla-yices2: 0.0051s PASS
[536/938] /Users/e35480/git/kn-yices2-2/tests/regress/keymaera/keymaera_2012321_water_tank-node12556.smt2
  vanilla-yices2: 0.0050s PASS
  esat-2007: 0.0054s PASS
[537/938] /Users/e35480/git/kn-yices2-2/tests/regress/keymaera/keymaera_2012322_water_tank-node27653.smt2
  esat-2007: 0.0052s PASS
  vanilla-yices2: 0.0050s PASS
[538/938] /Users/e35480/git/kn-yices2-2/tests/regress/keymaera/keymaera_2012323_water_tank-node18157.smt2
  vanilla-yices2: 0.0053s PASS
  esat-2007: 0.0056s PASS
[539/938] /Users/e35480/git/kn-yices2-2/tests/regress/keymaera/keymaera_2012324_water_tank-node13855.smt2
  esat-2007: 0.0051s PASS
  vanilla-yices2: 0.0053s PASS
[540/938] /Users/e35480/git/kn-yices2-2/tests/regress/keymaera/keymaera_2012325_water_tank-node13885.smt2
  vanilla-yices2: 0.0049s PASS
  esat-2007: 0.0051s PASS
[541/938] /Users/e35480/git/kn-yices2-2/tests/regress/keymaera/keymaera_2012326_water_tank-node10155.smt2
  esat-2007: 0.0056s PASS
  vanilla-yices2: 0.0049s PASS
[542/938] /Users/e35480/git/kn-yices2-2/tests/regress/keymaera/keymaera_894071_intersection-example-simple.proof-node85544.smt2
  vanilla-yices2: 0.0050s PASS
  esat-2007: 0.0052s PASS
[543/938] /Users/e35480/git/kn-yices2-2/tests/regress/keymaera/keymaera_894072_intersection-example-simple.proof-node22267.smt2
  esat-2007: 0.0055s PASS
  vanilla-yices2: 0.0054s PASS
[544/938] /Users/e35480/git/kn-yices2-2/tests/regress/keymaera/keymaera_894073_intersection-example-simple.proof-node432116.smt2
  vanilla-yices2: 0.0050s PASS
  esat-2007: 0.0050s PASS
[545/938] /Users/e35480/git/kn-yices2-2/tests/regress/keymaera/keymaera_894074_intersection-example-simple.proof-node22058.smt2
  esat-2007: 0.0049s PASS
  vanilla-yices2: 0.0051s PASS
[546/938] /Users/e35480/git/kn-yices2-2/tests/regress/keymaera/keymaera_894075_intersection-example-simple.proof-node453137.smt2
  vanilla-yices2: 0.0049s PASS
  esat-2007: 0.0047s PASS
[547/938] /Users/e35480/git/kn-yices2-2/tests/regress/keymaera/keymaera_894076_intersection-example-simple.proof-node71792.smt2
  esat-2007: 0.0048s PASS
  vanilla-yices2: 0.0049s PASS
[548/938] /Users/e35480/git/kn-yices2-2/tests/regress/keymaera/keymaera_894078_intersection-example-simple.proof-node47049.smt2
  vanilla-yices2: 0.0047s PASS
  esat-2007: 0.0047s PASS
[549/938] /Users/e35480/git/kn-yices2-2/tests/regress/keymaera/keymaera_894079_intersection-example-simple.proof-node462796.smt2
  esat-2007: 0.0052s PASS
  vanilla-yices2: 0.0049s PASS
[550/938] /Users/e35480/git/kn-yices2-2/tests/regress/keymaera/keymaera_894081_intersection-example-simple.proof-node406896.smt2
  vanilla-yices2: 0.0046s PASS
  esat-2007: 0.0046s PASS
[551/938] /Users/e35480/git/kn-yices2-2/tests/regress/keymaera/keymaera_894085_intersection-example-simple.proof-node75451.smt2
  esat-2007: 0.0052s PASS
  vanilla-yices2: 0.0047s PASS
[552/938] /Users/e35480/git/kn-yices2-2/tests/regress/keymaera/keymaera_894086_intersection-example-simple.proof-node393141.smt2
  vanilla-yices2: 0.0051s PASS
  esat-2007: 0.0048s PASS
[553/938] /Users/e35480/git/kn-yices2-2/tests/regress/keymaera/keymaera_894088_intersection-example-simple.proof-node688433.smt2
  esat-2007: 0.0048s PASS
  vanilla-yices2: 0.0048s PASS
[554/938] /Users/e35480/git/kn-yices2-2/tests/regress/keymaera/keymaera_894090_intersection-example-simple.proof-node432437.smt2
  vanilla-yices2: 0.0055s PASS
  esat-2007: 0.0050s PASS
[555/938] /Users/e35480/git/kn-yices2-2/tests/regress/keymaera/keymaera_894091_intersection-example-simple.proof-node403405.smt2
  esat-2007: 0.0050s PASS
  vanilla-yices2: 0.0053s PASS
[556/938] /Users/e35480/git/kn-yices2-2/tests/regress/keymaera/keymaera_894092_intersection-example-simple.proof-node679290.smt2
  vanilla-yices2: 0.0048s PASS
  esat-2007: 0.0048s PASS
[557/938] /Users/e35480/git/kn-yices2-2/tests/regress/keymaera/keymaera_894093_intersection-example-simple.proof-node13023.smt2
  esat-2007: 0.0047s PASS
  vanilla-yices2: 0.0052s PASS
[558/938] /Users/e35480/git/kn-yices2-2/tests/regress/keymaera/keymaera_894094_intersection-example-simple.proof-node59054.smt2
  vanilla-yices2: 0.0046s PASS
  esat-2007: 0.0051s PASS
[559/938] /Users/e35480/git/kn-yices2-2/tests/regress/keymaera/keymaera_894095_intersection-example-simple.proof-node396678.smt2
  esat-2007: 0.0050s PASS
  vanilla-yices2: 0.0050s PASS
[560/938] /Users/e35480/git/kn-yices2-2/tests/regress/keymaera/keymaera_894096_intersection-example-simple.proof-node679466.smt2
  vanilla-yices2: 0.0049s PASS
  esat-2007: 0.0051s PASS
[561/938] /Users/e35480/git/kn-yices2-2/tests/regress/keymaera/keymaera_894097_intersection-example-simple.proof-node398905.smt2
  esat-2007: 0.0054s PASS
  vanilla-yices2: 0.0048s PASS
[562/938] /Users/e35480/git/kn-yices2-2/tests/regress/keymaera/keymaera_894098_intersection-example-simple.proof-node43741.smt2
  vanilla-yices2: 0.0055s PASS
  esat-2007: 0.0051s PASS
[563/938] /Users/e35480/git/kn-yices2-2/tests/regress/keymaera/keymaera_894099_intersection-example-simple.proof-node463847.smt2
  esat-2007: 0.0050s PASS
  vanilla-yices2: 0.0053s PASS
[564/938] /Users/e35480/git/kn-yices2-2/tests/regress/keymaera/keymaera_894100_intersection-example-simple.proof-node422254.smt2
  vanilla-yices2: 0.0050s PASS
  esat-2007: 0.0048s PASS
[565/938] /Users/e35480/git/kn-yices2-2/tests/regress/keymaera/keymaera_894103_intersection-example-simple.proof-node86313.smt2
  esat-2007: 0.0049s PASS
  vanilla-yices2: 0.0052s PASS
[566/938] /Users/e35480/git/kn-yices2-2/tests/regress/keymaera/keymaera_894104_intersection-example-simple.proof-node12702.smt2
  vanilla-yices2: 0.0048s PASS
  esat-2007: 0.0051s PASS
[567/938] /Users/e35480/git/kn-yices2-2/tests/regress/keymaera/keymaera_894106_intersection-example-simple.proof-node679744.smt2
  esat-2007: 0.0049s PASS
  vanilla-yices2: 0.0046s PASS
[568/938] /Users/e35480/git/kn-yices2-2/tests/regress/keymaera/keymaera_894107_intersection-example-simple.proof-node427730.smt2
  vanilla-yices2: 0.0049s PASS
  esat-2007: 0.0054s PASS
[569/938] /Users/e35480/git/kn-yices2-2/tests/regress/keymaera/keymaera_894109_intersection-example-simple.proof-node431299.smt2
  esat-2007: 0.0049s PASS
  vanilla-yices2: 0.0048s PASS
[570/938] /Users/e35480/git/kn-yices2-2/tests/regress/keymaera/keymaera_894111_intersection-example-simple.proof-node44607.smt2
  vanilla-yices2: 0.0051s PASS
  esat-2007: 0.0050s PASS
[571/938] /Users/e35480/git/kn-yices2-2/tests/regress/keymaera/keymaera_894113_intersection-example-simple.proof-node70716.smt2
  esat-2007: 0.0049s PASS
  vanilla-yices2: 0.0048s PASS
[572/938] /Users/e35480/git/kn-yices2-2/tests/regress/keymaera/keymaera_894114_intersection-example-simple.proof-node98721.smt2
  vanilla-yices2: 0.0056s PASS
  esat-2007: 0.0052s PASS
[573/938] /Users/e35480/git/kn-yices2-2/tests/regress/keymaera/keymaera_894115_intersection-example-simple.proof-node16357.smt2
  esat-2007: 0.0048s PASS
  vanilla-yices2: 0.0053s PASS
[574/938] /Users/e35480/git/kn-yices2-2/tests/regress/keymaera/keymaera_894116_intersection-example-simple.proof-node427939.smt2
  vanilla-yices2: 0.0051s PASS
  esat-2007: 0.0053s PASS
[575/938] /Users/e35480/git/kn-yices2-2/tests/regress/keymaera/keymaera_894117_intersection-example-simple.proof-node733141.smt2
  esat-2007: 0.0061s PASS
  vanilla-yices2: 0.0052s PASS
[576/938] /Users/e35480/git/kn-yices2-2/tests/regress/keymaera/keymaera_894118_intersection-example-simple.proof-node12911.smt2
  vanilla-yices2: 0.0050s PASS
  esat-2007: 0.0057s PASS
[577/938] /Users/e35480/git/kn-yices2-2/tests/regress/keymaera/keymaera_894119_intersection-example-simple.proof-node680612.smt2
  esat-2007: 0.0050s PASS
  vanilla-yices2: 0.0049s PASS
[578/938] /Users/e35480/git/kn-yices2-2/tests/regress/keymaera/keymaera_894120_intersection-example-simple.proof-node53134.smt2
  vanilla-yices2: 0.0056s PASS
  esat-2007: 0.0051s PASS
[579/938] /Users/e35480/git/kn-yices2-2/tests/regress/keymaera/keymaera_894121_intersection-example-simple.proof-node15586.smt2
  esat-2007: 0.0051s PASS
  vanilla-yices2: 0.0054s PASS
[580/938] /Users/e35480/git/kn-yices2-2/tests/regress/keymaera/keymaera_894123_intersection-example-simple.proof-node684597.smt2
  vanilla-yices2: 0.0055s PASS
  esat-2007: 0.0053s PASS
[581/938] /Users/e35480/git/kn-yices2-2/tests/regress/keymaera/keymaera_894124_intersection-example-simple.proof-node459874.smt2
  esat-2007: 0.0058s PASS
  vanilla-yices2: 0.0055s PASS
[582/938] /Users/e35480/git/kn-yices2-2/tests/regress/keymaera/keymaera_894126_intersection-example-simple.proof-node450267.smt2
  vanilla-yices2: 0.0052s PASS
  esat-2007: 0.0059s PASS
[583/938] /Users/e35480/git/kn-yices2-2/tests/regress/keymaera/keymaera_894128_intersection-example-simple.proof-node680933.smt2
  esat-2007: 0.0054s PASS
  vanilla-yices2: 0.0053s PASS
[584/938] /Users/e35480/git/kn-yices2-2/tests/regress/keymaera/keymaera_894130_intersection-example-simple.proof-node688613.smt2
  vanilla-yices2: 0.0059s PASS
  esat-2007: 0.0054s PASS
[585/938] /Users/e35480/git/kn-yices2-2/tests/regress/keymaera/keymaera_894131_intersection-example-simple.proof-node431090.smt2
  esat-2007: 0.0050s PASS
  vanilla-yices2: 0.0059s PASS
[586/938] /Users/e35480/git/kn-yices2-2/tests/regress/keymaera/keymaera_894132_intersection-example-simple.proof-node46397.smt2
  vanilla-yices2: 0.0050s PASS
  esat-2007: 0.0053s PASS
[587/938] /Users/e35480/git/kn-yices2-2/tests/regress/keymaera/keymaera_894133_intersection-example-simple.proof-node99528.smt2
  esat-2007: 0.0059s PASS
  vanilla-yices2: 0.0050s PASS
[588/938] /Users/e35480/git/kn-yices2-2/tests/regress/keymaera/keymaera_894134_intersection-example-simple.proof-node405951.smt2
  vanilla-yices2: 0.0049s PASS
  esat-2007: 0.0055s PASS
[589/938] /Users/e35480/git/kn-yices2-2/tests/regress/keymaera/keymaera_894135_intersection-example-simple.proof-node403143.smt2
  esat-2007: 0.0054s PASS
  vanilla-yices2: 0.0050s PASS
[590/938] /Users/e35480/git/kn-yices2-2/tests/regress/keymaera/keymaera_894137_intersection-example-simple.proof-node404096.smt2
  vanilla-yices2: 0.0056s PASS
  esat-2007: 0.0054s PASS
[591/938] /Users/e35480/git/kn-yices2-2/tests/regress/keymaera/keymaera_894139_intersection-example-simple.proof-node57616.smt2
  esat-2007: 0.0052s PASS
  vanilla-yices2: 0.0055s PASS
[592/938] /Users/e35480/git/kn-yices2-2/tests/regress/keymaera/keymaera_894141_intersection-example-simple.proof-node6298.smt2
  vanilla-yices2: 0.0053s PASS
  esat-2007: 0.0049s PASS
[593/938] /Users/e35480/git/kn-yices2-2/tests/regress/keymaera/keymaera_894142_intersection-example-simple.proof-node412027.smt2
  esat-2007: 0.0053s PASS
  vanilla-yices2: 0.0052s PASS
[594/938] /Users/e35480/git/kn-yices2-2/tests/regress/keymaera/keymaera_894143_intersection-example-simple.proof-node98609.smt2
  vanilla-yices2: 0.0051s PASS
  esat-2007: 0.0055s PASS
[595/938] /Users/e35480/git/kn-yices2-2/tests/regress/keymaera/keymaera_894144_intersection-example-simple.proof-node683187.smt2
  esat-2007: 0.0051s PASS
  vanilla-yices2: 0.0050s PASS
[596/938] /Users/e35480/git/kn-yices2-2/tests/regress/keymaera/keymaera_894147_intersection-example-simple.proof-node26275.smt2
  vanilla-yices2: 0.0045s PASS
  esat-2007: 0.0051s PASS
[597/938] /Users/e35480/git/kn-yices2-2/tests/regress/keymaera/keymaera_894148_intersection-example-simple.proof-node451347.smt2
  esat-2007: 0.0056s PASS
  vanilla-yices2: 0.0053s PASS
[598/938] /Users/e35480/git/kn-yices2-2/tests/regress/keymaera/keymaera_894149_intersection-example-simple.proof-node2545.smt2
  vanilla-yices2: 0.0048s PASS
  esat-2007: 0.0045s PASS
[599/938] /Users/e35480/git/kn-yices2-2/tests/regress/keymaera/keymaera_894150_intersection-example-simple.proof-node85758.smt2
  esat-2007: 0.0050s PASS
  vanilla-yices2: 0.0050s PASS
[600/938] /Users/e35480/git/kn-yices2-2/tests/regress/keymaera/keymaera_894152_intersection-example-simple.proof-node22930.smt2
  vanilla-yices2: 0.0045s PASS
  esat-2007: 0.0047s PASS
[601/938] /Users/e35480/git/kn-yices2-2/tests/regress/keymaera/keymaera_894154_intersection-example-simple.proof-node81001.smt2
  esat-2007: 0.0055s PASS
  vanilla-yices2: 0.0053s PASS
[602/938] /Users/e35480/git/kn-yices2-2/tests/regress/keymaera/keymaera_894155_intersection-example-simple.proof-node409710.smt2
  vanilla-yices2: 0.0052s PASS
  esat-2007: 0.0049s PASS
[603/938] /Users/e35480/git/kn-yices2-2/tests/regress/keymaera/keymaera_894156_intersection-example-simple.proof-node461247.smt2
  esat-2007: 0.0048s PASS
  vanilla-yices2: 0.0049s PASS
[604/938] /Users/e35480/git/kn-yices2-2/tests/regress/keymaera/keymaera_894157_intersection-example-simple.proof-node681835.smt2
  vanilla-yices2: 0.0050s PASS
  esat-2007: 0.0049s PASS
[605/938] /Users/e35480/git/kn-yices2-2/tests/regress/keymaera/keymaera_894159_intersection-example-simple.proof-node84760.smt2
  esat-2007: 0.0049s PASS
  vanilla-yices2: 0.0048s PASS
[606/938] /Users/e35480/git/kn-yices2-2/tests/regress/keymaera/keymaera_894160_intersection-example-simple.proof-node680821.smt2
  vanilla-yices2: 0.0051s PASS
  esat-2007: 0.0049s PASS
[607/938] /Users/e35480/git/kn-yices2-2/tests/regress/keymaera/keymaera_894161_intersection-example-simple.proof-node54186.smt2
  esat-2007: 0.0051s PASS
  vanilla-yices2: 0.0048s PASS
[608/938] /Users/e35480/git/kn-yices2-2/tests/regress/keymaera/keymaera_894163_intersection-example-simple.proof-node404555.smt2
  vanilla-yices2: 0.0047s PASS
  esat-2007: 0.0051s PASS
[609/938] /Users/e35480/git/kn-yices2-2/tests/regress/keymaera/keymaera_894167_intersection-example-simple.proof-node419176.smt2
  esat-2007: 0.0051s PASS
  vanilla-yices2: 0.0047s PASS
[610/938] /Users/e35480/git/kn-yices2-2/tests/regress/keymaera/keymaera_894168_intersection-example-simple.proof-node451133.smt2
  vanilla-yices2: 0.0048s PASS
  esat-2007: 0.0050s PASS
[611/938] /Users/e35480/git/kn-yices2-2/tests/regress/keymaera/keymaera_894169_intersection-example-simple.proof-node80003.smt2
  esat-2007: 0.0050s PASS
  vanilla-yices2: 0.0050s PASS
[612/938] /Users/e35480/git/kn-yices2-2/tests/regress/keymaera/keymaera_894171_intersection-example-simple.proof-node465124.smt2
  vanilla-yices2: 0.0049s PASS
  esat-2007: 0.0050s PASS
[613/938] /Users/e35480/git/kn-yices2-2/tests/regress/keymaera/keymaera_894175_intersection-example-simple.proof-node454003.smt2
  esat-2007: 0.0048s PASS
  vanilla-yices2: 0.0051s PASS
[614/938] /Users/e35480/git/kn-yices2-2/tests/regress/keymaera/keymaera_894176_intersection-example-simple.proof-node6512.smt2
  vanilla-yices2: 0.0047s PASS
  esat-2007: 0.0049s PASS
[615/938] /Users/e35480/git/kn-yices2-2/tests/regress/keymaera/keymaera_894180_intersection-example-simple.proof-node462599.smt2
  esat-2007: 0.0049s PASS
  vanilla-yices2: 0.0051s PASS
[616/938] /Users/e35480/git/kn-yices2-2/tests/regress/keymaera/keymaera_894181_intersection-example-simple.proof-node80217.smt2
  vanilla-yices2: 0.0049s PASS
  esat-2007: 0.0048s PASS
[617/938] /Users/e35480/git/kn-yices2-2/tests/regress/keymaera/keymaera_894182_intersection-example-simple.proof-node679020.smt2
  esat-2007: 0.0049s PASS
  vanilla-yices2: 0.0051s PASS
[618/938] /Users/e35480/git/kn-yices2-2/tests/regress/keymaera/keymaera_894183_intersection-example-simple.proof-node44393.smt2
  vanilla-yices2: 0.0048s PASS
  esat-2007: 0.0049s PASS
[619/938] /Users/e35480/git/kn-yices2-2/tests/regress/keymaera/keymaera_894184_intersection-example-simple.proof-node683401.smt2
  esat-2007: 0.0048s PASS
  vanilla-yices2: 0.0048s PASS
[620/938] /Users/e35480/git/kn-yices2-2/tests/regress/keymaera/keymaera_894185_intersection-example-simple.proof-node24909.smt2
  vanilla-yices2: 0.0049s PASS
  esat-2007: 0.0053s PASS
[621/938] /Users/e35480/git/kn-yices2-2/tests/regress/keymaera/keymaera_894187_intersection-example-simple.proof-node408839.smt2
  esat-2007: 0.0050s PASS
  vanilla-yices2: 0.0049s PASS
[622/938] /Users/e35480/git/kn-yices2-2/tests/regress/keymaera/keymaera_894188_intersection-example-simple.proof-node75660.smt2
  vanilla-yices2: 0.0052s PASS
  esat-2007: 0.0049s PASS
[623/938] /Users/e35480/git/kn-yices2-2/tests/regress/keymaera/keymaera_894190_intersection-example-simple.proof-node396021.smt2
  esat-2007: 0.0049s PASS
  vanilla-yices2: 0.0049s PASS
[624/938] /Users/e35480/git/kn-yices2-2/tests/regress/keymaera/keymaera_894192_intersection-example-simple.proof-node25118.smt2
  vanilla-yices2: 0.0051s PASS
  esat-2007: 0.0049s PASS
[625/938] /Users/e35480/git/kn-yices2-2/tests/regress/keymaera/keymaera_894196_intersection-example-simple.proof-node460926.smt2
  esat-2007: 0.0050s PASS
  vanilla-yices2: 0.0047s PASS
[626/938] /Users/e35480/git/kn-yices2-2/tests/regress/keymaera/keymaera_894197_intersection-example-simple.proof-node25230.smt2
  vanilla-yices2: 0.0047s PASS
  esat-2007: 0.0049s PASS
[627/938] /Users/e35480/git/kn-yices2-2/tests/regress/keymaera/keymaera_894198_intersection-example-simple.proof-node407008.smt2
  esat-2007: 0.0053s PASS
  vanilla-yices2: 0.0048s PASS
[628/938] /Users/e35480/git/kn-yices2-2/tests/regress/keymaera/keymaera_894199_intersection-example-simple.proof-node396892.smt2
  vanilla-yices2: 0.0050s PASS
  esat-2007: 0.0051s PASS
[629/938] /Users/e35480/git/kn-yices2-2/tests/regress/keymaera/keymaera_894200_intersection-example-simple.proof-node404749.smt2
  esat-2007: 0.0050s PASS
  vanilla-yices2: 0.0048s PASS
[630/938] /Users/e35480/git/kn-yices2-2/tests/regress/keymaera/keymaera_894201_intersection-example-simple.proof-node461135.smt2
  vanilla-yices2: 0.0048s PASS
  esat-2007: 0.0051s PASS
[631/938] /Users/e35480/git/kn-yices2-2/tests/regress/keymaera/keymaera_894203_intersection-example-simple.proof-node464724.smt2
  esat-2007: 0.0049s PASS
  vanilla-yices2: 0.0051s PASS
[632/938] /Users/e35480/git/kn-yices2-2/tests/regress/keymaera/keymaera_894204_intersection-example-simple.proof-node3202.smt2
  vanilla-yices2: 0.0048s PASS
  esat-2007: 0.0048s PASS
[633/938] /Users/e35480/git/kn-yices2-2/tests/regress/keymaera/keymaera_894206_intersection-example-simple.proof-node62694.smt2
  esat-2007: 0.0049s PASS
  vanilla-yices2: 0.0051s PASS
[634/938] /Users/e35480/git/kn-yices2-2/tests/regress/keymaera/keymaera_894207_intersection-example-simple.proof-node422040.smt2
  vanilla-yices2: 0.0049s PASS
  esat-2007: 0.0050s PASS
[635/938] /Users/e35480/git/kn-yices2-2/tests/regress/keymaera/keymaera_894208_intersection-example-simple.proof-node81556.smt2
  esat-2007: 0.0048s PASS
  vanilla-yices2: 0.0050s PASS
[636/938] /Users/e35480/git/kn-yices2-2/tests/regress/keymaera/keymaera_894212_intersection-example-simple.proof-node93874.smt2
  vanilla-yices2: 0.0046s PASS
  esat-2007: 0.0047s PASS
[637/938] /Users/e35480/git/kn-yices2-2/tests/regress/keymaera/keymaera_894216_intersection-example-simple.proof-node93665.smt2
  esat-2007: 0.0048s PASS
  vanilla-yices2: 0.0046s PASS
[638/938] /Users/e35480/git/kn-yices2-2/tests/regress/keymaera/keymaera_894217_intersection-example-simple.proof-node70925.smt2
  vanilla-yices2: 0.0047s PASS
  esat-2007: 0.0052s PASS
[639/938] /Users/e35480/git/kn-yices2-2/tests/regress/keymaera/keymaera_894218_intersection-example-simple.proof-node43527.smt2
  esat-2007: 0.0047s PASS
  vanilla-yices2: 0.0048s PASS
[640/938] /Users/e35480/git/kn-yices2-2/tests/regress/keymaera/keymaera_894221_intersection-example-simple.proof-node419390.smt2
  vanilla-yices2: 0.0047s PASS
  esat-2007: 0.0050s PASS
[641/938] /Users/e35480/git/kn-yices2-2/tests/regress/keymaera/keymaera_894222_intersection-example-simple.proof-node409496.smt2
  esat-2007: 0.0050s PASS
  vanilla-yices2: 0.0050s PASS
[642/938] /Users/e35480/git/kn-yices2-2/tests/regress/keymaera/keymaera_894223_intersection-example-simple.proof-node15800.smt2
  vanilla-yices2: 0.0050s PASS
  esat-2007: 0.0047s PASS
[643/938] /Users/e35480/git/kn-yices2-2/tests/regress/keymaera/keymaera_894224_intersection-example-simple.proof-node58499.smt2
  esat-2007: 0.0049s PASS
  vanilla-yices2: 0.0050s PASS
[644/938] /Users/e35480/git/kn-yices2-2/tests/regress/keymaera/keymaera_894225_intersection-example-simple.proof-node683817.smt2
  vanilla-yices2: 0.0048s PASS
  esat-2007: 0.0048s PASS
[645/938] /Users/e35480/git/kn-yices2-2/tests/regress/keymaera/keymaera_894226_intersection-example-simple.proof-node94741.smt2
  esat-2007: 0.0054s PASS
  vanilla-yices2: 0.0051s PASS
[646/938] /Users/e35480/git/kn-yices2-2/tests/regress/keymaera/keymaera_894227_intersection-example-simple.proof-node453789.smt2
  vanilla-yices2: 0.0048s PASS
  esat-2007: 0.0048s PASS
[647/938] /Users/e35480/git/kn-yices2-2/tests/regress/keymaera/keymaera_894229_intersection-example-simple.proof-node432325.smt2
  esat-2007: 0.0049s PASS
  vanilla-yices2: 0.0046s PASS
[648/938] /Users/e35480/git/kn-yices2-2/tests/regress/keymaera/keymaera_894230_intersection-example-simple.proof-node5741.smt2
  vanilla-yices2: 0.0049s PASS
  esat-2007: 0.0046s PASS
[649/938] /Users/e35480/git/kn-yices2-2/tests/regress/keymaera/keymaera_894231_intersection-example-simple.proof-node76467.smt2
  esat-2007: 0.0050s PASS
  vanilla-yices2: 0.0048s PASS
[650/938] /Users/e35480/git/kn-yices2-2/tests/regress/keymaera/keymaera_894232_intersection-example-simple.proof-node11938.smt2
  vanilla-yices2: 0.0052s PASS
  esat-2007: 0.0047s PASS
[651/938] /Users/e35480/git/kn-yices2-2/tests/regress/keymaera/keymaera_894233_intersection-example-simple.proof-node63249.smt2
  esat-2007: 0.0049s PASS
  vanilla-yices2: 0.0047s PASS
[652/938] /Users/e35480/git/kn-yices2-2/tests/regress/keymaera/keymaera_894234_intersection-example-simple.proof-node81770.smt2
  vanilla-yices2: 0.0049s PASS
  esat-2007: 0.0049s PASS
[653/938] /Users/e35480/git/kn-yices2-2/tests/regress/keymaera/keymaera_894237_intersection-example-simple.proof-node681626.smt2
  esat-2007: 0.0051s PASS
  vanilla-yices2: 0.0048s PASS
[654/938] /Users/e35480/git/kn-yices2-2/tests/regress/keymaera/keymaera_894238_intersection-example-simple.proof-node53427.smt2
  vanilla-yices2: 0.0049s PASS
  esat-2007: 0.0051s PASS
[655/938] /Users/e35480/git/kn-yices2-2/tests/regress/keymaera/keymaera_894239_intersection-example-simple.proof-node406687.smt2
  esat-2007: 0.0053s PASS
  vanilla-yices2: 0.0049s PASS
[656/938] /Users/e35480/git/kn-yices2-2/tests/regress/keymaera/keymaera_894240_intersection-example-simple.proof-node47263.smt2
  vanilla-yices2: 0.0049s PASS
  esat-2007: 0.0050s PASS
[657/938] /Users/e35480/git/kn-yices2-2/tests/regress/keymaera/keymaera_894242_intersection-example-simple.proof-node412241.smt2
  esat-2007: 0.0049s PASS
  vanilla-yices2: 0.0049s PASS
[658/938] /Users/e35480/git/kn-yices2-2/tests/regress/keymaera/keymaera_894243_intersection-example-simple.proof-node679178.smt2
  vanilla-yices2: 0.0050s PASS
  esat-2007: 0.0051s PASS
[659/938] /Users/e35480/git/kn-yices2-2/tests/regress/keymaera/keymaera_894244_intersection-example-simple.proof-node464836.smt2
  esat-2007: 0.0048s PASS
  vanilla-yices2: 0.0049s PASS
[660/938] /Users/e35480/git/kn-yices2-2/tests/regress/keymaera/keymaera_894245_intersection-example-simple.proof-node403899.smt2
  vanilla-yices2: 0.0047s PASS
  esat-2007: 0.0048s PASS
[661/938] /Users/e35480/git/kn-yices2-2/tests/regress/keymaera/keymaera_894247_intersection-example-simple.proof-node431411.smt2
  esat-2007: 0.0049s PASS
  vanilla-yices2: 0.0051s PASS
[662/938] /Users/e35480/git/kn-yices2-2/tests/regress/keymaera/keymaera_894252_intersection-example-simple.proof-node98400.smt2
  vanilla-yices2: 0.0049s PASS
  esat-2007: 0.0049s PASS
[663/938] /Users/e35480/git/kn-yices2-2/tests/regress/keymaera/keymaera_894253_intersection-example-simple.proof-node2331.smt2
  esat-2007: 0.0050s PASS
  vanilla-yices2: 0.0051s PASS
[664/938] /Users/e35480/git/kn-yices2-2/tests/regress/keymaera/keymaera_894256_intersection-example-simple.proof-node464056.smt2
  vanilla-yices2: 0.0049s PASS
  esat-2007: 0.0049s PASS
[665/938] /Users/e35480/git/kn-yices2-2/tests/regress/keymaera/keymaera_894257_intersection-example-simple.proof-node394346.smt2
  esat-2007: 0.0051s PASS
  vanilla-yices2: 0.0048s PASS
[666/938] /Users/e35480/git/kn-yices2-2/tests/regress/keymaera/keymaera_894258_intersection-example-simple.proof-node464515.smt2
  vanilla-yices2: 0.0051s PASS
  esat-2007: 0.0048s PASS
[667/938] /Users/e35480/git/kn-yices2-2/tests/regress/keymaera/keymaera_894259_intersection-example-simple.proof-node54507.smt2
  esat-2007: 0.0048s PASS
  vanilla-yices2: 0.0048s PASS
[668/938] /Users/e35480/git/kn-yices2-2/tests/regress/keymaera/keymaera_894260_intersection-example-simple.proof-node25994.smt2
  vanilla-yices2: 0.0052s PASS
  esat-2007: 0.0048s PASS
[669/938] /Users/e35480/git/kn-yices2-2/tests/regress/keymaera/keymaera_894261_intersection-example-simple.proof-node11645.smt2
  esat-2007: 0.0048s PASS
  vanilla-yices2: 0.0048s PASS
[670/938] /Users/e35480/git/kn-yices2-2/tests/regress/keymaera/keymaera_894262_intersection-example-simple.proof-node94532.smt2
  vanilla-yices2: 0.0051s PASS
  esat-2007: 0.0049s PASS
[671/938] /Users/e35480/git/kn-yices2-2/tests/regress/keymaera/keymaera_894263_intersection-example-simple.proof-node5527.smt2
  esat-2007: 0.0050s PASS
  vanilla-yices2: 0.0049s PASS
[672/938] /Users/e35480/git/kn-yices2-2/tests/regress/keymaera/keymaera_894264_intersection-example-simple.proof-node54395.smt2
  vanilla-yices2: 0.0048s PASS
  esat-2007: 0.0050s PASS
[673/938] /Users/e35480/git/kn-yices2-2/tests/regress/keymaera/keymaera_894265_intersection-example-simple.proof-node80787.smt2
  esat-2007: 0.0050s PASS
  vanilla-yices2: 0.0047s PASS
[674/938] /Users/e35480/git/kn-yices2-2/tests/regress/keymaera/keymaera_894268_intersection-example-simple.proof-node58285.smt2
  vanilla-yices2: 0.0048s PASS
  esat-2007: 0.0050s PASS
[675/938] /Users/e35480/git/kn-yices2-2/tests/regress/keymaera/keymaera_894269_intersection-example-simple.proof-node450481.smt2
  esat-2007: 0.0052s PASS
  vanilla-yices2: 0.0049s PASS
[676/938] /Users/e35480/git/kn-yices2-2/tests/regress/keymaera/keymaera_894270_intersection-example-simple.proof-node684031.smt2
  vanilla-yices2: 0.0049s PASS
  esat-2007: 0.0049s PASS
[677/938] /Users/e35480/git/kn-yices2-2/tests/regress/keymaera/keymaera_894272_intersection-example-simple.proof-node460167.smt2
  esat-2007: 0.0047s PASS
  vanilla-yices2: 0.0049s PASS
[678/938] /Users/e35480/git/kn-yices2-2/tests/regress/keymaera/keymaera_894274_intersection-example-simple.proof-node75772.smt2
  vanilla-yices2: 0.0047s PASS
  esat-2007: 0.0048s PASS
[679/938] /Users/e35480/git/kn-yices2-2/tests/regress/keymaera/keymaera_894275_intersection-example-simple.proof-node428602.smt2
  esat-2007: 0.0049s PASS
  vanilla-yices2: 0.0051s PASS
[680/938] /Users/e35480/git/kn-yices2-2/tests/regress/keymaera/keymaera_894277_intersection-example-simple.proof-node62480.smt2
  vanilla-yices2: 0.0050s PASS
  esat-2007: 0.0048s PASS
[681/938] /Users/e35480/git/kn-yices2-2/tests/regress/keymaera/keymaera_894282_intersection-example-simple.proof-node412898.smt2
  esat-2007: 0.0048s PASS
  vanilla-yices2: 0.0049s PASS
[682/938] /Users/e35480/git/kn-yices2-2/tests/regress/keymaera/keymaera_894283_intersection-example-simple.proof-node99416.smt2
  vanilla-yices2: 0.0047s PASS
  esat-2007: 0.0050s PASS
[683/938] /Users/e35480/git/kn-yices2-2/tests/regress/keymaera/keymaera_894284_intersection-example-simple.proof-node16571.smt2
  esat-2007: 0.0048s PASS
  vanilla-yices2: 0.0047s PASS
[684/938] /Users/e35480/git/kn-yices2-2/tests/regress/keymaera/keymaera_894287_intersection-example-simple.proof-node681947.smt2
  vanilla-yices2: 0.0050s PASS
  esat-2007: 0.0052s PASS
[685/938] /Users/e35480/git/kn-yices2-2/tests/regress/keymaera/keymaera_894288_intersection-example-simple.proof-node23139.smt2
  esat-2007: 0.0048s PASS
  vanilla-yices2: 0.0048s PASS
[686/938] /Users/e35480/git/kn-yices2-2/tests/regress/keymaera/keymaera_894290_intersection-example-simple.proof-node76579.smt2
  vanilla-yices2: 0.0051s PASS
  esat-2007: 0.0051s PASS
[687/938] /Users/e35480/git/kn-yices2-2/tests/regress/keymaera/keymaera_894291_intersection-example-simple.proof-node71583.smt2
  esat-2007: 0.0050s PASS
  vanilla-yices2: 0.0051s PASS
[688/938] /Users/e35480/git/kn-yices2-2/tests/regress/mantis/0001.smt2
  vanilla-yices2: 0.0052s PASS
  esat-2007: 0.0048s PASS
[689/938] /Users/e35480/git/kn-yices2-2/tests/regress/mantis/0002.smt2
  esat-2007: 0.0050s PASS
  vanilla-yices2: 0.0048s PASS
[690/938] /Users/e35480/git/kn-yices2-2/tests/regress/mantis/0003.smt2
  vanilla-yices2: 0.0057s PASS
  esat-2007: 0.0070s PASS
[691/938] /Users/e35480/git/kn-yices2-2/tests/regress/mantis/0004.smt2
  esat-2007: 0.0051s PASS
  vanilla-yices2: 0.0049s PASS
[692/938] /Users/e35480/git/kn-yices2-2/tests/regress/mantis/0005.a.smt2
  vanilla-yices2: 0.0052s PASS
  esat-2007: 0.0050s PASS
[693/938] /Users/e35480/git/kn-yices2-2/tests/regress/mantis/0005.b.smt2
  esat-2007: 0.0049s PASS
  vanilla-yices2: 0.0051s PASS
[694/938] /Users/e35480/git/kn-yices2-2/tests/regress/mantis/0005.c.smt2
  vanilla-yices2: 0.0051s PASS
  esat-2007: 0.0049s PASS
[695/938] /Users/e35480/git/kn-yices2-2/tests/regress/mantis/0005.d.smt2
  esat-2007: 0.0053s PASS
  vanilla-yices2: 0.0054s PASS
[696/938] /Users/e35480/git/kn-yices2-2/tests/regress/mantis/0006.smt2
  vanilla-yices2: 0.0079s PASS
  esat-2007: 0.0079s PASS
[697/938] /Users/e35480/git/kn-yices2-2/tests/regress/mantis/0007.smt2
  esat-2007: 0.0062s PASS
  vanilla-yices2: 0.0057s PASS
[698/938] /Users/e35480/git/kn-yices2-2/tests/regress/mantis/0008.smt2
  vanilla-yices2: 0.0051s PASS
  esat-2007: 0.0051s PASS
[699/938] /Users/e35480/git/kn-yices2-2/tests/regress/mantis/0009.smt2
  esat-2007: 0.0050s PASS
  vanilla-yices2: 0.0051s PASS
[700/938] /Users/e35480/git/kn-yices2-2/tests/regress/mantis/0012.smt2
  vanilla-yices2: 0.0078s PASS
  esat-2007: 0.0083s PASS
[701/938] /Users/e35480/git/kn-yices2-2/tests/regress/mantis/0013.a.smt2
  esat-2007: 0.0056s PASS
  vanilla-yices2: 0.0053s PASS
[702/938] /Users/e35480/git/kn-yices2-2/tests/regress/mantis/0013.b.smt2
  vanilla-yices2: 0.0067s PASS
  esat-2007: 0.0060s PASS
[703/938] /Users/e35480/git/kn-yices2-2/tests/regress/mantis/0014.smt2 [ --incremental ]
  esat-2007: 0.0050s FAIL(rc=18)
  vanilla-yices2: 0.0048s FAIL(rc=18)
[704/938] /Users/e35480/git/kn-yices2-2/tests/regress/mantis/0015.smt2
  vanilla-yices2: 0.0325s PASS
  esat-2007: 0.0334s PASS
[705/938] /Users/e35480/git/kn-yices2-2/tests/regress/mantis/0018.a.smt2
  esat-2007: 0.0060s PASS
  vanilla-yices2: 0.0052s PASS
[706/938] /Users/e35480/git/kn-yices2-2/tests/regress/mantis/0018.b.smt2
  vanilla-yices2: 0.0048s PASS
  esat-2007: 0.0049s PASS
[707/938] /Users/e35480/git/kn-yices2-2/tests/regress/mantis/0019.smt2
  esat-2007: 0.0071s PASS
  vanilla-yices2: 0.0067s PASS
[708/938] /Users/e35480/git/kn-yices2-2/tests/regress/mantis/0020.smt2
  vanilla-yices2: 0.0055s PASS
  esat-2007: 0.0053s PASS
[709/938] /Users/e35480/git/kn-yices2-2/tests/regress/mantis/0022.smt2
  esat-2007: 0.0051s PASS
  vanilla-yices2: 0.0046s PASS
[710/938] /Users/e35480/git/kn-yices2-2/tests/regress/mantis/0023.smt2
  vanilla-yices2: 0.0059s PASS
  esat-2007: 0.0059s PASS
[711/938] /Users/e35480/git/kn-yices2-2/tests/regress/mantis/0025.smt2
  esat-2007: 0.0047s PASS
  vanilla-yices2: 0.0051s PASS
[712/938] /Users/e35480/git/kn-yices2-2/tests/regress/mantis/0028.smt2
  vanilla-yices2: 0.0047s PASS
  esat-2007: 0.0047s PASS
[713/938] /Users/e35480/git/kn-yices2-2/tests/regress/mantis/0029b.smt2
  esat-2007: 0.0051s PASS
  vanilla-yices2: 0.0051s PASS
[714/938] /Users/e35480/git/kn-yices2-2/tests/regress/mantis/0029.smt2
  vanilla-yices2: 0.0050s PASS
  esat-2007: 0.0049s PASS
[715/938] /Users/e35480/git/kn-yices2-2/tests/regress/mantis/0030.smt2
  esat-2007: 0.0483s PASS
  vanilla-yices2: 0.0487s PASS
[716/938] /Users/e35480/git/kn-yices2-2/tests/regress/mantis/0031.smt2
  vanilla-yices2: 0.0063s PASS
  esat-2007: 0.0053s PASS
[717/938] /Users/e35480/git/kn-yices2-2/tests/regress/mantis/0032.smt2
  esat-2007: 0.0144s PASS
  vanilla-yices2: 0.0153s PASS
[718/938] /Users/e35480/git/kn-yices2-2/tests/regress/mantis/0035.smt2
  vanilla-yices2: 0.0073s PASS
  esat-2007: 0.0064s PASS
[719/938] /Users/e35480/git/kn-yices2-2/tests/regress/mantis/0036.smt2
  esat-2007: 0.0051s PASS
  vanilla-yices2: 0.0048s PASS
[720/938] /Users/e35480/git/kn-yices2-2/tests/regress/mantis/0037.smt2 [ --incremental ]
  vanilla-yices2: 0.0046s FAIL(rc=18)
  esat-2007: 0.0045s FAIL(rc=18)
[721/938] /Users/e35480/git/kn-yices2-2/tests/regress/mcsat/bool/bool_00.smt2 [ --mcsat ]
  esat-2007: 0.0046s FAIL(rc=18)
  vanilla-yices2: 0.0046s FAIL(rc=18)
[722/938] /Users/e35480/git/kn-yices2-2/tests/regress/mcsat/bool/bool_01.smt2 [ --mcsat ]
  vanilla-yices2: 0.0047s FAIL(rc=18)
  esat-2007: 0.0049s FAIL(rc=18)
[723/938] /Users/e35480/git/kn-yices2-2/tests/regress/mcsat/bool/bool_02.smt2 [ --mcsat ]
  esat-2007: 0.0045s FAIL(rc=18)
  vanilla-yices2: 0.0047s FAIL(rc=18)
[724/938] /Users/e35480/git/kn-yices2-2/tests/regress/mcsat/bool/bool_03.smt2 [ --mcsat ]
  vanilla-yices2: 0.0049s FAIL(rc=18)
  esat-2007: 0.0046s FAIL(rc=18)
[725/938] /Users/e35480/git/kn-yices2-2/tests/regress/mcsat/bool/bool_04.smt2 [ --mcsat ]
  esat-2007: 0.0046s FAIL(rc=18)
  vanilla-yices2: 0.0046s FAIL(rc=18)
[726/938] /Users/e35480/git/kn-yices2-2/tests/regress/mcsat/bool/bool_05.smt2 [ --mcsat ]
  vanilla-yices2: 0.0047s FAIL(rc=18)
  esat-2007: 0.0045s FAIL(rc=18)
[727/938] /Users/e35480/git/kn-yices2-2/tests/regress/mcsat/bool/bool_06.smt2 [ --mcsat ]
  esat-2007: 0.0046s FAIL(rc=18)
  vanilla-yices2: 0.0049s FAIL(rc=18)
[728/938] /Users/e35480/git/kn-yices2-2/tests/regress/mcsat/bool/bool_07.smt2 [ --mcsat ]
  vanilla-yices2: 0.0046s FAIL(rc=18)
  esat-2007: 0.0045s FAIL(rc=18)
[729/938] /Users/e35480/git/kn-yices2-2/tests/regress/mcsat/bool/bool_08.smt2 [ --mcsat ]
  esat-2007: 0.0046s FAIL(rc=18)
  vanilla-yices2: 0.0047s FAIL(rc=18)
[730/938] /Users/e35480/git/kn-yices2-2/tests/regress/mcsat/bool/bool_09.smt2 [ --mcsat ]
  vanilla-yices2: 0.0045s FAIL(rc=18)
  esat-2007: 0.0046s FAIL(rc=18)
[731/938] /Users/e35480/git/kn-yices2-2/tests/regress/mcsat/bool/bool_10.smt2 [ --mcsat ]
  esat-2007: 0.0049s FAIL(rc=18)
  vanilla-yices2: 0.0048s FAIL(rc=18)
[732/938] /Users/e35480/git/kn-yices2-2/tests/regress/mcsat/bool/bool_11.smt2 [ --mcsat ]
  vanilla-yices2: 0.0046s FAIL(rc=18)
  esat-2007: 0.0048s FAIL(rc=18)
[733/938] /Users/e35480/git/kn-yices2-2/tests/regress/mcsat/bool/bool_12.smt2 [ --mcsat ]
  esat-2007: 0.0047s FAIL(rc=18)
  vanilla-yices2: 0.0044s FAIL(rc=18)
[734/938] /Users/e35480/git/kn-yices2-2/tests/regress/mcsat/bool/bool_13.smt2 [ --mcsat ]
  vanilla-yices2: 0.0045s FAIL(rc=18)
  esat-2007: 0.0047s FAIL(rc=18)
[735/938] /Users/e35480/git/kn-yices2-2/tests/regress/mcsat/bool/bool_14.smt2 [ --mcsat ]
  esat-2007: 0.0045s FAIL(rc=18)
  vanilla-yices2: 0.0046s FAIL(rc=18)
[736/938] /Users/e35480/git/kn-yices2-2/tests/regress/mcsat/bool/bool_15.smt2 [ --mcsat ]
  vanilla-yices2: 0.0047s FAIL(rc=18)
  esat-2007: 0.0044s FAIL(rc=18)
[737/938] /Users/e35480/git/kn-yices2-2/tests/regress/mcsat/bool/bool_16.smt2 [ --mcsat ]
  esat-2007: 0.0046s FAIL(rc=18)
  vanilla-yices2: 0.0046s FAIL(rc=18)
[738/938] /Users/e35480/git/kn-yices2-2/tests/regress/mcsat/bool/bool_17.smt2 [ --mcsat ]
  vanilla-yices2: 0.0046s FAIL(rc=18)
  esat-2007: 0.0048s FAIL(rc=18)
[739/938] /Users/e35480/git/kn-yices2-2/tests/regress/mcsat/bool/bool_18.smt2 [ --mcsat ]
  esat-2007: 0.0045s FAIL(rc=18)
  vanilla-yices2: 0.0046s FAIL(rc=18)
[740/938] /Users/e35480/git/kn-yices2-2/tests/regress/mcsat/bool/bool_19.smt2 [ --mcsat ]
  vanilla-yices2: 0.0045s FAIL(rc=18)
  esat-2007: 0.0045s FAIL(rc=18)
[741/938] /Users/e35480/git/kn-yices2-2/tests/regress/mcsat/bool/bool_20.smt2 [ --mcsat ]
  esat-2007: 0.0047s FAIL(rc=18)
  vanilla-yices2: 0.0046s FAIL(rc=18)
[742/938] /Users/e35480/git/kn-yices2-2/tests/regress/mcsat/bool/bool_21.smt2 [ --mcsat ]
  vanilla-yices2: 0.0048s FAIL(rc=18)
  esat-2007: 0.0046s FAIL(rc=18)
[743/938] /Users/e35480/git/kn-yices2-2/tests/regress/mcsat/bool/bool_22.smt2 [ --mcsat ]
  esat-2007: 0.0047s FAIL(rc=18)
  vanilla-yices2: 0.0045s FAIL(rc=18)
[744/938] /Users/e35480/git/kn-yices2-2/tests/regress/mcsat/bool/bool_23.smt2 [ --mcsat ]
  vanilla-yices2: 0.0045s FAIL(rc=18)
  esat-2007: 0.0046s FAIL(rc=18)
[745/938] /Users/e35480/git/kn-yices2-2/tests/regress/mcsat/bool/bool_24.smt2 [ --mcsat ]
  esat-2007: 0.0047s FAIL(rc=18)
  vanilla-yices2: 0.0047s FAIL(rc=18)
[746/938] /Users/e35480/git/kn-yices2-2/tests/regress/mcsat/bool/bool_25.smt2 [ --mcsat ]
  vanilla-yices2: 0.0045s FAIL(rc=18)
  esat-2007: 0.0048s FAIL(rc=18)
[747/938] /Users/e35480/git/kn-yices2-2/tests/regress/mcsat/bool/bool_26.smt2 [ --mcsat ]
  esat-2007: 0.0047s FAIL(rc=18)
  vanilla-yices2: 0.0049s FAIL(rc=18)
[748/938] /Users/e35480/git/kn-yices2-2/tests/regress/mcsat/bool/bool_27.smt2 [ --mcsat ]
  vanilla-yices2: 0.0048s FAIL(rc=18)
  esat-2007: 0.0049s FAIL(rc=18)
[749/938] /Users/e35480/git/kn-yices2-2/tests/regress/mcsat/bool/bool_28.smt2 [ --mcsat ]
  esat-2007: 0.0051s FAIL(rc=18)
  vanilla-yices2: 0.0047s FAIL(rc=18)
[750/938] /Users/e35480/git/kn-yices2-2/tests/regress/mcsat/bool/bool_29.smt2 [ --mcsat ]
  vanilla-yices2: 0.0048s FAIL(rc=18)
  esat-2007: 0.0046s FAIL(rc=18)
[751/938] /Users/e35480/git/kn-yices2-2/tests/regress/mcsat/bool/bool_gc_test_00.smt2 [ --mcsat ]
  esat-2007: 0.0045s FAIL(rc=18)
  vanilla-yices2: 0.0045s FAIL(rc=18)
[752/938] /Users/e35480/git/kn-yices2-2/tests/regress/mcsat/bool/bool_gc_test_01.smt2 [ --mcsat ]
  vanilla-yices2: 0.0046s FAIL(rc=18)
  esat-2007: 0.0048s FAIL(rc=18)
[753/938] /Users/e35480/git/kn-yices2-2/tests/regress/mcsat/bool/bool_random_200vars.01.smt2 [ --mcsat ]
  esat-2007: 0.0046s FAIL(rc=18)
  vanilla-yices2: 0.0050s FAIL(rc=18)
[754/938] /Users/e35480/git/kn-yices2-2/tests/regress/mcsat/bool/bool_random_200vars.02.smt2 [ --mcsat ]
  vanilla-yices2: 0.0047s FAIL(rc=18)
  esat-2007: 0.0044s FAIL(rc=18)
[755/938] /Users/e35480/git/kn-yices2-2/tests/regress/mcsat/bool/bool_random_200vars.03.smt2 [ --mcsat ]
  esat-2007: 0.0043s FAIL(rc=18)
  vanilla-yices2: 0.0043s FAIL(rc=18)
[756/938] /Users/e35480/git/kn-yices2-2/tests/regress/mcsat/bool/bool_random_200vars.04.smt2 [ --mcsat ]
  vanilla-yices2: 0.0045s FAIL(rc=18)
  esat-2007: 0.0040s FAIL(rc=18)
[757/938] /Users/e35480/git/kn-yices2-2/tests/regress/mcsat/bool/bool_random_200vars.05.smt2 [ --mcsat ]
  esat-2007: 0.0046s FAIL(rc=18)
  vanilla-yices2: 0.0044s FAIL(rc=18)
[758/938] /Users/e35480/git/kn-yices2-2/tests/regress/mcsat/bool/bool_random_200vars.06.smt2 [ --mcsat ]
  vanilla-yices2: 0.0048s FAIL(rc=18)
  esat-2007: 0.0046s FAIL(rc=18)
[759/938] /Users/e35480/git/kn-yices2-2/tests/regress/mcsat/bool/bool_random_200vars.07.smt2 [ --mcsat ]
  esat-2007: 0.0046s FAIL(rc=18)
  vanilla-yices2: 0.0045s FAIL(rc=18)
[760/938] /Users/e35480/git/kn-yices2-2/tests/regress/mcsat/bool/bool_random_200vars.08.smt2 [ --mcsat ]
  vanilla-yices2: 0.0047s FAIL(rc=18)
  esat-2007: 0.0047s FAIL(rc=18)
[761/938] /Users/e35480/git/kn-yices2-2/tests/regress/mcsat/bool/bool_random_200vars.09.smt2 [ --mcsat ]
  esat-2007: 0.0047s FAIL(rc=18)
  vanilla-yices2: 0.0048s FAIL(rc=18)
[762/938] /Users/e35480/git/kn-yices2-2/tests/regress/mcsat/bool/bool_random_200vars.10.smt2 [ --mcsat ]
  vanilla-yices2: 0.0044s FAIL(rc=18)
  esat-2007: 0.0048s FAIL(rc=18)
[763/938] /Users/e35480/git/kn-yices2-2/tests/regress/mcsat/ite/ite_00.smt2
  esat-2007: 0.0050s FAIL(rc=0)
  vanilla-yices2: 0.0047s FAIL(rc=0)
[764/938] /Users/e35480/git/kn-yices2-2/tests/regress/mcsat/ite/ite_01.smt2
  vanilla-yices2: 0.0049s FAIL(rc=0)
  esat-2007: 0.0051s FAIL(rc=0)
[765/938] /Users/e35480/git/kn-yices2-2/tests/regress/mcsat/ite/ite_02.smt2
  esat-2007: 0.0048s FAIL(rc=0)
  vanilla-yices2: 0.0048s FAIL(rc=0)
[766/938] /Users/e35480/git/kn-yices2-2/tests/regress/mcsat/ite/ite_03.smt2
  vanilla-yices2: 0.0052s FAIL(rc=0)
  esat-2007: 0.0051s FAIL(rc=0)
[767/938] /Users/e35480/git/kn-yices2-2/tests/regress/mcsat/lra/incremental/fail.00.smt2 [ --incremental --mcsat ]
  esat-2007: 0.0044s FAIL(rc=18)
  vanilla-yices2: 0.0046s FAIL(rc=18)
[768/938] /Users/e35480/git/kn-yices2-2/tests/regress/mcsat/lra/incremental/MOESI_all_e3_2032_e3_2788.ec.2.smt2 [ --incremental --mcsat ]
  vanilla-yices2: 0.0046s FAIL(rc=18)
  esat-2007: 0.0046s FAIL(rc=18)
[769/938] /Users/e35480/git/kn-yices2-2/tests/regress/mcsat/nia/div_00.smt2
  esat-2007: 0.0049s FAIL(rc=0)
  vanilla-yices2: 0.0049s FAIL(rc=0)
[770/938] /Users/e35480/git/kn-yices2-2/tests/regress/mcsat/nia/div_01.smt2
  vanilla-yices2: 0.0047s FAIL(rc=0)
  esat-2007: 0.0048s FAIL(rc=0)
[771/938] /Users/e35480/git/kn-yices2-2/tests/regress/mcsat/nia/div_02.smt2
  esat-2007: 0.0047s FAIL(rc=0)
  vanilla-yices2: 0.0047s FAIL(rc=0)
[772/938] /Users/e35480/git/kn-yices2-2/tests/regress/mcsat/nia/div_03.smt2
  vanilla-yices2: 0.0046s FAIL(rc=0)
  esat-2007: 0.0047s FAIL(rc=0)
[773/938] /Users/e35480/git/kn-yices2-2/tests/regress/mcsat/nia/div_04.smt2
  esat-2007: 0.0048s FAIL(rc=0)
  vanilla-yices2: 0.0046s FAIL(rc=0)
[774/938] /Users/e35480/git/kn-yices2-2/tests/regress/mcsat/nia/floor_ceil.smt2
  vanilla-yices2: 0.0046s FAIL(rc=0)
  esat-2007: 0.0047s FAIL(rc=0)
[775/938] /Users/e35480/git/kn-yices2-2/tests/regress/mcsat/nia/From_T2__brp_withassume.t2__terminationS_7_0.smt2
  esat-2007: 0.0049s FAIL(rc=18)
  vanilla-yices2: 0.0044s FAIL(rc=18)
[776/938] /Users/e35480/git/kn-yices2-2/tests/regress/mcsat/nia/From_T2__compress.t2__terminationQ_3_0.smt2
  vanilla-yices2: 0.0049s FAIL(rc=0)
  esat-2007: 0.0046s FAIL(rc=0)
[777/938] /Users/e35480/git/kn-yices2-2/tests/regress/mcsat/nia/linear_sea.ch_true-unreach-call.i_162.smt2
  esat-2007: 0.0048s FAIL(rc=0)
  vanilla-yices2: 0.0050s FAIL(rc=0)
[778/938] /Users/e35480/git/kn-yices2-2/tests/regress/mcsat/nia/nia_00.smt2
  vanilla-yices2: 0.0051s FAIL(rc=0)
  esat-2007: 0.0049s FAIL(rc=0)
[779/938] /Users/e35480/git/kn-yices2-2/tests/regress/mcsat/nia/nia_01.smt2
  esat-2007: 0.0050s FAIL(rc=0)
  vanilla-yices2: 0.0049s FAIL(rc=0)
[780/938] /Users/e35480/git/kn-yices2-2/tests/regress/mcsat/nia/nia_02.smt2
  vanilla-yices2: 0.0049s FAIL(rc=0)
  esat-2007: 0.0048s FAIL(rc=0)
[781/938] /Users/e35480/git/kn-yices2-2/tests/regress/mcsat/nia/nia_03.smt2
  esat-2007: 0.0049s FAIL(rc=0)
  vanilla-yices2: 0.0052s FAIL(rc=0)
[782/938] /Users/e35480/git/kn-yices2-2/tests/regress/mcsat/nia/nia_04.smt2
  vanilla-yices2: 0.0049s FAIL(rc=0)
  esat-2007: 0.0050s FAIL(rc=0)
[783/938] /Users/e35480/git/kn-yices2-2/tests/regress/mcsat/nia/nia_05.smt2 [ --mcsat-na-bound ]
  esat-2007: 0.0050s FAIL(rc=18)
  vanilla-yices2: 0.0047s FAIL(rc=18)
[784/938] /Users/e35480/git/kn-yices2-2/tests/regress/mcsat/nra/incremental/incremental00.smt2 [ --incremental ]
  vanilla-yices2: 0.0047s FAIL(rc=18)
  esat-2007: 0.0048s FAIL(rc=18)
[785/938] /Users/e35480/git/kn-yices2-2/tests/regress/mcsat/nra/incremental/incremental01.smt2 [ --incremental ]
  esat-2007: 0.0051s FAIL(rc=18)
  vanilla-yices2: 0.0045s FAIL(rc=18)
[786/938] /Users/e35480/git/kn-yices2-2/tests/regress/mcsat/nra/incremental/incremental02.smt2 [ --incremental ]
  vanilla-yices2: 0.0048s FAIL(rc=18)
  esat-2007: 0.0047s FAIL(rc=18)
[787/938] /Users/e35480/git/kn-yices2-2/tests/regress/mcsat/nra/incremental/Problem14_prop_000.c.10.smt2 [ --incremental ]
  esat-2007: 0.0047s FAIL(rc=18)
  vanilla-yices2: 0.0048s FAIL(rc=18)
[788/938] /Users/e35480/git/kn-yices2-2/tests/regress/mcsat/nra/na_00.smt2
  vanilla-yices2: 0.0047s FAIL(rc=18)
  esat-2007: 0.0048s FAIL(rc=18)
[789/938] /Users/e35480/git/kn-yices2-2/tests/regress/mcsat/nra/na_01.smt2
  esat-2007: 0.0047s FAIL(rc=18)
  vanilla-yices2: 0.0058s FAIL(rc=18)
[790/938] /Users/e35480/git/kn-yices2-2/tests/regress/mcsat/nra/na_02.smt2
  vanilla-yices2: 0.0048s FAIL(rc=18)
  esat-2007: 0.0051s FAIL(rc=18)
[791/938] /Users/e35480/git/kn-yices2-2/tests/regress/mcsat/nra/na_03.smt2
  esat-2007: 0.0051s FAIL(rc=18)
  vanilla-yices2: 0.0048s FAIL(rc=18)
[792/938] /Users/e35480/git/kn-yices2-2/tests/regress/mcsat/nra/na_04.smt2
  vanilla-yices2: 0.0045s FAIL(rc=18)
  esat-2007: 0.0046s FAIL(rc=18)
[793/938] /Users/e35480/git/kn-yices2-2/tests/regress/mcsat/nra/na_05.smt2
  esat-2007: 0.0046s FAIL(rc=18)
  vanilla-yices2: 0.0048s FAIL(rc=18)
[794/938] /Users/e35480/git/kn-yices2-2/tests/regress/mcsat/nra/na_06.smt2
  vanilla-yices2: 0.0048s FAIL(rc=18)
  esat-2007: 0.0051s FAIL(rc=18)
[795/938] /Users/e35480/git/kn-yices2-2/tests/regress/mcsat/nra/na_07.smt2
  esat-2007: 0.0047s FAIL(rc=18)
  vanilla-yices2: 0.0045s FAIL(rc=18)
[796/938] /Users/e35480/git/kn-yices2-2/tests/regress/mcsat/nra/na_08.smt2
  vanilla-yices2: 0.0060s FAIL(rc=18)
  esat-2007: 0.0053s FAIL(rc=18)
[797/938] /Users/e35480/git/kn-yices2-2/tests/regress/mcsat/nra/random/random_1_10_11690352c1.smt2
  esat-2007: 0.0164s FAIL(rc=0)
  vanilla-yices2: 0.0433s FAIL(rc=0)
[798/938] /Users/e35480/git/kn-yices2-2/tests/regress/mcsat/nra/random/random_1_10_14a85eaebd.smt2
  vanilla-yices2: 0.0061s FAIL(rc=0)
  esat-2007: 0.0057s FAIL(rc=0)
[799/938] /Users/e35480/git/kn-yices2-2/tests/regress/mcsat/nra/random/random_1_10_34eac69ae0.smt2
  esat-2007: 0.0055s FAIL(rc=0)
  vanilla-yices2: 0.0048s FAIL(rc=0)
[800/938] /Users/e35480/git/kn-yices2-2/tests/regress/mcsat/nra/random/random_1_10_7b3ba41920.smt2
  vanilla-yices2: 0.0050s FAIL(rc=0)
  esat-2007: 0.0047s FAIL(rc=0)
[801/938] /Users/e35480/git/kn-yices2-2/tests/regress/mcsat/nra/random/random_1_10_84f7ef8bf9.smt2
  esat-2007: 0.0050s FAIL(rc=0)
  vanilla-yices2: 0.0048s FAIL(rc=0)
[802/938] /Users/e35480/git/kn-yices2-2/tests/regress/mcsat/nra/random/random_1_10_97367b3d71.smt2
  vanilla-yices2: 0.0057s FAIL(rc=0)
  esat-2007: 0.0057s FAIL(rc=0)
[803/938] /Users/e35480/git/kn-yices2-2/tests/regress/mcsat/nra/random/random_1_10_f2bf7e7fa6.smt2
  esat-2007: 0.0053s FAIL(rc=0)
  vanilla-yices2: 0.0049s FAIL(rc=0)
[804/938] /Users/e35480/git/kn-yices2-2/tests/regress/mcsat/nra/random/random_1_2_0040ca02b5.smt2
  vanilla-yices2: 0.0056s FAIL(rc=0)
  esat-2007: 0.0051s FAIL(rc=0)
[805/938] /Users/e35480/git/kn-yices2-2/tests/regress/mcsat/nra/random/random_1_2_01eac261e9.smt2
  esat-2007: 0.0054s FAIL(rc=0)
  vanilla-yices2: 0.0050s FAIL(rc=0)
[806/938] /Users/e35480/git/kn-yices2-2/tests/regress/mcsat/nra/random/random_1_2_05023ec5da.smt2
  vanilla-yices2: 0.0051s FAIL(rc=0)
  esat-2007: 0.0049s FAIL(rc=0)
[807/938] /Users/e35480/git/kn-yices2-2/tests/regress/mcsat/nra/random/random_1_2_0b41dd9301.smt2
  esat-2007: 0.0047s FAIL(rc=0)
  vanilla-yices2: 0.0048s FAIL(rc=0)
[808/938] /Users/e35480/git/kn-yices2-2/tests/regress/mcsat/nra/random/random_1_2_12c004dad2.smt2
  vanilla-yices2: 0.0058s FAIL(rc=0)
  esat-2007: 0.0049s FAIL(rc=0)
[809/938] /Users/e35480/git/kn-yices2-2/tests/regress/mcsat/nra/random/random_1_2_15bd8bd97c.smt2
  esat-2007: 0.0051s FAIL(rc=0)
  vanilla-yices2: 0.0056s FAIL(rc=0)
[810/938] /Users/e35480/git/kn-yices2-2/tests/regress/mcsat/nra/random/random_1_2_1fe464486e.smt2
  vanilla-yices2: 0.0051s FAIL(rc=0)
  esat-2007: 0.0056s FAIL(rc=0)
[811/938] /Users/e35480/git/kn-yices2-2/tests/regress/mcsat/nra/random/random_1_2_3aeb404a6e.smt2
  esat-2007: 0.0049s FAIL(rc=0)
  vanilla-yices2: 0.0052s FAIL(rc=0)
[812/938] /Users/e35480/git/kn-yices2-2/tests/regress/mcsat/nra/random/random_1_2_51b9712551.smt2
  vanilla-yices2: 0.0049s FAIL(rc=0)
  esat-2007: 0.0047s FAIL(rc=0)
[813/938] /Users/e35480/git/kn-yices2-2/tests/regress/mcsat/nra/random/random_1_2_5231aa2652.smt2
  esat-2007: 0.0045s FAIL(rc=0)
  vanilla-yices2: 0.0046s FAIL(rc=0)
[814/938] /Users/e35480/git/kn-yices2-2/tests/regress/mcsat/nra/random/random_1_2_550236fd62.smt2
  vanilla-yices2: 0.0057s FAIL(rc=0)
  esat-2007: 0.0061s FAIL(rc=0)
[815/938] /Users/e35480/git/kn-yices2-2/tests/regress/mcsat/nra/random/random_1_2_5575eb8601.smt2
  esat-2007: 0.0050s FAIL(rc=0)
  vanilla-yices2: 0.0051s FAIL(rc=0)
[816/938] /Users/e35480/git/kn-yices2-2/tests/regress/mcsat/nra/random/random_1_2_5704a754f1.smt2
  vanilla-yices2: 0.0054s FAIL(rc=0)
  esat-2007: 0.0048s FAIL(rc=0)
[817/938] /Users/e35480/git/kn-yices2-2/tests/regress/mcsat/nra/random/random_1_2_62729ce6d3.smt2
  esat-2007: 0.0053s FAIL(rc=0)
  vanilla-yices2: 0.0049s FAIL(rc=0)
[818/938] /Users/e35480/git/kn-yices2-2/tests/regress/mcsat/nra/random/random_1_2_71cf23b97a.smt2
  vanilla-yices2: 0.0054s FAIL(rc=0)
  esat-2007: 0.0050s FAIL(rc=0)
[819/938] /Users/e35480/git/kn-yices2-2/tests/regress/mcsat/nra/random/random_1_2_730a7aa8db.smt2
  esat-2007: 0.0050s FAIL(rc=0)
  vanilla-yices2: 0.0051s FAIL(rc=0)
[820/938] /Users/e35480/git/kn-yices2-2/tests/regress/mcsat/nra/random/random_1_2_a4593ee5fe.smt2
  vanilla-yices2: 0.0051s FAIL(rc=0)
  esat-2007: 0.0047s FAIL(rc=0)
[821/938] /Users/e35480/git/kn-yices2-2/tests/regress/mcsat/nra/random/random_1_2_d7705149a7.smt2
  esat-2007: 0.0061s FAIL(rc=0)
  vanilla-yices2: 0.0052s FAIL(rc=0)
[822/938] /Users/e35480/git/kn-yices2-2/tests/regress/mcsat/nra/random/random_1_2_dc5613ddfa.smt2
  vanilla-yices2: 0.0064s FAIL(rc=0)
  esat-2007: 0.0058s FAIL(rc=0)
[823/938] /Users/e35480/git/kn-yices2-2/tests/regress/mcsat/nra/random/random_1_2_ecbe805c9c.smt2
  esat-2007: 0.0052s FAIL(rc=0)
  vanilla-yices2: 0.0051s FAIL(rc=0)
[824/938] /Users/e35480/git/kn-yices2-2/tests/regress/mcsat/nra/random/random_1_2_ff4f0d1a1c.smt2
  vanilla-yices2: 0.0051s FAIL(rc=0)
  esat-2007: 0.0050s FAIL(rc=0)
[825/938] /Users/e35480/git/kn-yices2-2/tests/regress/mcsat/nra/random/random_1_3_1026303b31.smt2
  esat-2007: 0.0048s FAIL(rc=0)
  vanilla-yices2: 0.0049s FAIL(rc=0)
[826/938] /Users/e35480/git/kn-yices2-2/tests/regress/mcsat/nra/random/random_1_3_18b1564ef1.smt2
  vanilla-yices2: 0.0056s FAIL(rc=0)
  esat-2007: 0.0055s FAIL(rc=0)
[827/938] /Users/e35480/git/kn-yices2-2/tests/regress/mcsat/nra/random/random_1_3_25bd585e6e.smt2
  esat-2007: 0.0055s FAIL(rc=0)
  vanilla-yices2: 0.0050s FAIL(rc=0)
[828/938] /Users/e35480/git/kn-yices2-2/tests/regress/mcsat/nra/random/random_1_3_30af3bcec4.smt2
  vanilla-yices2: 0.0048s FAIL(rc=0)
  esat-2007: 0.0048s FAIL(rc=0)
[829/938] /Users/e35480/git/kn-yices2-2/tests/regress/mcsat/nra/random/random_1_3_4b6f11b739.smt2
  esat-2007: 0.0050s FAIL(rc=0)
  vanilla-yices2: 0.0048s FAIL(rc=0)
[830/938] /Users/e35480/git/kn-yices2-2/tests/regress/mcsat/nra/random/random_1_3_4f13a5b21e.smt2
  vanilla-yices2: 0.0049s FAIL(rc=0)
  esat-2007: 0.0049s FAIL(rc=0)
[831/938] /Users/e35480/git/kn-yices2-2/tests/regress/mcsat/nra/random/random_1_3_50eceb8f0c.smt2
  esat-2007: 0.0053s FAIL(rc=0)
  vanilla-yices2: 0.0050s FAIL(rc=0)
[832/938] /Users/e35480/git/kn-yices2-2/tests/regress/mcsat/nra/random/random_1_3_515273c10b.smt2
  vanilla-yices2: 0.0048s FAIL(rc=0)
  esat-2007: 0.0047s FAIL(rc=0)
[833/938] /Users/e35480/git/kn-yices2-2/tests/regress/mcsat/nra/random/random_1_3_522aac0cf4.smt2
  esat-2007: 0.0049s FAIL(rc=0)
  vanilla-yices2: 0.0050s FAIL(rc=0)
[834/938] /Users/e35480/git/kn-yices2-2/tests/regress/mcsat/nra/random/random_1_3_57eb7df752.smt2
  vanilla-yices2: 0.0058s FAIL(rc=0)
  esat-2007: 0.0056s FAIL(rc=0)
[835/938] /Users/e35480/git/kn-yices2-2/tests/regress/mcsat/nra/random/random_1_3_62e4a1ead1.smt2
  esat-2007: 0.0056s FAIL(rc=0)
  vanilla-yices2: 0.0051s FAIL(rc=0)
[836/938] /Users/e35480/git/kn-yices2-2/tests/regress/mcsat/nra/random/random_1_3_694f08fa1a.smt2
  vanilla-yices2: 0.0047s FAIL(rc=0)
  esat-2007: 0.0050s FAIL(rc=0)
[837/938] /Users/e35480/git/kn-yices2-2/tests/regress/mcsat/nra/random/random_1_3_6a18f45dbf.smt2
  esat-2007: 0.0051s FAIL(rc=0)
  vanilla-yices2: 0.0048s FAIL(rc=0)
[838/938] /Users/e35480/git/kn-yices2-2/tests/regress/mcsat/nra/random/random_1_3_6c90ffc081.smt2
  vanilla-yices2: 0.0052s FAIL(rc=0)
  esat-2007: 0.0054s FAIL(rc=0)
[839/938] /Users/e35480/git/kn-yices2-2/tests/regress/mcsat/nra/random/random_1_3_738e984313.smt2
  esat-2007: 0.0052s FAIL(rc=0)
  vanilla-yices2: 0.0052s FAIL(rc=0)
[840/938] /Users/e35480/git/kn-yices2-2/tests/regress/mcsat/nra/random/random_1_3_7917696432.smt2
  vanilla-yices2: 0.0056s FAIL(rc=0)
  esat-2007: 0.0051s FAIL(rc=0)
[841/938] /Users/e35480/git/kn-yices2-2/tests/regress/mcsat/nra/random/random_1_3_817eae327e.smt2
  esat-2007: 0.0051s FAIL(rc=0)
  vanilla-yices2: 0.0053s FAIL(rc=0)
[842/938] /Users/e35480/git/kn-yices2-2/tests/regress/mcsat/nra/random/random_1_3_84341aca47.smt2
  vanilla-yices2: 0.0054s FAIL(rc=0)
  esat-2007: 0.0050s FAIL(rc=0)
[843/938] /Users/e35480/git/kn-yices2-2/tests/regress/mcsat/nra/random/random_1_3_8a6d99ee45.smt2
  esat-2007: 0.0055s FAIL(rc=0)
  vanilla-yices2: 0.0050s FAIL(rc=0)
[844/938] /Users/e35480/git/kn-yices2-2/tests/regress/mcsat/nra/random/random_1_3_8ae37b0ee3.smt2
  vanilla-yices2: 0.0053s FAIL(rc=0)
  esat-2007: 0.0053s FAIL(rc=0)
[845/938] /Users/e35480/git/kn-yices2-2/tests/regress/mcsat/nra/random/random_1_3_9287cf0af1.smt2
  esat-2007: 0.0054s FAIL(rc=0)
  vanilla-yices2: 0.0054s FAIL(rc=0)
[846/938] /Users/e35480/git/kn-yices2-2/tests/regress/mcsat/nra/random/random_1_3_98be9b7bae.smt2
  vanilla-yices2: 0.0055s FAIL(rc=0)
  esat-2007: 0.0054s FAIL(rc=0)
[847/938] /Users/e35480/git/kn-yices2-2/tests/regress/mcsat/nra/random/random_1_3_b15070d37b.smt2
  esat-2007: 0.0054s FAIL(rc=0)
  vanilla-yices2: 0.0056s FAIL(rc=0)
[848/938] /Users/e35480/git/kn-yices2-2/tests/regress/mcsat/nra/random/random_1_3_cadfb4ffed.smt2
  vanilla-yices2: 0.0054s FAIL(rc=0)
  esat-2007: 0.0053s FAIL(rc=0)
[849/938] /Users/e35480/git/kn-yices2-2/tests/regress/mcsat/nra/random/random_1_3_da3d332dc3.smt2
  esat-2007: 0.0059s FAIL(rc=0)
  vanilla-yices2: 0.0052s FAIL(rc=0)
[850/938] /Users/e35480/git/kn-yices2-2/tests/regress/mcsat/nra/random/random_1_3_e7dc1bee63.smt2
  vanilla-yices2: 0.0054s FAIL(rc=0)
  esat-2007: 0.0058s FAIL(rc=0)
[851/938] /Users/e35480/git/kn-yices2-2/tests/regress/mcsat/nra/random/random_1_3_e98fc8f13b.smt2
  esat-2007: 0.0055s FAIL(rc=0)
  vanilla-yices2: 0.0057s FAIL(rc=0)
[852/938] /Users/e35480/git/kn-yices2-2/tests/regress/mcsat/nra/random/random_1_4_bc71a63354.smt2
  vanilla-yices2: 0.0059s FAIL(rc=0)
  esat-2007: 0.0054s FAIL(rc=0)
[853/938] /Users/e35480/git/kn-yices2-2/tests/regress/mcsat/nra/smtlib/hycomp/815840/ball_count_1d_plain.03.qfree_global_6.smt2
  esat-2007: 0.0057s FAIL(rc=0)
  vanilla-yices2: 0.0051s FAIL(rc=0)
[854/938] /Users/e35480/git/kn-yices2-2/tests/regress/mcsat/nra/smtlib/meti-tarski/sqrt/1mcosq/7/899352/sqrt-1mcosq-7-chunk-0202.smt2
  vanilla-yices2: 0.0049s FAIL(rc=0)
  esat-2007: 0.0050s FAIL(rc=0)
[855/938] /Users/e35480/git/kn-yices2-2/tests/regress/mcsat/uf/eq_diamond23.smt2 [ --mcsat ]
  esat-2007: 0.0052s FAIL(rc=18)
  vanilla-yices2: 0.0053s FAIL(rc=18)
[856/938] /Users/e35480/git/kn-yices2-2/tests/regress/mcsat/uf/incremental/_6counters.ec.smt2 [ --mcsat --incremental ]
  vanilla-yices2: 0.0050s FAIL(rc=18)
  esat-2007: 0.0048s FAIL(rc=18)
[857/938] /Users/e35480/git/kn-yices2-2/tests/regress/mcsat/uf/incremental/cpachecker-bmc.43_1a_cilled_true-unreach-call_ok_nondet_linux-43_1a-drivers--media--video--cx88--cx88-vp3054-i2c.ko-ldv_main0_sequence_infinite_withcheck_stateful.cil.out.c.smt2 [ --mcsat --incremental ]
  esat-2007: 0.0048s FAIL(rc=18)
  vanilla-yices2: 0.0045s FAIL(rc=18)
[858/938] /Users/e35480/git/kn-yices2-2/tests/regress/mcsat/uf/incremental/cpachecker-bmc.43_1a_cilled_true-unreach-call_ok_nondet_linux-43_1a-drivers--platform--x86--intel_menlow.ko-ldv_main0_sequence_infinite_withcheck_stateful.cil.out.c.smt2 [ --mcsat --incremental ]
  vanilla-yices2: 0.0048s FAIL(rc=18)
  esat-2007: 0.0046s FAIL(rc=18)
[859/938] /Users/e35480/git/kn-yices2-2/tests/regress/mcsat/uf/incremental/cpachecker-bmc.alias_of_return.c_true-unreach-call_1.i.smt2 [ --mcsat --incremental ]
  esat-2007: 0.0047s FAIL(rc=18)
  vanilla-yices2: 0.0046s FAIL(rc=18)
[860/938] /Users/e35480/git/kn-yices2-2/tests/regress/mcsat/uf/incremental/cpachecker-bmc.elevator_spec14_product03_true-unreach-call.cil.c.smt2 [ --mcsat --incremental ]
  vanilla-yices2: 0.0049s FAIL(rc=18)
  esat-2007: 0.0048s FAIL(rc=18)
[861/938] /Users/e35480/git/kn-yices2-2/tests/regress/mcsat/uf/incremental/cpachecker-bmc.merge_sort_false-unreach-call.i.smt2 [ --mcsat --incremental ]
  esat-2007: 0.0047s FAIL(rc=18)
  vanilla-yices2: 0.0049s FAIL(rc=18)
[862/938] /Users/e35480/git/kn-yices2-2/tests/regress/mcsat/uf/incremental/cpachecker-bmc.rule57_ebda_blast.c_false-unreach-call.i.smt2 [ --mcsat --incremental ]
  vanilla-yices2: 0.0047s FAIL(rc=18)
  esat-2007: 0.0048s FAIL(rc=18)
[863/938] /Users/e35480/git/kn-yices2-2/tests/regress/mcsat/uf/incremental/cpachecker-bmc.sum02_true-unreach-call.i.smt2 [ --mcsat --incremental ]
  esat-2007: 0.0047s FAIL(rc=18)
  vanilla-yices2: 0.0050s FAIL(rc=18)
[864/938] /Users/e35480/git/kn-yices2-2/tests/regress/mcsat/uf/incremental/FIREFLY_2_e2_3244_e3_1305.ec.smt2 [ --mcsat --incremental ]
  vanilla-yices2: 0.0049s FAIL(rc=18)
  esat-2007: 0.0047s FAIL(rc=18)
[865/938] /Users/e35480/git/kn-yices2-2/tests/regress/mcsat/uf/incremental/metros_1_e1_846_e1_1317.ec.smt2 [ --mcsat --incremental ]
  esat-2007: 0.0049s FAIL(rc=18)
  vanilla-yices2: 0.0048s FAIL(rc=18)
[866/938] /Users/e35480/git/kn-yices2-2/tests/regress/mcsat/uf/incremental/microwave01.ec.smt2 [ --mcsat --incremental ]
  vanilla-yices2: 0.0047s FAIL(rc=18)
  esat-2007: 0.0050s FAIL(rc=18)
[867/938] /Users/e35480/git/kn-yices2-2/tests/regress/mcsat/uf/incremental/MOESI_all_e3_2032_e3_2788.ec.2.smt2 [ --incremental --mcsat ]
  esat-2007: 0.0053s FAIL(rc=18)
  vanilla-yices2: 0.0055s FAIL(rc=18)
[868/938] /Users/e35480/git/kn-yices2-2/tests/regress/mcsat/uf/incremental/MOESI_all_e3_2032_e3_2788.ec.2.unsat.unsat.smt2 [ --incremental --mcsat ]
  vanilla-yices2: 0.0054s FAIL(rc=18)
  esat-2007: 0.0053s FAIL(rc=18)
[869/938] /Users/e35480/git/kn-yices2-2/tests/regress/mcsat/uf/incremental/MOESI_all_e3_2032_e3_2788.ec.smt2 [ --mcsat --incremental ]
  esat-2007: 0.0050s FAIL(rc=18)
  vanilla-yices2: 0.0049s FAIL(rc=18)
[870/938] /Users/e35480/git/kn-yices2-2/tests/regress/mcsat/uf/incremental/two_counters_e1_268.ec.smt2 [ --mcsat --incremental ]
  vanilla-yices2: 0.0049s FAIL(rc=18)
  esat-2007: 0.0048s FAIL(rc=18)
[871/938] /Users/e35480/git/kn-yices2-2/tests/regress/mcsat/uf/incremental/uf_01.smt2 [ --incremental --mcsat ]
  esat-2007: 0.0046s FAIL(rc=18)
  vanilla-yices2: 0.0049s FAIL(rc=18)
[872/938] /Users/e35480/git/kn-yices2-2/tests/regress/mcsat/uf/incremental/uf_02.smt2 [ --incremental --mcsat ]
  vanilla-yices2: 0.0050s FAIL(rc=18)
  esat-2007: 0.0049s FAIL(rc=18)
[873/938] /Users/e35480/git/kn-yices2-2/tests/regress/mcsat/uf/incremental/uf_03.smt2 [ --incremental --mcsat ]
  esat-2007: 0.0050s FAIL(rc=18)
  vanilla-yices2: 0.0047s FAIL(rc=18)
[874/938] /Users/e35480/git/kn-yices2-2/tests/regress/mcsat/uf/incremental/uf_04.smt2 [ --incremental --mcsat ]
  vanilla-yices2: 0.0047s FAIL(rc=18)
  esat-2007: 0.0049s FAIL(rc=18)
[875/938] /Users/e35480/git/kn-yices2-2/tests/regress/mcsat/uf/incremental/uf_05.smt2 [ --incremental --mcsat ]
  esat-2007: 0.0050s FAIL(rc=18)
  vanilla-yices2: 0.0050s FAIL(rc=18)
[876/938] /Users/e35480/git/kn-yices2-2/tests/regress/mcsat/uf/incremental/ufnra_00.smt2 [ --incremental --mcsat ]
  vanilla-yices2: 0.0046s FAIL(rc=18)
  esat-2007: 0.0048s FAIL(rc=18)
[877/938] /Users/e35480/git/kn-yices2-2/tests/regress/mcsat/uf/incremental/ufnra_01.smt2 [ --incremental --mcsat ]
  esat-2007: 0.0049s FAIL(rc=18)
  vanilla-yices2: 0.0050s FAIL(rc=18)
[878/938] /Users/e35480/git/kn-yices2-2/tests/regress/mcsat/uf/incremental/ufnra_04.smt2 [ --incremental --mcsat ]
  vanilla-yices2: 0.0062s FAIL(rc=18)
  esat-2007: 0.0052s FAIL(rc=18)
[879/938] /Users/e35480/git/kn-yices2-2/tests/regress/mcsat/uf/incremental/ufnra_05.smt2 [ --incremental --mcsat ]
  esat-2007: 0.0049s FAIL(rc=18)
  vanilla-yices2: 0.0053s FAIL(rc=18)
[880/938] /Users/e35480/git/kn-yices2-2/tests/regress/mcsat/uf/incremental/ufnra_06.smt2 [ --incremental --mcsat ]
  vanilla-yices2: 0.0054s FAIL(rc=18)
  esat-2007: 0.0048s FAIL(rc=18)
[881/938] /Users/e35480/git/kn-yices2-2/tests/regress/mcsat/uf/PEQ012_size3.smt2
  esat-2007: 0.0053s FAIL(rc=19)
  vanilla-yices2: 0.0053s FAIL(rc=19)
[882/938] /Users/e35480/git/kn-yices2-2/tests/regress/mcsat/uf/uf_00.smt2
  vanilla-yices2: 0.0048s FAIL(rc=19)
  esat-2007: 0.0051s FAIL(rc=19)
[883/938] /Users/e35480/git/kn-yices2-2/tests/regress/mcsat/uf/uf_01.smt2
  esat-2007: 0.0058s FAIL(rc=19)
  vanilla-yices2: 0.0058s FAIL(rc=19)
[884/938] /Users/e35480/git/kn-yices2-2/tests/regress/mcsat/uf/uf_02.smt2
  vanilla-yices2: 0.0060s FAIL(rc=19)
  esat-2007: 0.0050s FAIL(rc=19)
[885/938] /Users/e35480/git/kn-yices2-2/tests/regress/mcsat/uf/uf_03.smt2
  esat-2007: 0.0048s FAIL(rc=19)
  vanilla-yices2: 0.0050s FAIL(rc=19)
[886/938] /Users/e35480/git/kn-yices2-2/tests/regress/mcsat/uf/uf_04.smt2
  vanilla-yices2: 0.0047s FAIL(rc=19)
  esat-2007: 0.0046s FAIL(rc=19)
[887/938] /Users/e35480/git/kn-yices2-2/tests/regress/mcsat/uf/uf_05.smt2 [ --mcsat ]
  esat-2007: 0.0046s FAIL(rc=18)
  vanilla-yices2: 0.0048s FAIL(rc=18)
[888/938] /Users/e35480/git/kn-yices2-2/tests/regress/mcsat/uf/ufnra_00.smt2
  vanilla-yices2: 0.0049s FAIL(rc=0)
  esat-2007: 0.0049s FAIL(rc=0)
[889/938] /Users/e35480/git/kn-yices2-2/tests/regress/mcsat/uf/ufnra_01.smt2
  esat-2007: 0.0049s FAIL(rc=0)
  vanilla-yices2: 0.0049s FAIL(rc=0)
[890/938] /Users/e35480/git/kn-yices2-2/tests/regress/mcsat/uf/ufnra_02.smt2
  vanilla-yices2: 0.0051s FAIL(rc=0)
  esat-2007: 0.0058s FAIL(rc=0)
[891/938] /Users/e35480/git/kn-yices2-2/tests/regress/mcsat/uf/ufnra_03.smt2
  esat-2007: 0.0053s FAIL(rc=0)
  vanilla-yices2: 0.0051s FAIL(rc=0)
[892/938] /Users/e35480/git/kn-yices2-2/tests/regress/mcsat/uf/ufnra_04.smt2
  vanilla-yices2: 0.0055s FAIL(rc=0)
  esat-2007: 0.0054s FAIL(rc=0)
[893/938] /Users/e35480/git/kn-yices2-2/tests/regress/mcsat/uf/ufnra_05.smt2
  esat-2007: 0.0051s FAIL(rc=0)
  vanilla-yices2: 0.0055s FAIL(rc=0)
[894/938] /Users/e35480/git/kn-yices2-2/tests/regress/mcsat/uf/ufnra_06.smt2
  vanilla-yices2: 0.0057s FAIL(rc=0)
  esat-2007: 0.0055s FAIL(rc=0)
[895/938] /Users/e35480/git/kn-yices2-2/tests/regress/mcsat/uf/z3.630166.smt2
  esat-2007: 0.0054s FAIL(rc=0)
  vanilla-yices2: 0.0056s FAIL(rc=0)
[896/938] /Users/e35480/git/kn-yices2-2/tests/regress/mcsat/uf/z3.631468.smt2
  vanilla-yices2: 0.0057s FAIL(rc=0)
  esat-2007: 0.0057s FAIL(rc=0)
[897/938] /Users/e35480/git/kn-yices2-2/tests/regress/mcsat/uf/z3.641736.smt2
  esat-2007: 0.0056s FAIL(rc=0)
  vanilla-yices2: 0.0052s FAIL(rc=0)
[898/938] /Users/e35480/git/kn-yices2-2/tests/regress/tptp/tptp_830326_ARI376=1.smt2
  vanilla-yices2: 0.0058s PASS
  esat-2007: 0.0055s PASS
[899/938] /Users/e35480/git/kn-yices2-2/tests/regress/tptp/tptp_830327_ARI369=1.smt2
  esat-2007: 0.0055s PASS
  vanilla-yices2: 0.0061s PASS
[900/938] /Users/e35480/git/kn-yices2-2/tests/regress/tptp/tptp_830328_ARI355=1.smt2
  vanilla-yices2: 0.0054s PASS
  esat-2007: 0.0050s PASS
[901/938] /Users/e35480/git/kn-yices2-2/tests/regress/tptp/tptp_830329_NUM914=1.smt2
  esat-2007: 0.0053s PASS
  vanilla-yices2: 0.0050s PASS
[902/938] /Users/e35480/git/kn-yices2-2/tests/regress/tptp/tptp_830330_NUM907=1.smt2
  vanilla-yices2: 0.0050s PASS
  esat-2007: 0.0051s PASS
[903/938] /Users/e35480/git/kn-yices2-2/tests/regress/tptp/tptp_830331_ARI389=1.smt2
  esat-2007: 0.0049s PASS
  vanilla-yices2: 0.0048s PASS
[904/938] /Users/e35480/git/kn-yices2-2/tests/regress/tptp/tptp_830332_ARI383=1.smt2
  vanilla-yices2: 0.0057s PASS
  esat-2007: 0.0047s PASS
[905/938] /Users/e35480/git/kn-yices2-2/tests/regress/tptp/tptp_830333_ARI398=1.smt2
  esat-2007: 0.0051s PASS
  vanilla-yices2: 0.0065s PASS
[906/938] /Users/e35480/git/kn-yices2-2/tests/regress/tptp/tptp_830334_ARI349=1.smt2
  vanilla-yices2: 0.0053s PASS
  esat-2007: 0.0051s PASS
[907/938] /Users/e35480/git/kn-yices2-2/tests/regress/tptp/tptp_830335_ARI362=1.smt2
  esat-2007: 0.0049s PASS
  vanilla-yices2: 0.0051s PASS
[908/938] /Users/e35480/git/kn-yices2-2/tests/regress/tptp/tptp_830336_ARI356=1.smt2
  vanilla-yices2: 0.0048s PASS
  esat-2007: 0.0050s PASS
[909/938] /Users/e35480/git/kn-yices2-2/tests/regress/tptp/tptp_830337_NUM910=1.smt2
  esat-2007: 0.0050s PASS
  vanilla-yices2: 0.0047s PASS
[910/938] /Users/e35480/git/kn-yices2-2/tests/regress/tptp/tptp_830338_ARI400=1.smt2
  vanilla-yices2: 0.0049s PASS
  esat-2007: 0.0047s PASS
[911/938] /Users/e35480/git/kn-yices2-2/tests/regress/tptp/tptp_830339_ARI370=1.smt2
  esat-2007: 0.0049s PASS
  vanilla-yices2: 0.0052s PASS
[912/938] /Users/e35480/git/kn-yices2-2/tests/regress/tptp/tptp_830340_ARI371=1.smt2
  vanilla-yices2: 0.0052s PASS
  esat-2007: 0.0050s PASS
[913/938] /Users/e35480/git/kn-yices2-2/tests/regress/tptp/tptp_830341_ARI361=1.smt2
  esat-2007: 0.0050s PASS
  vanilla-yices2: 0.0050s PASS
[914/938] /Users/e35480/git/kn-yices2-2/tests/regress/tptp/tptp_830342_ARI357=1.smt2
  vanilla-yices2: 0.0051s PASS
  esat-2007: 0.0048s PASS
[915/938] /Users/e35480/git/kn-yices2-2/tests/regress/tptp/tptp_830343_ARI396=1.smt2
  esat-2007: 0.0049s PASS
  vanilla-yices2: 0.0048s PASS
[916/938] /Users/e35480/git/kn-yices2-2/tests/regress/tptp/tptp_830344_ARI348=1.smt2
  vanilla-yices2: 0.0047s PASS
  esat-2007: 0.0051s PASS
[917/938] /Users/e35480/git/kn-yices2-2/tests/regress/tptp/tptp_830345_ARI397=1.smt2
  esat-2007: 0.0048s PASS
  vanilla-yices2: 0.0048s PASS
[918/938] /Users/e35480/git/kn-yices2-2/tests/regress/tptp/tptp_830346_ARI388=1.smt2
  vanilla-yices2: 0.0050s PASS
  esat-2007: 0.0052s PASS
[919/938] /Users/e35480/git/kn-yices2-2/tests/regress/tptp/tptp_830347_NUM903=1.smt2
  esat-2007: 0.0050s PASS
  vanilla-yices2: 0.0051s PASS
[920/938] /Users/e35480/git/kn-yices2-2/tests/regress/tptp/tptp_830348_ARI375=1.smt2
  vanilla-yices2: 0.0058s PASS
  esat-2007: 0.0054s PASS
[921/938] /Users/e35480/git/kn-yices2-2/tests/regress/tptp/tptp_830349_ARI384=1.smt2
  esat-2007: 0.0057s PASS
  vanilla-yices2: 0.0060s PASS
[922/938] /Users/e35480/git/kn-yices2-2/tests/regress/tptp/tptp_830350_ARI382=1.smt2
  vanilla-yices2: 0.0056s PASS
  esat-2007: 0.0060s PASS
[923/938] /Users/e35480/git/kn-yices2-2/tests/regress/wd/c6b_i.smt2
  esat-2007: 0.0265s PASS
  vanilla-yices2: 0.0272s PASS
[924/938] /Users/e35480/git/kn-yices2-2/tests/regress/wd/c6b_succ_i.smt2
  vanilla-yices2: 0.0215s PASS
  esat-2007: 0.0207s PASS
[925/938] /Users/e35480/git/kn-yices2-2/tests/regress/wd/c6b_succ_i_unint.smt2
  esat-2007: 0.0433s PASS
  vanilla-yices2: 0.0437s PASS
[926/938] /Users/e35480/git/kn-yices2-2/tests/regress/wd/cliffordwolf2.smt2 [ --incremental ]
  vanilla-yices2: 0.0059s FAIL(rc=18)
  esat-2007: 0.0049s FAIL(rc=18)
[927/938] /Users/e35480/git/kn-yices2-2/tests/regress/wd/parser-bug-reduced.smt2
  esat-2007: 0.0049s FAIL(rc=18)
  vanilla-yices2: 0.0045s FAIL(rc=18)
[928/938] /Users/e35480/git/kn-yices2-2/tests/regress/wd/prp-1-22.smt2
  vanilla-yices2: 0.0058s PASS
  esat-2007: 0.0058s PASS
[929/938] /Users/e35480/git/kn-yices2-2/tests/regress/wd/prp-1-31.smt2
  esat-2007: 0.0074s PASS
  vanilla-yices2: 0.0074s PASS
[930/938] /Users/e35480/git/kn-yices2-2/tests/regress/wd/prp-2-18.smt2
  vanilla-yices2: 0.0080s PASS
  esat-2007: 0.0083s PASS
[931/938] /Users/e35480/git/kn-yices2-2/tests/regress/wd/prp-24-47.smt2
  esat-2007: 0.1646s PASS
  vanilla-yices2: 0.1138s PASS
[932/938] /Users/e35480/git/kn-yices2-2/tests/regress/wd/prp-5-17.smt2
  vanilla-yices2: 0.0086s PASS
  esat-2007: 0.0074s PASS
[933/938] /Users/e35480/git/kn-yices2-2/tests/regress/wd/simple_startup_4nodes.abstract.base.smt2
  esat-2007: 0.0071s PASS
  vanilla-yices2: 0.0064s PASS
[934/938] /Users/e35480/git/kn-yices2-2/tests/regress/wd/simple_startup_4nodes.abstract.induct.smt2
  vanilla-yices2: 0.2360s PASS
  esat-2007: 0.2678s PASS
[935/938] /Users/e35480/git/kn-yices2-2/tests/regress/wd/simple_startup_4nodes.bug.induct.smt2
  esat-2007: 0.0126s PASS
  vanilla-yices2: 0.0193s PASS
[936/938] /Users/e35480/git/kn-yices2-2/tests/regress/wd/simple_startup_4nodes.missing.induct.smt2
  vanilla-yices2: 0.0160s PASS
  esat-2007: 0.0140s PASS
[937/938] /Users/e35480/git/kn-yices2-2/tests/regress/wd/simple_startup_4nodes.synchro.base.smt2
  esat-2007: 0.0074s PASS
  vanilla-yices2: 0.0067s PASS
[938/938] /Users/e35480/git/kn-yices2-2/tests/regress/wd/simple_startup_4nodes.synchro.induct.smt2
  vanilla-yices2: 0.0086s PASS
  esat-2007: 0.0102s PASS

CSV: /Users/e35480/git/kn-yices2-2/benchmarks/20260418-esat-vs-vanilla/results.csv
Summary: /Users/e35480/git/kn-yices2-2/benchmarks/20260418-esat-vs-vanilla/summary.txt
Plot: /Users/e35480/git/kn-yices2-2/benchmarks/20260418-esat-vs-vanilla/cactus.svg
Common passing benchmarks: 742
Mismatches/failures: 196
